serie,zone,indicateur,annee,valeur
BCEAO/IMECO/BBBSR1015A0BP,benin,pib_nominal,1965,252.8
BCEAO/IMECO/BBBSR1015A0BP,benin,pib_nominal,1966,261.9
BCEAO/IMECO/BBBSR1015A0BP,benin,pib_nominal,1967,264.7
BCEAO/IMECO/BBBSR1015A0BP,benin,pib_nominal,1968,274.9
BCEAO/IMECO/BBBSR1015A0BP,benin,pib_nominal,1969,282.8
BCEAO/IMECO/BBBSR1015A0BP,benin,pib_nominal,1970,288.7
BCEAO/IMECO/BBBSR1015A0BP,benin,pib_nominal,1971,284.5
BCEAO/IMECO/BBBSR1015A0BP,benin,pib_nominal,1972,302.8
BCEAO/IMECO/BBBSR1015A0BP,benin,pib_nominal,1973,313.8
BCEAO/IMECO/BBBSR1015A0BP,benin,pib_nominal,1974,324.6
BCEAO/IMECO/BBBSR1015A0BP,benin,pib_nominal,1975,308.8
BCEAO/IMECO/BBBSR1015A0BP,benin,pib_nominal,1976,311.4
BCEAO/IMECO/BBBSR1015A0BP,benin,pib_nominal,1977,327.0
BCEAO/IMECO/BBBSR1015A0BP,benin,pib_nominal,1978,330.9
BCEAO/IMECO/BBBSR1015A0BP,benin,pib_nominal,1979,352.6
BCEAO/IMECO/BBBSR1015A0BP,benin,pib_nominal,1980,376.6
BCEAO/IMECO/BBBSR1015A0BP,benin,pib_nominal,1981,414.5
BCEAO/IMECO/BBBSR1015A0BP,benin,pib_nominal,1982,423.6
BCEAO/IMECO/BBBSR1015A0BP,benin,pib_nominal,1983,405.1
BCEAO/IMECO/BBBSR1015A0BP,benin,pib_nominal,1984,436.9
BCEAO/IMECO/BBBSR1015A0BP,benin,pib_nominal,1985,469.8
BCEAO/IMECO/BBBSR1015A0BP,benin,pib_nominal,1986,479.9
BCEAO/IMECO/BBBSR1015A0BP,benin,pib_nominal,1987,472.7
BCEAO/IMECO/BBBSR1015A0BP,benin,pib_nominal,1988,488.9
BCEAO/IMECO/BBBSR1015A0BP,benin,pib_nominal,1989,474.9
BCEAO/IMECO/BBBSR1015A0BP,benin,pib_nominal,1990,736.32
BCEAO/IMECO/BBBSR1015A0BP,benin,pib_nominal,1991,777.19
BCEAO/IMECO/BBBSR1015A0BP,benin,pib_nominal,1992,823.65
BCEAO/IMECO/BBBSR1015A0BP,benin,pib_nominal,1993,895.59
BCEAO/IMECO/BBBSR1015A0BP,benin,pib_nominal,1994,1223.43
BCEAO/IMECO/BBBSR1015A0BP,benin,pib_nominal,1995,1494.75
BCEAO/IMECO/BBBSR1015A0BP,benin,pib_nominal,1996,1674.52
BCEAO/IMECO/BBBSR1015A0BP,benin,pib_nominal,1997,1836.52
BCEAO/IMECO/BBBSR1015A0BP,benin,pib_nominal,1998,2018.79
BCEAO/IMECO/BBBSR1015A0BP,benin,pib_nominal,1999,2263.34
BCEAO/IMECO/BBBSR1015A0BP,benin,pib_nominal,2000,2499.93
BCEAO/IMECO/BBBSR1015A0BP,benin,pib_nominal,2001,2685.13
BCEAO/IMECO/BBBSR1015A0BP,benin,pib_nominal,2002,2909.67
BCEAO/IMECO/BBBSR1015A0BP,benin,pib_nominal,2003,3102.02
BCEAO/IMECO/BBBSR1015A0BP,benin,pib_nominal,2004,3264.37
BCEAO/IMECO/BBBSR1015A0BP,benin,pib_nominal,2005,3462.85
BCEAO/IMECO/BBBSR1015A0BP,benin,pib_nominal,2006,3674.8
BCEAO/IMECO/BBBSR1015A0BP,benin,pib_nominal,2007,3909.98
BCEAO/IMECO/BBBSR1015A0BP,benin,pib_nominal,2008,4365.33
BCEAO/IMECO/BBBSR1015A0BP,benin,pib_nominal,2009,4580.01
BCEAO/IMECO/BBBSR1015A0BP,benin,pib_nominal,2010,4718.03
BCEAO/IMECO/BBBSR1015A0BP,benin,pib_nominal,2011,5039.21
BCEAO/IMECO/BBBSR1015A0BP,benin,pib_nominal,2012,5688.29
BCEAO/IMECO/BBBSR1015A0BP,benin,pib_nominal,2013,6182.56
BCEAO/IMECO/BBBSR1015A0BP,benin,pib_nominal,2014,6559.33
BCEAO/IMECO/BBBSR1015A0BP,benin,pib_nominal,2015,6732.81
BCEAO/IMECO/BBBSR1015A0BP,benin,pib_nominal,2016,7005.2
BCEAO/IMECO/BBBSR1015A0BP,benin,pib_nominal,2017,7375.3
BCEAO/IMECO/BBBSR1015A0BP,benin,pib_nominal,2018,7922.0
BCEAO/IMECO/BBBSR1015A0BP,benin,pib_nominal,2019,8432.2
BCEAO/IMECO/BBBSR1015A0BP,benin,pib_nominal,2020,9008.8
BCEAO/IMECO/BBBSR1015A0BP,benin,pib_nominal,2021,9809.69
BCEAO/IMECO/BBBSR1015A0BP,benin,pib_nominal,2022,10854.5
BCEAO/IMECO/BBBSR1015A0BP,benin,pib_nominal,2023,11934.9
BCEAO/IMECO/BBBSR1015A0BP,benin,pib_nominal,2024,12970.0
BCEAO/IMECO/CCCSR1015A0BP,burkina,pib_nominal,1960,57.7
BCEAO/IMECO/CCCSR1015A0BP,burkina,pib_nominal,1961,61.2
BCEAO/IMECO/CCCSR1015A0BP,burkina,pib_nominal,1962,65.0
BCEAO/IMECO/CCCSR1015A0BP,burkina,pib_nominal,1963,67.1
BCEAO/IMECO/CCCSR1015A0BP,burkina,pib_nominal,1964,69.2
BCEAO/IMECO/CCCSR1015A0BP,burkina,pib_nominal,1965,70.1
BCEAO/IMECO/CCCSR1015A0BP,burkina,pib_nominal,1966,71.4
BCEAO/IMECO/CCCSR1015A0BP,burkina,pib_nominal,1967,69.9
BCEAO/IMECO/CCCSR1015A0BP,burkina,pib_nominal,1968,80.9
BCEAO/IMECO/CCCSR1015A0BP,burkina,pib_nominal,1969,81.7
BCEAO/IMECO/CCCSR1015A0BP,burkina,pib_nominal,1970,90.4
BCEAO/IMECO/CCCSR1015A0BP,burkina,pib_nominal,1971,99.6
BCEAO/IMECO/CCCSR1015A0BP,burkina,pib_nominal,1972,99.5
BCEAO/IMECO/CCCSR1015A0BP,burkina,pib_nominal,1973,97.5
BCEAO/IMECO/CCCSR1015A0BP,burkina,pib_nominal,1974,109.6
BCEAO/IMECO/CCCSR1015A0BP,burkina,pib_nominal,1975,117.6
BCEAO/IMECO/CCCSR1015A0BP,burkina,pib_nominal,1976,147.2
BCEAO/IMECO/CCCSR1015A0BP,burkina,pib_nominal,1977,159.3
BCEAO/IMECO/CCCSR1015A0BP,burkina,pib_nominal,1978,222.5
BCEAO/IMECO/CCCSR1015A0BP,burkina,pib_nominal,1979,252.5
BCEAO/IMECO/CCCSR1015A0BP,burkina,pib_nominal,1980,272.1
BCEAO/IMECO/CCCSR1015A0BP,burkina,pib_nominal,1981,324.6
BCEAO/IMECO/CCCSR1015A0BP,burkina,pib_nominal,1982,356.6
BCEAO/IMECO/CCCSR1015A0BP,burkina,pib_nominal,1983,381.0
BCEAO/IMECO/CCCSR1015A0BP,burkina,pib_nominal,1984,390.6
BCEAO/IMECO/CCCSR1015A0BP,burkina,pib_nominal,1985,663.1
BCEAO/IMECO/CCCSR1015A0BP,burkina,pib_nominal,1986,666.4
BCEAO/IMECO/CCCSR1015A0BP,burkina,pib_nominal,1987,667.9
BCEAO/IMECO/CCCSR1015A0BP,burkina,pib_nominal,1988,728.7
BCEAO/IMECO/CCCSR1015A0BP,burkina,pib_nominal,1989,777.8
BCEAO/IMECO/CCCSR1015A0BP,burkina,pib_nominal,1990,949.67
BCEAO/IMECO/CCCSR1015A0BP,burkina,pib_nominal,1991,994.77
BCEAO/IMECO/CCCSR1015A0BP,burkina,pib_nominal,1992,999.19
BCEAO/IMECO/CCCSR1015A0BP,burkina,pib_nominal,1993,1019.12
BCEAO/IMECO/CCCSR1015A0BP,burkina,pib_nominal,1994,1183.58
BCEAO/IMECO/CCCSR1015A0BP,burkina,pib_nominal,1995,1335.97
BCEAO/IMECO/CCCSR1015A0BP,burkina,pib_nominal,1996,1488.09
BCEAO/IMECO/CCCSR1015A0BP,burkina,pib_nominal,1997,1606.83
BCEAO/IMECO/CCCSR1015A0BP,burkina,pib_nominal,1998,1861.16
BCEAO/IMECO/CCCSR1015A0BP,burkina,pib_nominal,1999,2086.19
BCEAO/IMECO/CCCSR1015A0BP,burkina,pib_nominal,2000,2108.16
BCEAO/IMECO/CCCSR1015A0BP,burkina,pib_nominal,2001,2336.62
BCEAO/IMECO/CCCSR1015A0BP,burkina,pib_nominal,2002,2512.87
BCEAO/IMECO/CCCSR1015A0BP,burkina,pib_nominal,2003,2749.16
BCEAO/IMECO/CCCSR1015A0BP,burkina,pib_nominal,2004,2874.88
BCEAO/IMECO/CCCSR1015A0BP,burkina,pib_nominal,2005,3240.72
BCEAO/IMECO/CCCSR1015A0BP,burkina,pib_nominal,2006,3420.54
BCEAO/IMECO/CCCSR1015A0BP,burkina,pib_nominal,2007,3649.93
BCEAO/IMECO/CCCSR1015A0BP,burkina,pib_nominal,2008,4215.34
BCEAO/IMECO/CCCSR1015A0BP,burkina,pib_nominal,2009,4444.6
BCEAO/IMECO/CCCSR1015A0BP,burkina,pib_nominal,2010,5002.18
BCEAO/IMECO/CCCSR1015A0BP,burkina,pib_nominal,2011,5692.82
BCEAO/IMECO/CCCSR1015A0BP,burkina,pib_nominal,2012,6413.11
BCEAO/IMECO/CCCSR1015A0BP,burkina,pib_nominal,2013,6640.14
BCEAO/IMECO/CCCSR1015A0BP,burkina,pib_nominal,2014,6884.47
BCEAO/IMECO/CCCSR1015A0BP,burkina,pib_nominal,2015,6995.31
BCEAO/IMECO/CCCSR1015A0BP,burkina,pib_nominal,2016,7605.1
BCEAO/IMECO/CCCSR1015A0BP,burkina,pib_nominal,2017,8191.3
BCEAO/IMECO/CCCSR1015A0BP,burkina,pib_nominal,2018,8826.1
BCEAO/IMECO/CCCSR1015A0BP,burkina,pib_nominal,2019,9393.8
BCEAO/IMECO/CCCSR1015A0BP,burkina,pib_nominal,2020,10202.3
BCEAO/IMECO/CCCSR1015A0BP,burkina,pib_nominal,2021,10922.88
BCEAO/IMECO/CCCSR1015A0BP,burkina,pib_nominal,2022,11876.3
BCEAO/IMECO/CCCSR1015A0BP,burkina,pib_nominal,2023,12490.2
BCEAO/IMECO/CCCSR1015A0BP,burkina,pib_nominal,2024,13689.9
BCEAO/IMECO/AAASR1015A0BP,cote_ivoire,pib_nominal,1960,140.7
BCEAO/IMECO/AAASR1015A0BP,cote_ivoire,pib_nominal,1961,159.3
BCEAO/IMECO/AAASR1015A0BP,cote_ivoire,pib_nominal,1962,166.1
BCEAO/IMECO/AAASR1015A0BP,cote_ivoire,pib_nominal,1963,195.9
BCEAO/IMECO/AAASR1015A0BP,cote_ivoire,pib_nominal,1964,237.1
BCEAO/IMECO/AAASR1015A0BP,cote_ivoire,pib_nominal,1965,236.8
BCEAO/IMECO/AAASR1015A0BP,cote_ivoire,pib_nominal,1966,236.8
BCEAO/IMECO/AAASR1015A0BP,cote_ivoire,pib_nominal,1967,257.3
BCEAO/IMECO/AAASR1015A0BP,cote_ivoire,pib_nominal,1968,274.4
BCEAO/IMECO/AAASR1015A0BP,cote_ivoire,pib_nominal,1969,325.1
BCEAO/IMECO/AAASR1015A0BP,cote_ivoire,pib_nominal,1970,364.0
BCEAO/IMECO/AAASR1015A0BP,cote_ivoire,pib_nominal,1971,414.0
BCEAO/IMECO/AAASR1015A0BP,cote_ivoire,pib_nominal,1972,439.3
BCEAO/IMECO/AAASR1015A0BP,cote_ivoire,pib_nominal,1973,471.6
BCEAO/IMECO/AAASR1015A0BP,cote_ivoire,pib_nominal,1974,559.1
BCEAO/IMECO/AAASR1015A0BP,cote_ivoire,pib_nominal,1975,566.2
BCEAO/IMECO/AAASR1015A0BP,cote_ivoire,pib_nominal,1976,739.0
BCEAO/IMECO/AAASR1015A0BP,cote_ivoire,pib_nominal,1977,834.5
BCEAO/IMECO/AAASR1015A0BP,cote_ivoire,pib_nominal,1978,939.9
BCEAO/IMECO/AAASR1015A0BP,cote_ivoire,pib_nominal,1979,1539.2
BCEAO/IMECO/AAASR1015A0BP,cote_ivoire,pib_nominal,1980,1782.8
BCEAO/IMECO/AAASR1015A0BP,cote_ivoire,pib_nominal,1981,1944.9
BCEAO/IMECO/AAASR1015A0BP,cote_ivoire,pib_nominal,1982,2149.9
BCEAO/IMECO/AAASR1015A0BP,cote_ivoire,pib_nominal,1983,2291.4
BCEAO/IMECO/AAASR1015A0BP,cote_ivoire,pib_nominal,1984,2486.6
BCEAO/IMECO/AAASR1015A0BP,cote_ivoire,pib_nominal,1985,3135.0
BCEAO/IMECO/AAASR1015A0BP,cote_ivoire,pib_nominal,1986,3172.0
BCEAO/IMECO/AAASR1015A0BP,cote_ivoire,pib_nominal,1987,3031.8
BCEAO/IMECO/AAASR1015A0BP,cote_ivoire,pib_nominal,1988,3054.5
BCEAO/IMECO/AAASR1015A0BP,cote_ivoire,pib_nominal,1989,3109.5
BCEAO/IMECO/AAASR1015A0BP,cote_ivoire,pib_nominal,1990,3725.61
BCEAO/IMECO/AAASR1015A0BP,cote_ivoire,pib_nominal,1991,4089.15
BCEAO/IMECO/AAASR1015A0BP,cote_ivoire,pib_nominal,1992,4076.32
BCEAO/IMECO/AAASR1015A0BP,cote_ivoire,pib_nominal,1993,4073.26
BCEAO/IMECO/AAASR1015A0BP,cote_ivoire,pib_nominal,1994,5883.59
BCEAO/IMECO/AAASR1015A0BP,cote_ivoire,pib_nominal,1995,7558.21
BCEAO/IMECO/AAASR1015A0BP,cote_ivoire,pib_nominal,1996,8584.26
BCEAO/IMECO/AAASR1015A0BP,cote_ivoire,pib_nominal,1997,9457.93
BCEAO/IMECO/AAASR1015A0BP,cote_ivoire,pib_nominal,1998,10285.48
BCEAO/IMECO/AAASR1015A0BP,cote_ivoire,pib_nominal,1999,10533.97
BCEAO/IMECO/AAASR1015A0BP,cote_ivoire,pib_nominal,2000,10547.73
BCEAO/IMECO/AAASR1015A0BP,cote_ivoire,pib_nominal,2001,11341.65
BCEAO/IMECO/AAASR1015A0BP,cote_ivoire,pib_nominal,2002,11896.02
BCEAO/IMECO/AAASR1015A0BP,cote_ivoire,pib_nominal,2003,12297.64
BCEAO/IMECO/AAASR1015A0BP,cote_ivoire,pib_nominal,2004,12089.31
BCEAO/IMECO/AAASR1015A0BP,cote_ivoire,pib_nominal,2005,12456.78
BCEAO/IMECO/AAASR1015A0BP,cote_ivoire,pib_nominal,2006,12866.77
BCEAO/IMECO/AAASR1015A0BP,cote_ivoire,pib_nominal,2007,13477.74
BCEAO/IMECO/AAASR1015A0BP,cote_ivoire,pib_nominal,2008,14994.95
BCEAO/IMECO/AAASR1015A0BP,cote_ivoire,pib_nominal,2009,15845.23
BCEAO/IMECO/AAASR1015A0BP,cote_ivoire,pib_nominal,2010,17035.94
BCEAO/IMECO/AAASR1015A0BP,cote_ivoire,pib_nominal,2011,16743.15
BCEAO/IMECO/AAASR1015A0BP,cote_ivoire,pib_nominal,2012,18907.19
BCEAO/IMECO/AAASR1015A0BP,cote_ivoire,pib_nominal,2013,21351.39
BCEAO/IMECO/AAASR1015A0BP,cote_ivoire,pib_nominal,2014,24137.13
BCEAO/IMECO/AAASR1015A0BP,cote_ivoire,pib_nominal,2015,27086.37
BCEAO/IMECO/AAASR1015A0BP,cote_ivoire,pib_nominal,2016,28686.7
BCEAO/IMECO/AAASR1015A0BP,cote_ivoire,pib_nominal,2017,30491.6
BCEAO/IMECO/AAASR1015A0BP,cote_ivoire,pib_nominal,2018,32506.1
BCEAO/IMECO/AAASR1015A0BP,cote_ivoire,pib_nominal,2019,35379.0
BCEAO/IMECO/AAASR1015A0BP,cote_ivoire,pib_nominal,2020,36278.0
BCEAO/IMECO/AAASR1015A0BP,cote_ivoire,pib_nominal,2021,40366.86
BCEAO/IMECO/AAASR1015A0BP,cote_ivoire,pib_nominal,2022,43771.2
BCEAO/IMECO/AAASR1015A0BP,cote_ivoire,pib_nominal,2023,47790.9
BCEAO/IMECO/AAASR1015A0BP,cote_ivoire,pib_nominal,2024,52400.0
BCEAO/IMECO/SSSSR1015A0BP,guinee_bissau,pib_nominal,1990,167.47
BCEAO/IMECO/SSSSR1015A0BP,guinee_bissau,pib_nominal,1991,177.33
BCEAO/IMECO/SSSSR1015A0BP,guinee_bissau,pib_nominal,1992,131.04
BCEAO/IMECO/SSSSR1015A0BP,guinee_bissau,pib_nominal,1993,149.89
BCEAO/IMECO/SSSSR1015A0BP,guinee_bissau,pib_nominal,1994,317.53
BCEAO/IMECO/SSSSR1015A0BP,guinee_bissau,pib_nominal,1995,304.21
BCEAO/IMECO/SSSSR1015A0BP,guinee_bissau,pib_nominal,1996,328.31
BCEAO/IMECO/SSSSR1015A0BP,guinee_bissau,pib_nominal,1997,407.46
BCEAO/IMECO/SSSSR1015A0BP,guinee_bissau,pib_nominal,1998,348.68
BCEAO/IMECO/SSSSR1015A0BP,guinee_bissau,pib_nominal,1999,356.71
BCEAO/IMECO/SSSSR1015A0BP,guinee_bissau,pib_nominal,2000,277.94
BCEAO/IMECO/SSSSR1015A0BP,guinee_bissau,pib_nominal,2001,302.2
BCEAO/IMECO/SSSSR1015A0BP,guinee_bissau,pib_nominal,2002,323.81
BCEAO/IMECO/SSSSR1015A0BP,guinee_bissau,pib_nominal,2003,321.04
BCEAO/IMECO/SSSSR1015A0BP,guinee_bissau,pib_nominal,2004,307.0
BCEAO/IMECO/SSSSR1015A0BP,guinee_bissau,pib_nominal,2005,337.33
BCEAO/IMECO/SSSSR1015A0BP,guinee_bissau,pib_nominal,2006,331.63
BCEAO/IMECO/SSSSR1015A0BP,guinee_bissau,pib_nominal,2007,360.49
BCEAO/IMECO/SSSSR1015A0BP,guinee_bissau,pib_nominal,2008,424.89
BCEAO/IMECO/SSSSR1015A0BP,guinee_bissau,pib_nominal,2009,418.64
BCEAO/IMECO/SSSSR1015A0BP,guinee_bissau,pib_nominal,2010,465.16
BCEAO/IMECO/SSSSR1015A0BP,guinee_bissau,pib_nominal,2011,545.27
BCEAO/IMECO/SSSSR1015A0BP,guinee_bissau,pib_nominal,2012,535.78
BCEAO/IMECO/SSSSR1015A0BP,guinee_bissau,pib_nominal,2013,548.07
BCEAO/IMECO/SSSSR1015A0BP,guinee_bissau,pib_nominal,2014,560.54
BCEAO/IMECO/SSSSR1015A0BP,guinee_bissau,pib_nominal,2015,681.3
BCEAO/IMECO/SSSSR1015A0BP,guinee_bissau,pib_nominal,2016,737.8
BCEAO/IMECO/SSSSR1015A0BP,guinee_bissau,pib_nominal,2017,853.6
BCEAO/IMECO/SSSSR1015A0BP,guinee_bissau,pib_nominal,2018,863.2
BCEAO/IMECO/SSSSR1015A0BP,guinee_bissau,pib_nominal,2019,930.9
BCEAO/IMECO/SSSSR1015A0BP,guinee_bissau,pib_nominal,2020,969.1
BCEAO/IMECO/SSSSR1015A0BP,guinee_bissau,pib_nominal,2021,1041.77
BCEAO/IMECO/SSSSR1015A0BP,guinee_bissau,pib_nominal,2022,1147.1
BCEAO/IMECO/SSSSR1015A0BP,guinee_bissau,pib_nominal,2023,1260.9
BCEAO/IMECO/SSSSR1015A0BP,guinee_bissau,pib_nominal,2024,1337.8
BCEAO/IMECO/DDDSR1015A0BP,mali,pib_nominal,1960,68.0
BCEAO/IMECO/DDDSR1015A0BP,mali,pib_nominal,1961,72.0
BCEAO/IMECO/DDDSR1015A0BP,mali,pib_nominal,1962,90.4
BCEAO/IMECO/DDDSR1015A0BP,mali,pib_nominal,1963,94.6
BCEAO/IMECO/DDDSR1015A0BP,mali,pib_nominal,1964,103.8
BCEAO/IMECO/DDDSR1015A0BP,mali,pib_nominal,1965,65.3
BCEAO/IMECO/DDDSR1015A0BP,mali,pib_nominal,1966,67.8
BCEAO/IMECO/DDDSR1015A0BP,mali,pib_nominal,1967,76.3
BCEAO/IMECO/DDDSR1015A0BP,mali,pib_nominal,1968,83.5
BCEAO/IMECO/DDDSR1015A0BP,mali,pib_nominal,1969,94.1
BCEAO/IMECO/DDDSR1015A0BP,mali,pib_nominal,1970,96.4
BCEAO/IMECO/DDDSR1015A0BP,mali,pib_nominal,1971,99.5
BCEAO/IMECO/DDDSR1015A0BP,mali,pib_nominal,1972,136.5
BCEAO/IMECO/DDDSR1015A0BP,mali,pib_nominal,1973,151.0
BCEAO/IMECO/DDDSR1015A0BP,mali,pib_nominal,1974,197.9
BCEAO/IMECO/DDDSR1015A0BP,mali,pib_nominal,1975,211.7
BCEAO/IMECO/DDDSR1015A0BP,mali,pib_nominal,1976,260.4
BCEAO/IMECO/DDDSR1015A0BP,mali,pib_nominal,1977,356.0
BCEAO/IMECO/DDDSR1015A0BP,mali,pib_nominal,1978,378.6
BCEAO/IMECO/DDDSR1015A0BP,mali,pib_nominal,1979,409.8
BCEAO/IMECO/DDDSR1015A0BP,mali,pib_nominal,1980,465.6
BCEAO/IMECO/DDDSR1015A0BP,mali,pib_nominal,1981,531.9
BCEAO/IMECO/DDDSR1015A0BP,mali,pib_nominal,1982,551.4
BCEAO/IMECO/DDDSR1015A0BP,mali,pib_nominal,1983,586.9
BCEAO/IMECO/DDDSR1015A0BP,mali,pib_nominal,1984,590.3
BCEAO/IMECO/DDDSR1015A0BP,mali,pib_nominal,1985,551.4
BCEAO/IMECO/DDDSR1015A0BP,mali,pib_nominal,1986,586.9
BCEAO/IMECO/DDDSR1015A0BP,mali,pib_nominal,1987,590.3
BCEAO/IMECO/DDDSR1015A0BP,mali,pib_nominal,1988,585.8
BCEAO/IMECO/DDDSR1015A0BP,mali,pib_nominal,1989,644.9
BCEAO/IMECO/DDDSR1015A0BP,mali,pib_nominal,1990,743.77
BCEAO/IMECO/DDDSR1015A0BP,mali,pib_nominal,1991,848.5
BCEAO/IMECO/DDDSR1015A0BP,mali,pib_nominal,1992,819.32
BCEAO/IMECO/DDDSR1015A0BP,mali,pib_nominal,1993,872.42
BCEAO/IMECO/DDDSR1015A0BP,mali,pib_nominal,1994,1239.99
BCEAO/IMECO/DDDSR1015A0BP,mali,pib_nominal,1995,1424.43
BCEAO/IMECO/DDDSR1015A0BP,mali,pib_nominal,1996,1610.26
BCEAO/IMECO/DDDSR1015A0BP,mali,pib_nominal,1997,1676.16
BCEAO/IMECO/DDDSR1015A0BP,mali,pib_nominal,1998,1932.12
BCEAO/IMECO/DDDSR1015A0BP,mali,pib_nominal,1999,2117.67
BCEAO/IMECO/DDDSR1015A0BP,mali,pib_nominal,2000,2103.27
BCEAO/IMECO/DDDSR1015A0BP,mali,pib_nominal,2001,2540.2
BCEAO/IMECO/DDDSR1015A0BP,mali,pib_nominal,2002,2711.11
BCEAO/IMECO/DDDSR1015A0BP,mali,pib_nominal,2003,2733.68
BCEAO/IMECO/DDDSR1015A0BP,mali,pib_nominal,2004,2876.24
BCEAO/IMECO/DDDSR1015A0BP,mali,pib_nominal,2005,3294.06
BCEAO/IMECO/DDDSR1015A0BP,mali,pib_nominal,2006,3607.84
BCEAO/IMECO/DDDSR1015A0BP,mali,pib_nominal,2007,3903.96
BCEAO/IMECO/DDDSR1015A0BP,mali,pib_nominal,2008,4366.47
BCEAO/IMECO/DDDSR1015A0BP,mali,pib_nominal,2009,4807.34
BCEAO/IMECO/DDDSR1015A0BP,mali,pib_nominal,2010,5288.94
BCEAO/IMECO/DDDSR1015A0BP,mali,pib_nominal,2011,6123.93
BCEAO/IMECO/DDDSR1015A0BP,mali,pib_nominal,2012,6352.36
BCEAO/IMECO/DDDSR1015A0BP,mali,pib_nominal,2013,6540.56
BCEAO/IMECO/DDDSR1015A0BP,mali,pib_nominal,2014,8365.95
BCEAO/IMECO/DDDSR1015A0BP,mali,pib_nominal,2015,9212.99
BCEAO/IMECO/DDDSR1015A0BP,mali,pib_nominal,2016,9922.5
BCEAO/IMECO/DDDSR1015A0BP,mali,pib_nominal,2017,10630.9
BCEAO/IMECO/DDDSR1015A0BP,mali,pib_nominal,2018,11313.4
BCEAO/IMECO/DDDSR1015A0BP,mali,pib_nominal,2019,11998.0
BCEAO/IMECO/DDDSR1015A0BP,mali,pib_nominal,2020,11913.8
BCEAO/IMECO/DDDSR1015A0BP,mali,pib_nominal,2021,12753.77
BCEAO/IMECO/DDDSR1015A0BP,mali,pib_nominal,2022,13956.0
BCEAO/IMECO/DDDSR1015A0BP,mali,pib_nominal,2023,14934.7
BCEAO/IMECO/DDDSR1015A0BP,mali,pib_nominal,2024,15967.3
BCEAO/IMECO/HHHSR1015A0BP,niger,pib_nominal,1960,47.6
BCEAO/IMECO/HHHSR1015A0BP,niger,pib_nominal,1961,58.1
BCEAO/IMECO/HHHSR1015A0BP,niger,pib_nominal,1962,60.9
BCEAO/IMECO/HHHSR1015A0BP,niger,pib_nominal,1963,64.1
BCEAO/IMECO/HHHSR1015A0BP,niger,pib_nominal,1964,66.4
BCEAO/IMECO/HHHSR1015A0BP,niger,pib_nominal,1965,74.1
BCEAO/IMECO/HHHSR1015A0BP,niger,pib_nominal,1966,96.0
BCEAO/IMECO/HHHSR1015A0BP,niger,pib_nominal,1967,97.6
BCEAO/IMECO/HHHSR1015A0BP,niger,pib_nominal,1968,95.5
BCEAO/IMECO/HHHSR1015A0BP,niger,pib_nominal,1969,97.8
BCEAO/IMECO/HHHSR1015A0BP,niger,pib_nominal,1970,100.9
BCEAO/IMECO/HHHSR1015A0BP,niger,pib_nominal,1971,102.3
BCEAO/IMECO/HHHSR1015A0BP,niger,pib_nominal,1972,103.3
BCEAO/IMECO/HHHSR1015A0BP,niger,pib_nominal,1973,104.3
BCEAO/IMECO/HHHSR1015A0BP,niger,pib_nominal,1974,100.2
BCEAO/IMECO/HHHSR1015A0BP,niger,pib_nominal,1975,180.4
BCEAO/IMECO/HHHSR1015A0BP,niger,pib_nominal,1976,237.9
BCEAO/IMECO/HHHSR1015A0BP,niger,pib_nominal,1977,288.8
BCEAO/IMECO/HHHSR1015A0BP,niger,pib_nominal,1978,359.1
BCEAO/IMECO/HHHSR1015A0BP,niger,pib_nominal,1979,443.1
BCEAO/IMECO/HHHSR1015A0BP,niger,pib_nominal,1980,536.2
BCEAO/IMECO/HHHSR1015A0BP,niger,pib_nominal,1981,601.5
BCEAO/IMECO/HHHSR1015A0BP,niger,pib_nominal,1982,663.1
BCEAO/IMECO/HHHSR1015A0BP,niger,pib_nominal,1983,687.2
BCEAO/IMECO/HHHSR1015A0BP,niger,pib_nominal,1984,638.4
BCEAO/IMECO/HHHSR1015A0BP,niger,pib_nominal,1985,647.1
BCEAO/IMECO/HHHSR1015A0BP,niger,pib_nominal,1986,647.5
BCEAO/IMECO/HHHSR1015A0BP,niger,pib_nominal,1987,646.4
BCEAO/IMECO/HHHSR1015A0BP,niger,pib_nominal,1988,667.8
BCEAO/IMECO/HHHSR1015A0BP,niger,pib_nominal,1989,664.5
BCEAO/IMECO/HHHSR1015A0BP,niger,pib_nominal,1990,888.07
BCEAO/IMECO/HHHSR1015A0BP,niger,pib_nominal,1991,882.17
BCEAO/IMECO/HHHSR1015A0BP,niger,pib_nominal,1992,864.2
BCEAO/IMECO/HHHSR1015A0BP,niger,pib_nominal,1993,848.99
BCEAO/IMECO/HHHSR1015A0BP,niger,pib_nominal,1994,1032.2
BCEAO/IMECO/HHHSR1015A0BP,niger,pib_nominal,1995,1101.45
BCEAO/IMECO/HHHSR1015A0BP,niger,pib_nominal,1996,1198.84
BCEAO/IMECO/HHHSR1015A0BP,niger,pib_nominal,1997,1256.74
BCEAO/IMECO/HHHSR1015A0BP,niger,pib_nominal,1998,1537.64
BCEAO/IMECO/HHHSR1015A0BP,niger,pib_nominal,1999,1552.89
BCEAO/IMECO/HHHSR1015A0BP,niger,pib_nominal,2000,1601.76
BCEAO/IMECO/HHHSR1015A0BP,niger,pib_nominal,2001,1806.65
BCEAO/IMECO/HHHSR1015A0BP,niger,pib_nominal,2002,1967.63
BCEAO/IMECO/HHHSR1015A0BP,niger,pib_nominal,2003,2067.64
BCEAO/IMECO/HHHSR1015A0BP,niger,pib_nominal,2004,2076.41
BCEAO/IMECO/HHHSR1015A0BP,niger,pib_nominal,2005,2418.86
BCEAO/IMECO/HHHSR1015A0BP,niger,pib_nominal,2006,2596.97
BCEAO/IMECO/HHHSR1015A0BP,niger,pib_nominal,2007,2762.96
BCEAO/IMECO/HHHSR1015A0BP,niger,pib_nominal,2008,3247.84
BCEAO/IMECO/HHHSR1015A0BP,niger,pib_nominal,2009,3403.68
BCEAO/IMECO/HHHSR1015A0BP,niger,pib_nominal,2010,3779.68
BCEAO/IMECO/HHHSR1015A0BP,niger,pib_nominal,2011,4058.43
BCEAO/IMECO/HHHSR1015A0BP,niger,pib_nominal,2012,4679.85
BCEAO/IMECO/HHHSR1015A0BP,niger,pib_nominal,2013,5013.24
BCEAO/IMECO/HHHSR1015A0BP,niger,pib_nominal,2014,5377.79
BCEAO/IMECO/HHHSR1015A0BP,niger,pib_nominal,2015,5725.17
BCEAO/IMECO/HHHSR1015A0BP,niger,pib_nominal,2016,6162.4
BCEAO/IMECO/HHHSR1015A0BP,niger,pib_nominal,2017,6494.7
BCEAO/IMECO/HHHSR1015A0BP,niger,pib_nominal,2018,7114.5
BCEAO/IMECO/HHHSR1015A0BP,niger,pib_nominal,2019,7567.9
BCEAO/IMECO/HHHSR1015A0BP,niger,pib_nominal,2020,7911.0
BCEAO/IMECO/HHHSR1015A0BP,niger,pib_nominal,2021,8270.86
BCEAO/IMECO/HHHSR1015A0BP,niger,pib_nominal,2022,9632.0
BCEAO/IMECO/HHHSR1015A0BP,niger,pib_nominal,2023,10124.7
BCEAO/IMECO/HHHSR1015A0BP,niger,pib_nominal,2024,11796.5
BCEAO/IMECO/KKKSR1015A0BP,senegal,pib_nominal,1960,150.7
BCEAO/IMECO/KKKSR1015A0BP,senegal,pib_nominal,1961,162.6
BCEAO/IMECO/KKKSR1015A0BP,senegal,pib_nominal,1962,172.2
BCEAO/IMECO/KKKSR1015A0BP,senegal,pib_nominal,1963,179.3
BCEAO/IMECO/KKKSR1015A0BP,senegal,pib_nominal,1964,190.8
BCEAO/IMECO/KKKSR1015A0BP,senegal,pib_nominal,1965,199.7
BCEAO/IMECO/KKKSR1015A0BP,senegal,pib_nominal,1966,206.3
BCEAO/IMECO/KKKSR1015A0BP,senegal,pib_nominal,1967,206.5
BCEAO/IMECO/KKKSR1015A0BP,senegal,pib_nominal,1968,218.3
BCEAO/IMECO/KKKSR1015A0BP,senegal,pib_nominal,1969,218.0
BCEAO/IMECO/KKKSR1015A0BP,senegal,pib_nominal,1970,241.5
BCEAO/IMECO/KKKSR1015A0BP,senegal,pib_nominal,1971,248.4
BCEAO/IMECO/KKKSR1015A0BP,senegal,pib_nominal,1972,275.1
BCEAO/IMECO/KKKSR1015A0BP,senegal,pib_nominal,1973,279.7
BCEAO/IMECO/KKKSR1015A0BP,senegal,pib_nominal,1974,340.3
BCEAO/IMECO/KKKSR1015A0BP,senegal,pib_nominal,1975,408.5
BCEAO/IMECO/KKKSR1015A0BP,senegal,pib_nominal,1976,461.8
BCEAO/IMECO/KKKSR1015A0BP,senegal,pib_nominal,1977,486.1
BCEAO/IMECO/KKKSR1015A0BP,senegal,pib_nominal,1978,498.5
BCEAO/IMECO/KKKSR1015A0BP,senegal,pib_nominal,1979,585.2
BCEAO/IMECO/KKKSR1015A0BP,senegal,pib_nominal,1980,631.0
BCEAO/IMECO/KKKSR1015A0BP,senegal,pib_nominal,1981,673.6
BCEAO/IMECO/KKKSR1015A0BP,senegal,pib_nominal,1982,848.9
BCEAO/IMECO/KKKSR1015A0BP,senegal,pib_nominal,1983,944.9
BCEAO/IMECO/KKKSR1015A0BP,senegal,pib_nominal,1984,1021.2
BCEAO/IMECO/KKKSR1015A0BP,senegal,pib_nominal,1985,1158.5
BCEAO/IMECO/KKKSR1015A0BP,senegal,pib_nominal,1986,1303.3
BCEAO/IMECO/KKKSR1015A0BP,senegal,pib_nominal,1987,1382.3
BCEAO/IMECO/KKKSR1015A0BP,senegal,pib_nominal,1988,1483.3
BCEAO/IMECO/KKKSR1015A0BP,senegal,pib_nominal,1989,1475.9
BCEAO/IMECO/KKKSR1015A0BP,senegal,pib_nominal,1990,2139.32
BCEAO/IMECO/KKKSR1015A0BP,senegal,pib_nominal,1991,2153.88
BCEAO/IMECO/KKKSR1015A0BP,senegal,pib_nominal,1992,2214.22
BCEAO/IMECO/KKKSR1015A0BP,senegal,pib_nominal,1993,2134.55
BCEAO/IMECO/KKKSR1015A0BP,senegal,pib_nominal,1994,2615.63
BCEAO/IMECO/KKKSR1015A0BP,senegal,pib_nominal,1995,3010.45
BCEAO/IMECO/KKKSR1015A0BP,senegal,pib_nominal,1996,3295.45
BCEAO/IMECO/KKKSR1015A0BP,senegal,pib_nominal,1997,3519.44
BCEAO/IMECO/KKKSR1015A0BP,senegal,pib_nominal,1998,3810.05
BCEAO/IMECO/KKKSR1015A0BP,senegal,pib_nominal,1999,4057.71
BCEAO/IMECO/KKKSR1015A0BP,senegal,pib_nominal,2000,4270.61
BCEAO/IMECO/KKKSR1015A0BP,senegal,pib_nominal,2001,4766.32
BCEAO/IMECO/KKKSR1015A0BP,senegal,pib_nominal,2002,4860.43
BCEAO/IMECO/KKKSR1015A0BP,senegal,pib_nominal,2003,5084.96
BCEAO/IMECO/KKKSR1015A0BP,senegal,pib_nominal,2004,5313.89
BCEAO/IMECO/KKKSR1015A0BP,senegal,pib_nominal,2005,5804.6
BCEAO/IMECO/KKKSR1015A0BP,senegal,pib_nominal,2006,6111.29
BCEAO/IMECO/KKKSR1015A0BP,senegal,pib_nominal,2007,6698.1
BCEAO/IMECO/KKKSR1015A0BP,senegal,pib_nominal,2008,7516.88
BCEAO/IMECO/KKKSR1015A0BP,senegal,pib_nominal,2009,7593.3
BCEAO/IMECO/KKKSR1015A0BP,senegal,pib_nominal,2010,7976.73
BCEAO/IMECO/KKKSR1015A0BP,senegal,pib_nominal,2011,8394.96
BCEAO/IMECO/KKKSR1015A0BP,senegal,pib_nominal,2012,9016.87
BCEAO/IMECO/KKKSR1015A0BP,senegal,pib_nominal,2013,9343.92
BCEAO/IMECO/KKKSR1015A0BP,senegal,pib_nominal,2014,9775.04
BCEAO/IMECO/KKKSR1015A0BP,senegal,pib_nominal,2015,10508.65
BCEAO/IMECO/KKKSR1015A0BP,senegal,pib_nominal,2016,11283.4
BCEAO/IMECO/KKKSR1015A0BP,senegal,pib_nominal,2017,12191.8
BCEAO/IMECO/KKKSR1015A0BP,senegal,pib_nominal,2018,12840.1
BCEAO/IMECO/KKKSR1015A0BP,senegal,pib_nominal,2019,13712.7
BCEAO/IMECO/KKKSR1015A0BP,senegal,pib_nominal,2020,14119.4
BCEAO/IMECO/KKKSR1015A0BP,senegal,pib_nominal,2021,15261.12
BCEAO/IMECO/KKKSR1015A0BP,senegal,pib_nominal,2022,17227.9
BCEAO/IMECO/KKKSR1015A0BP,senegal,pib_nominal,2023,18711.7
BCEAO/IMECO/KKKSR1015A0BP,senegal,pib_nominal,2024,20365.6
BCEAO/IMECO/TTTSR1015A0BP,togo,pib_nominal,1963,32.4
BCEAO/IMECO/TTTSR1015A0BP,togo,pib_nominal,1964,38.4
BCEAO/IMECO/TTTSR1015A0BP,togo,pib_nominal,1965,43.5
BCEAO/IMECO/TTTSR1015A0BP,togo,pib_nominal,1966,53.1
BCEAO/IMECO/TTTSR1015A0BP,togo,pib_nominal,1967,57.0
BCEAO/IMECO/TTTSR1015A0BP,togo,pib_nominal,1968,59.9
BCEAO/IMECO/TTTSR1015A0BP,togo,pib_nominal,1969,69.6
BCEAO/IMECO/TTTSR1015A0BP,togo,pib_nominal,1970,73.7
BCEAO/IMECO/TTTSR1015A0BP,togo,pib_nominal,1971,81.9
BCEAO/IMECO/TTTSR1015A0BP,togo,pib_nominal,1972,87.6
BCEAO/IMECO/TTTSR1015A0BP,togo,pib_nominal,1973,90.4
BCEAO/IMECO/TTTSR1015A0BP,togo,pib_nominal,1974,130.7
BCEAO/IMECO/TTTSR1015A0BP,togo,pib_nominal,1975,128.3
BCEAO/IMECO/TTTSR1015A0BP,togo,pib_nominal,1976,136.3
BCEAO/IMECO/TTTSR1015A0BP,togo,pib_nominal,1977,168.8
BCEAO/IMECO/TTTSR1015A0BP,togo,pib_nominal,1978,188.8
BCEAO/IMECO/TTTSR1015A0BP,togo,pib_nominal,1979,212.8
BCEAO/IMECO/TTTSR1015A0BP,togo,pib_nominal,1980,238.4
BCEAO/IMECO/TTTSR1015A0BP,togo,pib_nominal,1981,258.0
BCEAO/IMECO/TTTSR1015A0BP,togo,pib_nominal,1982,269.7
BCEAO/IMECO/TTTSR1015A0BP,togo,pib_nominal,1983,298.0
BCEAO/IMECO/TTTSR1015A0BP,togo,pib_nominal,1984,313.8
BCEAO/IMECO/TTTSR1015A0BP,togo,pib_nominal,1985,342.5
BCEAO/IMECO/TTTSR1015A0BP,togo,pib_nominal,1986,367.4
BCEAO/IMECO/TTTSR1015A0BP,togo,pib_nominal,1987,375.4
BCEAO/IMECO/TTTSR1015A0BP,togo,pib_nominal,1988,412.1
BCEAO/IMECO/TTTSR1015A0BP,togo,pib_nominal,1989,431.6
BCEAO/IMECO/TTTSR1015A0BP,togo,pib_nominal,1990,687.76
BCEAO/IMECO/TTTSR1015A0BP,togo,pib_nominal,1991,704.12
BCEAO/IMECO/TTTSR1015A0BP,togo,pib_nominal,1992,692.78
BCEAO/IMECO/TTTSR1015A0BP,togo,pib_nominal,1993,564.94
BCEAO/IMECO/TTTSR1015A0BP,togo,pib_nominal,1994,858.5
BCEAO/IMECO/TTTSR1015A0BP,togo,pib_nominal,1995,1019.32
BCEAO/IMECO/TTTSR1015A0BP,togo,pib_nominal,1996,1141.78
BCEAO/IMECO/TTTSR1015A0BP,togo,pib_nominal,1997,1326.67
BCEAO/IMECO/TTTSR1015A0BP,togo,pib_nominal,1998,1269.1
BCEAO/IMECO/TTTSR1015A0BP,togo,pib_nominal,1999,1326.91
BCEAO/IMECO/TTTSR1015A0BP,togo,pib_nominal,2000,1496.23
BCEAO/IMECO/TTTSR1015A0BP,togo,pib_nominal,2001,1533.19
BCEAO/IMECO/TTTSR1015A0BP,togo,pib_nominal,2002,1671.88
BCEAO/IMECO/TTTSR1015A0BP,togo,pib_nominal,2003,1732.66
BCEAO/IMECO/TTTSR1015A0BP,togo,pib_nominal,2004,1682.93
BCEAO/IMECO/TTTSR1015A0BP,togo,pib_nominal,2005,1698.71
BCEAO/IMECO/TTTSR1015A0BP,togo,pib_nominal,2006,1734.93
BCEAO/IMECO/TTTSR1015A0BP,togo,pib_nominal,2007,1799.65
BCEAO/IMECO/TTTSR1015A0BP,togo,pib_nominal,2008,2042.17
BCEAO/IMECO/TTTSR1015A0BP,togo,pib_nominal,2009,2220.67
BCEAO/IMECO/TTTSR1015A0BP,togo,pib_nominal,2010,2348.49
BCEAO/IMECO/TTTSR1015A0BP,togo,pib_nominal,2011,2555.32
BCEAO/IMECO/TTTSR1015A0BP,togo,pib_nominal,2012,2763.92
BCEAO/IMECO/TTTSR1015A0BP,togo,pib_nominal,2013,2974.13
BCEAO/IMECO/TTTSR1015A0BP,togo,pib_nominal,2014,3156.75
BCEAO/IMECO/TTTSR1015A0BP,togo,pib_nominal,2015,3402.69
BCEAO/IMECO/TTTSR1015A0BP,togo,pib_nominal,2016,3597.8
BCEAO/IMECO/TTTSR1015A0BP,togo,pib_nominal,2017,3708.9
BCEAO/IMECO/TTTSR1015A0BP,togo,pib_nominal,2018,3904.4
BCEAO/IMECO/TTTSR1015A0BP,togo,pib_nominal,2019,4097.1
BCEAO/IMECO/TTTSR1015A0BP,togo,pib_nominal,2020,4259.3
BCEAO/IMECO/TTTSR1015A0BP,togo,pib_nominal,2021,4625.84
BCEAO/IMECO/TTTSR1015A0BP,togo,pib_nominal,2022,5104.8
BCEAO/IMECO/TTTSR1015A0BP,togo,pib_nominal,2023,5613.2
BCEAO/IMECO/TTTSR1015A0BP,togo,pib_nominal,2024,6098.4
BCEAO/IMECO/ZZZSR1015A0BP,uemoa,pib_nominal,1963,633.4
BCEAO/IMECO/ZZZSR1015A0BP,uemoa,pib_nominal,1964,705.7
BCEAO/IMECO/ZZZSR1015A0BP,uemoa,pib_nominal,1965,942.3
BCEAO/IMECO/ZZZSR1015A0BP,uemoa,pib_nominal,1966,993.3
BCEAO/IMECO/ZZZSR1015A0BP,uemoa,pib_nominal,1967,1029.3
BCEAO/IMECO/ZZZSR1015A0BP,uemoa,pib_nominal,1968,1087.4
BCEAO/IMECO/ZZZSR1015A0BP,uemoa,pib_nominal,1969,1169.1
BCEAO/IMECO/ZZZSR1015A0BP,uemoa,pib_nominal,1970,1255.6
BCEAO/IMECO/ZZZSR1015A0BP,uemoa,pib_nominal,1971,1330.2
BCEAO/IMECO/ZZZSR1015A0BP,uemoa,pib_nominal,1972,1444.1
BCEAO/IMECO/ZZZSR1015A0BP,uemoa,pib_nominal,1973,1508.3
BCEAO/IMECO/ZZZSR1015A0BP,uemoa,pib_nominal,1974,1762.4
BCEAO/IMECO/ZZZSR1015A0BP,uemoa,pib_nominal,1975,1921.5
BCEAO/IMECO/ZZZSR1015A0BP,uemoa,pib_nominal,1976,2294.0
BCEAO/IMECO/ZZZSR1015A0BP,uemoa,pib_nominal,1977,2620.5
BCEAO/IMECO/ZZZSR1015A0BP,uemoa,pib_nominal,1978,2918.3
BCEAO/IMECO/ZZZSR1015A0BP,uemoa,pib_nominal,1979,3795.2
BCEAO/IMECO/ZZZSR1015A0BP,uemoa,pib_nominal,1980,4302.7
BCEAO/IMECO/ZZZSR1015A0BP,uemoa,pib_nominal,1981,4749.0
BCEAO/IMECO/ZZZSR1015A0BP,uemoa,pib_nominal,1982,5263.2
BCEAO/IMECO/ZZZSR1015A0BP,uemoa,pib_nominal,1983,5594.5
BCEAO/IMECO/ZZZSR1015A0BP,uemoa,pib_nominal,1984,5877.8
BCEAO/IMECO/ZZZSR1015A0BP,uemoa,pib_nominal,1985,6967.4
BCEAO/IMECO/ZZZSR1015A0BP,uemoa,pib_nominal,1986,7223.4
BCEAO/IMECO/ZZZSR1015A0BP,uemoa,pib_nominal,1987,7166.8
BCEAO/IMECO/ZZZSR1015A0BP,uemoa,pib_nominal,1988,7421.1
BCEAO/IMECO/ZZZSR1015A0BP,uemoa,pib_nominal,1989,7579.1
BCEAO/IMECO/ZZZSR1015A0BP,uemoa,pib_nominal,1990,10037.99
BCEAO/IMECO/ZZZSR1015A0BP,uemoa,pib_nominal,1991,10611.21
BCEAO/IMECO/ZZZSR1015A0BP,uemoa,pib_nominal,1992,12427.99
BCEAO/IMECO/ZZZSR1015A0BP,uemoa,pib_nominal,1993,14043.71
BCEAO/IMECO/ZZZSR1015A0BP,uemoa,pib_nominal,1994,17055.12
BCEAO/IMECO/ZZZSR1015A0BP,uemoa,pib_nominal,1995,19148.51
BCEAO/IMECO/ZZZSR1015A0BP,uemoa,pib_nominal,1996,21022.73
BCEAO/IMECO/ZZZSR1015A0BP,uemoa,pib_nominal,1997,22163.8
BCEAO/IMECO/ZZZSR1015A0BP,uemoa,pib_nominal,1998,23325.27
BCEAO/IMECO/ZZZSR1015A0BP,uemoa,pib_nominal,1999,25103.08
BCEAO/IMECO/ZZZSR1015A0BP,uemoa,pib_nominal,2000,26253.92
BCEAO/IMECO/ZZZSR1015A0BP,uemoa,pib_nominal,2001,28267.94
BCEAO/IMECO/ZZZSR1015A0BP,uemoa,pib_nominal,2002,29046.71
BCEAO/IMECO/ZZZSR1015A0BP,uemoa,pib_nominal,2003,30247.93
BCEAO/IMECO/ZZZSR1015A0BP,uemoa,pib_nominal,2004,31262.48
BCEAO/IMECO/ZZZSR1015A0BP,uemoa,pib_nominal,2005,33734.87
BCEAO/IMECO/ZZZSR1015A0BP,uemoa,pib_nominal,2006,36472.95
BCEAO/IMECO/ZZZSR1015A0BP,uemoa,pib_nominal,2007,38930.3
BCEAO/IMECO/ZZZSR1015A0BP,uemoa,pib_nominal,2008,41173.87
BCEAO/IMECO/ZZZSR1015A0BP,uemoa,pib_nominal,2009,43313.47
BCEAO/IMECO/ZZZSR1015A0BP,uemoa,pib_nominal,2010,46615.16
BCEAO/IMECO/ZZZSR1015A0BP,uemoa,pib_nominal,2011,49153.09
BCEAO/IMECO/ZZZSR1015A0BP,uemoa,pib_nominal,2012,54357.37
BCEAO/IMECO/ZZZSR1015A0BP,uemoa,pib_nominal,2013,58594.01
BCEAO/IMECO/ZZZSR1015A0BP,uemoa,pib_nominal,2014,64817.0
BCEAO/IMECO/ZZZSR1015A0BP,uemoa,pib_nominal,2015,70345.3
BCEAO/IMECO/ZZZSR1015A0BP,uemoa,pib_nominal,2016,75001.0
BCEAO/IMECO/ZZZSR1015A0BP,uemoa,pib_nominal,2017,79938.1
BCEAO/IMECO/ZZZSR1015A0BP,uemoa,pib_nominal,2018,85289.8
BCEAO/IMECO/ZZZSR1015A0BP,uemoa,pib_nominal,2019,91511.6
BCEAO/IMECO/ZZZSR1015A0BP,uemoa,pib_nominal,2020,94661.6
BCEAO/IMECO/ZZZSR1015A0BP,uemoa,pib_nominal,2021,103052.79
BCEAO/IMECO/ZZZSR1015A0BP,uemoa,pib_nominal,2022,113569.9
BCEAO/IMECO/ZZZSR1015A0BP,uemoa,pib_nominal,2023,122861.1
BCEAO/IMECO/ZZZSR1015A0BP,uemoa,pib_nominal,2024,134625.4
BCEAO/IMECO/BBBSR1041A0BP,benin,croissance_reelle,1990,2.7
BCEAO/IMECO/BBBSR1041A0BP,benin,croissance_reelle,1991,4.22
BCEAO/IMECO/BBBSR1041A0BP,benin,croissance_reelle,1992,2.96
BCEAO/IMECO/BBBSR1041A0BP,benin,croissance_reelle,1993,5.84
BCEAO/IMECO/BBBSR1041A0BP,benin,croissance_reelle,1994,2.02
BCEAO/IMECO/BBBSR1041A0BP,benin,croissance_reelle,1995,6.05
BCEAO/IMECO/BBBSR1041A0BP,benin,croissance_reelle,1996,4.32
BCEAO/IMECO/BBBSR1041A0BP,benin,croissance_reelle,1997,5.73
BCEAO/IMECO/BBBSR1041A0BP,benin,croissance_reelle,1998,3.96
BCEAO/IMECO/BBBSR1041A0BP,benin,croissance_reelle,1999,5.34
BCEAO/IMECO/BBBSR1041A0BP,benin,croissance_reelle,2000,5.86
BCEAO/IMECO/BBBSR1041A0BP,benin,croissance_reelle,2001,5.34
BCEAO/IMECO/BBBSR1041A0BP,benin,croissance_reelle,2002,4.64
BCEAO/IMECO/BBBSR1041A0BP,benin,croissance_reelle,2003,3.44
BCEAO/IMECO/BBBSR1041A0BP,benin,croissance_reelle,2004,4.43
BCEAO/IMECO/BBBSR1041A0BP,benin,croissance_reelle,2005,1.72
BCEAO/IMECO/BBBSR1041A0BP,benin,croissance_reelle,2006,3.94
BCEAO/IMECO/BBBSR1041A0BP,benin,croissance_reelle,2007,5.99
BCEAO/IMECO/BBBSR1041A0BP,benin,croissance_reelle,2008,4.9
BCEAO/IMECO/BBBSR1041A0BP,benin,croissance_reelle,2009,2.32
BCEAO/IMECO/BBBSR1041A0BP,benin,croissance_reelle,2010,2.11
BCEAO/IMECO/BBBSR1041A0BP,benin,croissance_reelle,2011,2.96
BCEAO/IMECO/BBBSR1041A0BP,benin,croissance_reelle,2012,4.81
BCEAO/IMECO/BBBSR1041A0BP,benin,croissance_reelle,2013,7.19
BCEAO/IMECO/BBBSR1041A0BP,benin,croissance_reelle,2014,6.36
BCEAO/IMECO/BBBSR1041A0BP,benin,croissance_reelle,2015,1.78
BCEAO/IMECO/BBBSR1041A0BP,benin,croissance_reelle,2016,3.3
BCEAO/IMECO/BBBSR1041A0BP,benin,croissance_reelle,2017,5.7
BCEAO/IMECO/BBBSR1041A0BP,benin,croissance_reelle,2018,6.7
BCEAO/IMECO/BBBSR1041A0BP,benin,croissance_reelle,2019,6.9
BCEAO/IMECO/BBBSR1041A0BP,benin,croissance_reelle,2020,3.8
BCEAO/IMECO/BBBSR1041A0BP,benin,croissance_reelle,2021,7.16
BCEAO/IMECO/BBBSR1041A0BP,benin,croissance_reelle,2022,6.3
BCEAO/IMECO/BBBSR1041A0BP,benin,croissance_reelle,2023,6.4
BCEAO/IMECO/BBBSR1041A0BP,benin,croissance_reelle,2024,6.8
BCEAO/IMECO/CCCSR1041A0BP,burkina,croissance_reelle,1990,-1.0
BCEAO/IMECO/CCCSR1041A0BP,burkina,croissance_reelle,1991,9.07
BCEAO/IMECO/CCCSR1041A0BP,burkina,croissance_reelle,1992,0.23
BCEAO/IMECO/CCCSR1041A0BP,burkina,croissance_reelle,1993,3.46
BCEAO/IMECO/CCCSR1041A0BP,burkina,croissance_reelle,1994,1.31
BCEAO/IMECO/CCCSR1041A0BP,burkina,croissance_reelle,1995,5.72
BCEAO/IMECO/CCCSR1041A0BP,burkina,croissance_reelle,1996,11.01
BCEAO/IMECO/CCCSR1041A0BP,burkina,croissance_reelle,1997,6.32
BCEAO/IMECO/CCCSR1041A0BP,burkina,croissance_reelle,1998,7.31
BCEAO/IMECO/CCCSR1041A0BP,burkina,croissance_reelle,1999,7.33
BCEAO/IMECO/CCCSR1041A0BP,burkina,croissance_reelle,2000,4.21
BCEAO/IMECO/CCCSR1041A0BP,burkina,croissance_reelle,2001,6.61
BCEAO/IMECO/CCCSR1041A0BP,burkina,croissance_reelle,2002,4.35
BCEAO/IMECO/CCCSR1041A0BP,burkina,croissance_reelle,2003,7.8
BCEAO/IMECO/CCCSR1041A0BP,burkina,croissance_reelle,2004,4.48
BCEAO/IMECO/CCCSR1041A0BP,burkina,croissance_reelle,2005,8.66
BCEAO/IMECO/CCCSR1041A0BP,burkina,croissance_reelle,2006,6.25
BCEAO/IMECO/CCCSR1041A0BP,burkina,croissance_reelle,2007,4.11
BCEAO/IMECO/CCCSR1041A0BP,burkina,croissance_reelle,2008,5.8
BCEAO/IMECO/CCCSR1041A0BP,burkina,croissance_reelle,2009,2.96
BCEAO/IMECO/CCCSR1041A0BP,burkina,croissance_reelle,2010,8.45
BCEAO/IMECO/CCCSR1041A0BP,burkina,croissance_reelle,2011,6.62
BCEAO/IMECO/CCCSR1041A0BP,burkina,croissance_reelle,2012,6.45
BCEAO/IMECO/CCCSR1041A0BP,burkina,croissance_reelle,2013,5.79
BCEAO/IMECO/CCCSR1041A0BP,burkina,croissance_reelle,2014,4.33
BCEAO/IMECO/CCCSR1041A0BP,burkina,croissance_reelle,2015,1.61
BCEAO/IMECO/CCCSR1041A0BP,burkina,croissance_reelle,2016,6.0
BCEAO/IMECO/CCCSR1041A0BP,burkina,croissance_reelle,2017,6.2
BCEAO/IMECO/CCCSR1041A0BP,burkina,croissance_reelle,2018,6.6
BCEAO/IMECO/CCCSR1041A0BP,burkina,croissance_reelle,2019,5.9
BCEAO/IMECO/CCCSR1041A0BP,burkina,croissance_reelle,2020,2.0
BCEAO/IMECO/CCCSR1041A0BP,burkina,croissance_reelle,2021,6.94
BCEAO/IMECO/CCCSR1041A0BP,burkina,croissance_reelle,2022,1.5
BCEAO/IMECO/CCCSR1041A0BP,burkina,croissance_reelle,2023,3.0
BCEAO/IMECO/CCCSR1041A0BP,burkina,croissance_reelle,2024,5.1
BCEAO/IMECO/AAASR1041A0BP,cote_ivoire,croissance_reelle,1990,-1.6
BCEAO/IMECO/AAASR1041A0BP,cote_ivoire,croissance_reelle,1991,0.0
BCEAO/IMECO/AAASR1041A0BP,cote_ivoire,croissance_reelle,1992,-0.1
BCEAO/IMECO/AAASR1041A0BP,cote_ivoire,croissance_reelle,1993,-0.41
BCEAO/IMECO/AAASR1041A0BP,cote_ivoire,croissance_reelle,1994,2.1
BCEAO/IMECO/AAASR1041A0BP,cote_ivoire,croissance_reelle,1995,7.1
BCEAO/IMECO/AAASR1041A0BP,cote_ivoire,croissance_reelle,1996,6.9
BCEAO/IMECO/AAASR1041A0BP,cote_ivoire,croissance_reelle,1997,5.72
BCEAO/IMECO/AAASR1041A0BP,cote_ivoire,croissance_reelle,1998,4.93
BCEAO/IMECO/AAASR1041A0BP,cote_ivoire,croissance_reelle,1999,1.62
BCEAO/IMECO/AAASR1041A0BP,cote_ivoire,croissance_reelle,2000,-2.07
BCEAO/IMECO/AAASR1041A0BP,cote_ivoire,croissance_reelle,2001,0.12
BCEAO/IMECO/AAASR1041A0BP,cote_ivoire,croissance_reelle,2002,-1.67
BCEAO/IMECO/AAASR1041A0BP,cote_ivoire,croissance_reelle,2003,-1.36
BCEAO/IMECO/AAASR1041A0BP,cote_ivoire,croissance_reelle,2004,1.23
BCEAO/IMECO/AAASR1041A0BP,cote_ivoire,croissance_reelle,2005,1.72
BCEAO/IMECO/AAASR1041A0BP,cote_ivoire,croissance_reelle,2006,1.52
BCEAO/IMECO/AAASR1041A0BP,cote_ivoire,croissance_reelle,2007,1.77
BCEAO/IMECO/AAASR1041A0BP,cote_ivoire,croissance_reelle,2008,2.54
BCEAO/IMECO/AAASR1041A0BP,cote_ivoire,croissance_reelle,2009,3.25
BCEAO/IMECO/AAASR1041A0BP,cote_ivoire,croissance_reelle,2010,2.02
BCEAO/IMECO/AAASR1041A0BP,cote_ivoire,croissance_reelle,2011,-4.2
BCEAO/IMECO/AAASR1041A0BP,cote_ivoire,croissance_reelle,2012,10.1
BCEAO/IMECO/AAASR1041A0BP,cote_ivoire,croissance_reelle,2013,9.27
BCEAO/IMECO/AAASR1041A0BP,cote_ivoire,croissance_reelle,2014,8.79
BCEAO/IMECO/AAASR1041A0BP,cote_ivoire,croissance_reelle,2015,8.82
BCEAO/IMECO/AAASR1041A0BP,cote_ivoire,croissance_reelle,2016,7.2
BCEAO/IMECO/AAASR1041A0BP,cote_ivoire,croissance_reelle,2017,7.4
BCEAO/IMECO/AAASR1041A0BP,cote_ivoire,croissance_reelle,2018,4.8
BCEAO/IMECO/AAASR1041A0BP,cote_ivoire,croissance_reelle,2019,6.7
BCEAO/IMECO/AAASR1041A0BP,cote_ivoire,croissance_reelle,2020,0.7
BCEAO/IMECO/AAASR1041A0BP,cote_ivoire,croissance_reelle,2021,7.06
BCEAO/IMECO/AAASR1041A0BP,cote_ivoire,croissance_reelle,2022,6.2
BCEAO/IMECO/AAASR1041A0BP,cote_ivoire,croissance_reelle,2023,6.5
BCEAO/IMECO/AAASR1041A0BP,cote_ivoire,croissance_reelle,2024,6.1
BCEAO/IMECO/SSSSR1041A0BP,guinee_bissau,croissance_reelle,1990,6.06
BCEAO/IMECO/SSSSR1041A0BP,guinee_bissau,croissance_reelle,1991,5.15
BCEAO/IMECO/SSSSR1041A0BP,guinee_bissau,croissance_reelle,1992,-1.15
BCEAO/IMECO/SSSSR1041A0BP,guinee_bissau,croissance_reelle,1993,1.46
BCEAO/IMECO/SSSSR1041A0BP,guinee_bissau,croissance_reelle,1994,1.19
BCEAO/IMECO/SSSSR1041A0BP,guinee_bissau,croissance_reelle,1995,3.45
BCEAO/IMECO/SSSSR1041A0BP,guinee_bissau,croissance_reelle,1996,3.7
BCEAO/IMECO/SSSSR1041A0BP,guinee_bissau,croissance_reelle,1997,12.73
BCEAO/IMECO/SSSSR1041A0BP,guinee_bissau,croissance_reelle,1998,-22.45
BCEAO/IMECO/SSSSR1041A0BP,guinee_bissau,croissance_reelle,1999,16.84
BCEAO/IMECO/SSSSR1041A0BP,guinee_bissau,croissance_reelle,2000,1.1
BCEAO/IMECO/SSSSR1041A0BP,guinee_bissau,croissance_reelle,2001,4.79
BCEAO/IMECO/SSSSR1041A0BP,guinee_bissau,croissance_reelle,2002,3.63
BCEAO/IMECO/SSSSR1041A0BP,guinee_bissau,croissance_reelle,2003,-0.27
BCEAO/IMECO/SSSSR1041A0BP,guinee_bissau,croissance_reelle,2004,1.15
BCEAO/IMECO/SSSSR1041A0BP,guinee_bissau,croissance_reelle,2005,6.57
BCEAO/IMECO/SSSSR1041A0BP,guinee_bissau,croissance_reelle,2006,2.66
BCEAO/IMECO/SSSSR1041A0BP,guinee_bissau,croissance_reelle,2007,2.57
BCEAO/IMECO/SSSSR1041A0BP,guinee_bissau,croissance_reelle,2008,4.52
BCEAO/IMECO/SSSSR1041A0BP,guinee_bissau,croissance_reelle,2009,2.45
BCEAO/IMECO/SSSSR1041A0BP,guinee_bissau,croissance_reelle,2010,5.61
BCEAO/IMECO/SSSSR1041A0BP,guinee_bissau,croissance_reelle,2011,8.09
BCEAO/IMECO/SSSSR1041A0BP,guinee_bissau,croissance_reelle,2012,-1.71
BCEAO/IMECO/SSSSR1041A0BP,guinee_bissau,croissance_reelle,2013,3.26
BCEAO/IMECO/SSSSR1041A0BP,guinee_bissau,croissance_reelle,2014,0.96
BCEAO/IMECO/SSSSR1041A0BP,guinee_bissau,croissance_reelle,2015,6.13
BCEAO/IMECO/SSSSR1041A0BP,guinee_bissau,croissance_reelle,2016,5.4
BCEAO/IMECO/SSSSR1041A0BP,guinee_bissau,croissance_reelle,2017,4.7
BCEAO/IMECO/SSSSR1041A0BP,guinee_bissau,croissance_reelle,2018,3.7
BCEAO/IMECO/SSSSR1041A0BP,guinee_bissau,croissance_reelle,2019,5.6
BCEAO/IMECO/SSSSR1041A0BP,guinee_bissau,croissance_reelle,2020,2.1
BCEAO/IMECO/SSSSR1041A0BP,guinee_bissau,croissance_reelle,2021,5.24
BCEAO/IMECO/SSSSR1041A0BP,guinee_bissau,croissance_reelle,2022,5.6
BCEAO/IMECO/SSSSR1041A0BP,guinee_bissau,croissance_reelle,2023,4.4
BCEAO/IMECO/SSSSR1041A0BP,guinee_bissau,croissance_reelle,2024,5.1
BCEAO/IMECO/DDDSR1041A0BP,mali,croissance_reelle,1990,-4.59
BCEAO/IMECO/DDDSR1041A0BP,mali,croissance_reelle,1991,11.45
BCEAO/IMECO/DDDSR1041A0BP,mali,croissance_reelle,1992,-4.06
BCEAO/IMECO/DDDSR1041A0BP,mali,croissance_reelle,1993,3.85
BCEAO/IMECO/DDDSR1041A0BP,mali,croissance_reelle,1994,5.38
BCEAO/IMECO/DDDSR1041A0BP,mali,croissance_reelle,1995,0.89
BCEAO/IMECO/DDDSR1041A0BP,mali,croissance_reelle,1996,6.2
BCEAO/IMECO/DDDSR1041A0BP,mali,croissance_reelle,1997,4.09
BCEAO/IMECO/DDDSR1041A0BP,mali,croissance_reelle,1998,6.51
BCEAO/IMECO/DDDSR1041A0BP,mali,croissance_reelle,1999,4.62
BCEAO/IMECO/DDDSR1041A0BP,mali,croissance_reelle,2000,-0.06
BCEAO/IMECO/DDDSR1041A0BP,mali,croissance_reelle,2001,15.38
BCEAO/IMECO/DDDSR1041A0BP,mali,croissance_reelle,2002,3.11
BCEAO/IMECO/DDDSR1041A0BP,mali,croissance_reelle,2003,9.12
BCEAO/IMECO/DDDSR1041A0BP,mali,croissance_reelle,2004,1.56
BCEAO/IMECO/DDDSR1041A0BP,mali,croissance_reelle,2005,6.53
BCEAO/IMECO/DDDSR1041A0BP,mali,croissance_reelle,2006,4.66
BCEAO/IMECO/DDDSR1041A0BP,mali,croissance_reelle,2007,3.49
BCEAO/IMECO/DDDSR1041A0BP,mali,croissance_reelle,2008,4.77
BCEAO/IMECO/DDDSR1041A0BP,mali,croissance_reelle,2009,4.68
BCEAO/IMECO/DDDSR1041A0BP,mali,croissance_reelle,2010,5.41
BCEAO/IMECO/DDDSR1041A0BP,mali,croissance_reelle,2011,3.24
BCEAO/IMECO/DDDSR1041A0BP,mali,croissance_reelle,2012,-0.84
BCEAO/IMECO/DDDSR1041A0BP,mali,croissance_reelle,2013,2.3
BCEAO/IMECO/DDDSR1041A0BP,mali,croissance_reelle,2014,7.6
BCEAO/IMECO/DDDSR1041A0BP,mali,croissance_reelle,2015,5.98
BCEAO/IMECO/DDDSR1041A0BP,mali,croissance_reelle,2016,6.0
BCEAO/IMECO/DDDSR1041A0BP,mali,croissance_reelle,2017,5.4
BCEAO/IMECO/DDDSR1041A0BP,mali,croissance_reelle,2018,4.9
BCEAO/IMECO/DDDSR1041A0BP,mali,croissance_reelle,2019,5.0
BCEAO/IMECO/DDDSR1041A0BP,mali,croissance_reelle,2020,-1.2
BCEAO/IMECO/DDDSR1041A0BP,mali,croissance_reelle,2021,3.1
BCEAO/IMECO/DDDSR1041A0BP,mali,croissance_reelle,2022,3.5
BCEAO/IMECO/DDDSR1041A0BP,mali,croissance_reelle,2023,4.7
BCEAO/IMECO/DDDSR1041A0BP,mali,croissance_reelle,2024,4.9
BCEAO/IMECO/HHHSR1041A0BP,niger,croissance_reelle,1990,-1.8
BCEAO/IMECO/HHHSR1041A0BP,niger,croissance_reelle,1991,1.75
BCEAO/IMECO/HHHSR1041A0BP,niger,croissance_reelle,1992,1.78
BCEAO/IMECO/HHHSR1041A0BP,niger,croissance_reelle,1993,1.13
BCEAO/IMECO/HHHSR1041A0BP,niger,croissance_reelle,1994,2.31
BCEAO/IMECO/HHHSR1041A0BP,niger,croissance_reelle,1995,3.68
BCEAO/IMECO/HHHSR1041A0BP,niger,croissance_reelle,1996,1.43
BCEAO/IMECO/HHHSR1041A0BP,niger,croissance_reelle,1997,1.66
BCEAO/IMECO/HHHSR1041A0BP,niger,croissance_reelle,1998,12.6
BCEAO/IMECO/HHHSR1041A0BP,niger,croissance_reelle,1999,1.05
BCEAO/IMECO/HHHSR1041A0BP,niger,croissance_reelle,2000,-2.21
BCEAO/IMECO/HHHSR1041A0BP,niger,croissance_reelle,2001,7.57
BCEAO/IMECO/HHHSR1041A0BP,niger,croissance_reelle,2002,5.3
BCEAO/IMECO/HHHSR1041A0BP,niger,croissance_reelle,2003,4.82
BCEAO/IMECO/HHHSR1041A0BP,niger,croissance_reelle,2004,0.04
BCEAO/IMECO/HHHSR1041A0BP,niger,croissance_reelle,2005,9.09
BCEAO/IMECO/HHHSR1041A0BP,niger,croissance_reelle,2006,5.02
BCEAO/IMECO/HHHSR1041A0BP,niger,croissance_reelle,2007,-1.8
BCEAO/IMECO/HHHSR1041A0BP,niger,croissance_reelle,2008,10.1
BCEAO/IMECO/HHHSR1041A0BP,niger,croissance_reelle,2009,0.61
BCEAO/IMECO/HHHSR1041A0BP,niger,croissance_reelle,2010,8.68
BCEAO/IMECO/HHHSR1041A0BP,niger,croissance_reelle,2011,3.42
BCEAO/IMECO/HHHSR1041A0BP,niger,croissance_reelle,2012,15.69
BCEAO/IMECO/HHHSR1041A0BP,niger,croissance_reelle,2013,2.11
BCEAO/IMECO/HHHSR1041A0BP,niger,croissance_reelle,2014,7.33
BCEAO/IMECO/HHHSR1041A0BP,niger,croissance_reelle,2015,4.84
BCEAO/IMECO/HHHSR1041A0BP,niger,croissance_reelle,2016,5.7
BCEAO/IMECO/HHHSR1041A0BP,niger,croissance_reelle,2017,5.0
BCEAO/IMECO/HHHSR1041A0BP,niger,croissance_reelle,2018,7.2
BCEAO/IMECO/HHHSR1041A0BP,niger,croissance_reelle,2019,5.9
BCEAO/IMECO/HHHSR1041A0BP,niger,croissance_reelle,2020,3.6
BCEAO/IMECO/HHHSR1041A0BP,niger,croissance_reelle,2021,1.38
BCEAO/IMECO/HHHSR1041A0BP,niger,croissance_reelle,2022,11.9
BCEAO/IMECO/HHHSR1041A0BP,niger,croissance_reelle,2023,2.5
BCEAO/IMECO/HHHSR1041A0BP,niger,croissance_reelle,2024,8.8
BCEAO/IMECO/KKKSR1041A0BP,senegal,croissance_reelle,1990,-0.2
BCEAO/IMECO/KKKSR1041A0BP,senegal,croissance_reelle,1991,2.56
BCEAO/IMECO/KKKSR1041A0BP,senegal,croissance_reelle,1992,1.24
BCEAO/IMECO/KKKSR1041A0BP,senegal,croissance_reelle,1993,1.22
BCEAO/IMECO/KKKSR1041A0BP,senegal,croissance_reelle,1994,-0.18
BCEAO/IMECO/KKKSR1041A0BP,senegal,croissance_reelle,1995,5.58
BCEAO/IMECO/KKKSR1041A0BP,senegal,croissance_reelle,1996,1.92
BCEAO/IMECO/KKKSR1041A0BP,senegal,croissance_reelle,1997,3.27
BCEAO/IMECO/KKKSR1041A0BP,senegal,croissance_reelle,1998,5.87
BCEAO/IMECO/KKKSR1041A0BP,senegal,croissance_reelle,1999,6.27
BCEAO/IMECO/KKKSR1041A0BP,senegal,croissance_reelle,2000,3.89
BCEAO/IMECO/KKKSR1041A0BP,senegal,croissance_reelle,2001,4.31
BCEAO/IMECO/KKKSR1041A0BP,senegal,croissance_reelle,2002,0.07
BCEAO/IMECO/KKKSR1041A0BP,senegal,croissance_reelle,2003,5.59
BCEAO/IMECO/KKKSR1041A0BP,senegal,croissance_reelle,2004,4.64
BCEAO/IMECO/KKKSR1041A0BP,senegal,croissance_reelle,2005,4.31
BCEAO/IMECO/KKKSR1041A0BP,senegal,croissance_reelle,2006,2.33
BCEAO/IMECO/KKKSR1041A0BP,senegal,croissance_reelle,2007,2.83
BCEAO/IMECO/KKKSR1041A0BP,senegal,croissance_reelle,2008,3.7
BCEAO/IMECO/KKKSR1041A0BP,senegal,croissance_reelle,2009,2.75
BCEAO/IMECO/KKKSR1041A0BP,senegal,croissance_reelle,2010,3.39
BCEAO/IMECO/KKKSR1041A0BP,senegal,croissance_reelle,2011,1.33
BCEAO/IMECO/KKKSR1041A0BP,senegal,croissance_reelle,2012,4.0
BCEAO/IMECO/KKKSR1041A0BP,senegal,croissance_reelle,2013,2.41
BCEAO/IMECO/KKKSR1041A0BP,senegal,croissance_reelle,2014,6.22
BCEAO/IMECO/KKKSR1041A0BP,senegal,croissance_reelle,2015,6.37
BCEAO/IMECO/KKKSR1041A0BP,senegal,croissance_reelle,2016,6.4
BCEAO/IMECO/KKKSR1041A0BP,senegal,croissance_reelle,2017,7.4
BCEAO/IMECO/KKKSR1041A0BP,senegal,croissance_reelle,2018,6.2
BCEAO/IMECO/KKKSR1041A0BP,senegal,croissance_reelle,2019,4.6
BCEAO/IMECO/KKKSR1041A0BP,senegal,croissance_reelle,2020,1.3
BCEAO/IMECO/KKKSR1041A0BP,senegal,croissance_reelle,2021,6.54
BCEAO/IMECO/KKKSR1041A0BP,senegal,croissance_reelle,2022,3.8
BCEAO/IMECO/KKKSR1041A0BP,senegal,croissance_reelle,2023,4.3
BCEAO/IMECO/KKKSR1041A0BP,senegal,croissance_reelle,2024,6.7
BCEAO/IMECO/TTTSR1041A0BP,togo,croissance_reelle,1990,-0.3
BCEAO/IMECO/TTTSR1041A0BP,togo,croissance_reelle,1991,-0.52
BCEAO/IMECO/TTTSR1041A0BP,togo,croissance_reelle,1992,-3.23
BCEAO/IMECO/TTTSR1041A0BP,togo,croissance_reelle,1993,-15.73
BCEAO/IMECO/TTTSR1041A0BP,togo,croissance_reelle,1994,14.56
BCEAO/IMECO/TTTSR1041A0BP,togo,croissance_reelle,1995,5.37
BCEAO/IMECO/TTTSR1041A0BP,togo,croissance_reelle,1996,7.67
BCEAO/IMECO/TTTSR1041A0BP,togo,croissance_reelle,1997,3.81
BCEAO/IMECO/TTTSR1041A0BP,togo,croissance_reelle,1998,-2.3
BCEAO/IMECO/TTTSR1041A0BP,togo,croissance_reelle,1999,2.62
BCEAO/IMECO/TTTSR1041A0BP,togo,croissance_reelle,2000,-0.96
BCEAO/IMECO/TTTSR1041A0BP,togo,croissance_reelle,2001,0.82
BCEAO/IMECO/TTTSR1041A0BP,togo,croissance_reelle,2002,3.83
BCEAO/IMECO/TTTSR1041A0BP,togo,croissance_reelle,2003,6.72
BCEAO/IMECO/TTTSR1041A0BP,togo,croissance_reelle,2004,-0.98
BCEAO/IMECO/TTTSR1041A0BP,togo,croissance_reelle,2005,-4.67
BCEAO/IMECO/TTTSR1041A0BP,togo,croissance_reelle,2006,2.65
BCEAO/IMECO/TTTSR1041A0BP,togo,croissance_reelle,2007,-1.18
BCEAO/IMECO/TTTSR1041A0BP,togo,croissance_reelle,2008,4.04
BCEAO/IMECO/TTTSR1041A0BP,togo,croissance_reelle,2009,5.45
BCEAO/IMECO/TTTSR1041A0BP,togo,croissance_reelle,2010,5.85
BCEAO/IMECO/TTTSR1041A0BP,togo,croissance_reelle,2011,5.82
BCEAO/IMECO/TTTSR1041A0BP,togo,croissance_reelle,2012,6.3
BCEAO/IMECO/TTTSR1041A0BP,togo,croissance_reelle,2013,5.82
BCEAO/IMECO/TTTSR1041A0BP,togo,croissance_reelle,2014,5.63
BCEAO/IMECO/TTTSR1041A0BP,togo,croissance_reelle,2015,5.47
BCEAO/IMECO/TTTSR1041A0BP,togo,croissance_reelle,2016,5.7
BCEAO/IMECO/TTTSR1041A0BP,togo,croissance_reelle,2017,4.0
BCEAO/IMECO/TTTSR1041A0BP,togo,croissance_reelle,2018,4.8
BCEAO/IMECO/TTTSR1041A0BP,togo,croissance_reelle,2019,4.9
BCEAO/IMECO/TTTSR1041A0BP,togo,croissance_reelle,2020,2.0
BCEAO/IMECO/TTTSR1041A0BP,togo,croissance_reelle,2021,5.99
BCEAO/IMECO/TTTSR1041A0BP,togo,croissance_reelle,2022,5.9
BCEAO/IMECO/TTTSR1041A0BP,togo,croissance_reelle,2023,6.5
BCEAO/IMECO/TTTSR1041A0BP,togo,croissance_reelle,2024,6.3
BCEAO/IMECO/ZZZSR1041A0BP,uemoa,croissance_reelle,1990,-0.8
BCEAO/IMECO/ZZZSR1041A0BP,uemoa,croissance_reelle,1991,1.4
BCEAO/IMECO/ZZZSR1041A0BP,uemoa,croissance_reelle,1992,0.89
BCEAO/IMECO/ZZZSR1041A0BP,uemoa,croissance_reelle,1993,3.72
BCEAO/IMECO/ZZZSR1041A0BP,uemoa,croissance_reelle,1994,4.98
BCEAO/IMECO/ZZZSR1041A0BP,uemoa,croissance_reelle,1995,5.19
BCEAO/IMECO/ZZZSR1041A0BP,uemoa,croissance_reelle,1996,4.85
BCEAO/IMECO/ZZZSR1041A0BP,uemoa,croissance_reelle,1997,5.61
BCEAO/IMECO/ZZZSR1041A0BP,uemoa,croissance_reelle,1998,1.46
BCEAO/IMECO/ZZZSR1041A0BP,uemoa,croissance_reelle,1999,2.97
BCEAO/IMECO/ZZZSR1041A0BP,uemoa,croissance_reelle,2000,0.58
BCEAO/IMECO/ZZZSR1041A0BP,uemoa,croissance_reelle,2001,2.92
BCEAO/IMECO/ZZZSR1041A0BP,uemoa,croissance_reelle,2002,2.21
BCEAO/IMECO/ZZZSR1041A0BP,uemoa,croissance_reelle,2003,4.23
BCEAO/IMECO/ZZZSR1041A0BP,uemoa,croissance_reelle,2004,2.37
BCEAO/IMECO/ZZZSR1041A0BP,uemoa,croissance_reelle,2005,3.46
BCEAO/IMECO/ZZZSR1041A0BP,uemoa,croissance_reelle,2006,3.4
BCEAO/IMECO/ZZZSR1041A0BP,uemoa,croissance_reelle,2007,2.98
BCEAO/IMECO/ZZZSR1041A0BP,uemoa,croissance_reelle,2008,-2.1
BCEAO/IMECO/ZZZSR1041A0BP,uemoa,croissance_reelle,2009,3.08
BCEAO/IMECO/ZZZSR1041A0BP,uemoa,croissance_reelle,2010,4.06
BCEAO/IMECO/ZZZSR1041A0BP,uemoa,croissance_reelle,2011,0.72
BCEAO/IMECO/ZZZSR1041A0BP,uemoa,croissance_reelle,2012,6.87
BCEAO/IMECO/ZZZSR1041A0BP,uemoa,croissance_reelle,2013,5.84
BCEAO/IMECO/ZZZSR1041A0BP,uemoa,croissance_reelle,2014,7.14
BCEAO/IMECO/ZZZSR1041A0BP,uemoa,croissance_reelle,2015,6.09
BCEAO/IMECO/ZZZSR1041A0BP,uemoa,croissance_reelle,2016,6.2
BCEAO/IMECO/ZZZSR1041A0BP,uemoa,croissance_reelle,2017,6.5
BCEAO/IMECO/ZZZSR1041A0BP,uemoa,croissance_reelle,2018,5.6
BCEAO/IMECO/ZZZSR1041A0BP,uemoa,croissance_reelle,2019,5.9
BCEAO/IMECO/ZZZSR1041A0BP,uemoa,croissance_reelle,2020,1.3
BCEAO/IMECO/ZZZSR1041A0BP,uemoa,croissance_reelle,2021,5.94
BCEAO/IMECO/ZZZSR1041A0BP,uemoa,croissance_reelle,2022,5.5
BCEAO/IMECO/ZZZSR1041A0BP,uemoa,croissance_reelle,2023,5.3
BCEAO/IMECO/ZZZSR1041A0BP,uemoa,croissance_reelle,2024,6.2
BCEAO/IMECO/BBBSR1042A0BP,benin,taux_investissement,1990,11.01
BCEAO/IMECO/BBBSR1042A0BP,benin,taux_investissement,1991,11.29
BCEAO/IMECO/BBBSR1042A0BP,benin,taux_investissement,1992,9.66
BCEAO/IMECO/BBBSR1042A0BP,benin,taux_investissement,1993,6.06
BCEAO/IMECO/BBBSR1042A0BP,benin,taux_investissement,1994,9.13
BCEAO/IMECO/BBBSR1042A0BP,benin,taux_investissement,1995,5.53
BCEAO/IMECO/BBBSR1042A0BP,benin,taux_investissement,1996,8.18
BCEAO/IMECO/BBBSR1042A0BP,benin,taux_investissement,1997,8.48
BCEAO/IMECO/BBBSR1042A0BP,benin,taux_investissement,1998,9.96
BCEAO/IMECO/BBBSR1042A0BP,benin,taux_investissement,1999,18.23
BCEAO/IMECO/BBBSR1042A0BP,benin,taux_investissement,2000,16.01
BCEAO/IMECO/BBBSR1042A0BP,benin,taux_investissement,2001,17.75
BCEAO/IMECO/BBBSR1042A0BP,benin,taux_investissement,2002,14.83
BCEAO/IMECO/BBBSR1042A0BP,benin,taux_investissement,2003,15.16
BCEAO/IMECO/BBBSR1042A0BP,benin,taux_investissement,2004,15.22
BCEAO/IMECO/BBBSR1042A0BP,benin,taux_investissement,2005,12.09
BCEAO/IMECO/BBBSR1042A0BP,benin,taux_investissement,2006,12.87
BCEAO/IMECO/BBBSR1042A0BP,benin,taux_investissement,2007,16.38
BCEAO/IMECO/BBBSR1042A0BP,benin,taux_investissement,2008,13.74
BCEAO/IMECO/BBBSR1042A0BP,benin,taux_investissement,2009,14.87
BCEAO/IMECO/BBBSR1042A0BP,benin,taux_investissement,2010,15.61
BCEAO/IMECO/BBBSR1042A0BP,benin,taux_investissement,2011,16.46
BCEAO/IMECO/BBBSR1042A0BP,benin,taux_investissement,2012,15.28
BCEAO/IMECO/BBBSR1042A0BP,benin,taux_investissement,2013,18.86
BCEAO/IMECO/BBBSR1042A0BP,benin,taux_investissement,2014,18.66
BCEAO/IMECO/BBBSR1042A0BP,benin,taux_investissement,2015,20.73
BCEAO/IMECO/BBBSR1042A0BP,benin,taux_investissement,2016,20.3
BCEAO/IMECO/BBBSR1042A0BP,benin,taux_investissement,2017,24.0
BCEAO/IMECO/BBBSR1042A0BP,benin,taux_investissement,2018,24.9
BCEAO/IMECO/BBBSR1042A0BP,benin,taux_investissement,2019,25.6
BCEAO/IMECO/BBBSR1042A0BP,benin,taux_investissement,2020,25.6
BCEAO/IMECO/BBBSR1042A0BP,benin,taux_investissement,2021,28.85
BCEAO/IMECO/BBBSR1042A0BP,benin,taux_investissement,2022,34.8
BCEAO/IMECO/BBBSR1042A0BP,benin,taux_investissement,2023,38.2
BCEAO/IMECO/BBBSR1042A0BP,benin,taux_investissement,2024,39.3
BCEAO/IMECO/CCCSR1042A0BP,burkina,taux_investissement,1990,15.58
BCEAO/IMECO/CCCSR1042A0BP,burkina,taux_investissement,1991,17.49
BCEAO/IMECO/CCCSR1042A0BP,burkina,taux_investissement,1992,15.8
BCEAO/IMECO/CCCSR1042A0BP,burkina,taux_investissement,1993,15.99
BCEAO/IMECO/CCCSR1042A0BP,burkina,taux_investissement,1994,22.35
BCEAO/IMECO/CCCSR1042A0BP,burkina,taux_investissement,1995,19.7
BCEAO/IMECO/CCCSR1042A0BP,burkina,taux_investissement,1996,20.6
BCEAO/IMECO/CCCSR1042A0BP,burkina,taux_investissement,1997,22.66
BCEAO/IMECO/CCCSR1042A0BP,burkina,taux_investissement,1998,19.93
BCEAO/IMECO/CCCSR1042A0BP,burkina,taux_investissement,1999,17.3
BCEAO/IMECO/CCCSR1042A0BP,burkina,taux_investissement,2000,14.57
BCEAO/IMECO/CCCSR1042A0BP,burkina,taux_investissement,2001,13.55
BCEAO/IMECO/CCCSR1042A0BP,burkina,taux_investissement,2002,13.45
BCEAO/IMECO/CCCSR1042A0BP,burkina,taux_investissement,2003,15.46
BCEAO/IMECO/CCCSR1042A0BP,burkina,taux_investissement,2004,15.52
BCEAO/IMECO/CCCSR1042A0BP,burkina,taux_investissement,2005,17.56
BCEAO/IMECO/CCCSR1042A0BP,burkina,taux_investissement,2006,16.13
BCEAO/IMECO/CCCSR1042A0BP,burkina,taux_investissement,2007,18.25
BCEAO/IMECO/CCCSR1042A0BP,burkina,taux_investissement,2008,20.73
BCEAO/IMECO/CCCSR1042A0BP,burkina,taux_investissement,2009,19.99
BCEAO/IMECO/CCCSR1042A0BP,burkina,taux_investissement,2010,21.99
BCEAO/IMECO/CCCSR1042A0BP,burkina,taux_investissement,2011,22.12
BCEAO/IMECO/CCCSR1042A0BP,burkina,taux_investissement,2012,24.65
BCEAO/IMECO/CCCSR1042A0BP,burkina,taux_investissement,2013,23.71
BCEAO/IMECO/CCCSR1042A0BP,burkina,taux_investissement,2014,19.26
BCEAO/IMECO/CCCSR1042A0BP,burkina,taux_investissement,2015,19.41
BCEAO/IMECO/CCCSR1042A0BP,burkina,taux_investissement,2016,20.8
BCEAO/IMECO/CCCSR1042A0BP,burkina,taux_investissement,2017,22.1
BCEAO/IMECO/CCCSR1042A0BP,burkina,taux_investissement,2018,21.7
BCEAO/IMECO/CCCSR1042A0BP,burkina,taux_investissement,2019,19.8
BCEAO/IMECO/CCCSR1042A0BP,burkina,taux_investissement,2020,17.2
BCEAO/IMECO/CCCSR1042A0BP,burkina,taux_investissement,2021,15.51
BCEAO/IMECO/CCCSR1042A0BP,burkina,taux_investissement,2022,18.7
BCEAO/IMECO/CCCSR1042A0BP,burkina,taux_investissement,2023,21.0
BCEAO/IMECO/CCCSR1042A0BP,burkina,taux_investissement,2024,19.0
BCEAO/IMECO/AAASR1042A0BP,cote_ivoire,taux_investissement,1990,8.93
BCEAO/IMECO/AAASR1042A0BP,cote_ivoire,taux_investissement,1991,9.37
BCEAO/IMECO/AAASR1042A0BP,cote_ivoire,taux_investissement,1992,9.22
BCEAO/IMECO/AAASR1042A0BP,cote_ivoire,taux_investissement,1993,8.62
BCEAO/IMECO/AAASR1042A0BP,cote_ivoire,taux_investissement,1994,12.25
BCEAO/IMECO/AAASR1042A0BP,cote_ivoire,taux_investissement,1995,12.94
BCEAO/IMECO/AAASR1042A0BP,cote_ivoire,taux_investissement,1996,12.64
BCEAO/IMECO/AAASR1042A0BP,cote_ivoire,taux_investissement,1997,13.0
BCEAO/IMECO/AAASR1042A0BP,cote_ivoire,taux_investissement,1998,13.4
BCEAO/IMECO/AAASR1042A0BP,cote_ivoire,taux_investissement,1999,12.99
BCEAO/IMECO/AAASR1042A0BP,cote_ivoire,taux_investissement,2000,11.42
BCEAO/IMECO/AAASR1042A0BP,cote_ivoire,taux_investissement,2001,11.96
BCEAO/IMECO/AAASR1042A0BP,cote_ivoire,taux_investissement,2002,12.68
BCEAO/IMECO/AAASR1042A0BP,cote_ivoire,taux_investissement,2003,10.61
BCEAO/IMECO/AAASR1042A0BP,cote_ivoire,taux_investissement,2004,11.26
BCEAO/IMECO/AAASR1042A0BP,cote_ivoire,taux_investissement,2005,11.14
BCEAO/IMECO/AAASR1042A0BP,cote_ivoire,taux_investissement,2006,11.73
BCEAO/IMECO/AAASR1042A0BP,cote_ivoire,taux_investissement,2007,13.95
BCEAO/IMECO/AAASR1042A0BP,cote_ivoire,taux_investissement,2008,13.24
BCEAO/IMECO/AAASR1042A0BP,cote_ivoire,taux_investissement,2009,13.03
BCEAO/IMECO/AAASR1042A0BP,cote_ivoire,taux_investissement,2010,14.9
BCEAO/IMECO/AAASR1042A0BP,cote_ivoire,taux_investissement,2011,10.5
BCEAO/IMECO/AAASR1042A0BP,cote_ivoire,taux_investissement,2012,15.57
BCEAO/IMECO/AAASR1042A0BP,cote_ivoire,taux_investissement,2013,20.64
BCEAO/IMECO/AAASR1042A0BP,cote_ivoire,taux_investissement,2014,22.81
BCEAO/IMECO/AAASR1042A0BP,cote_ivoire,taux_investissement,2015,23.39
BCEAO/IMECO/AAASR1042A0BP,cote_ivoire,taux_investissement,2016,23.2
BCEAO/IMECO/AAASR1042A0BP,cote_ivoire,taux_investissement,2017,20.8
BCEAO/IMECO/AAASR1042A0BP,cote_ivoire,taux_investissement,2018,22.3
BCEAO/IMECO/AAASR1042A0BP,cote_ivoire,taux_investissement,2019,22.0
BCEAO/IMECO/AAASR1042A0BP,cote_ivoire,taux_investissement,2020,21.7
BCEAO/IMECO/AAASR1042A0BP,cote_ivoire,taux_investissement,2021,23.58
BCEAO/IMECO/AAASR1042A0BP,cote_ivoire,taux_investissement,2022,26.4
BCEAO/IMECO/AAASR1042A0BP,cote_ivoire,taux_investissement,2023,25.8
BCEAO/IMECO/AAASR1042A0BP,cote_ivoire,taux_investissement,2024,25.8
BCEAO/IMECO/SSSSR1042A0BP,guinee_bissau,taux_investissement,1990,29.39
BCEAO/IMECO/SSSSR1042A0BP,guinee_bissau,taux_investissement,1991,23.67
BCEAO/IMECO/SSSSR1042A0BP,guinee_bissau,taux_investissement,1992,23.73
BCEAO/IMECO/SSSSR1042A0BP,guinee_bissau,taux_investissement,1993,23.31
BCEAO/IMECO/SSSSR1042A0BP,guinee_bissau,taux_investissement,1994,50.66
BCEAO/IMECO/SSSSR1042A0BP,guinee_bissau,taux_investissement,1995,49.13
BCEAO/IMECO/SSSSR1042A0BP,guinee_bissau,taux_investissement,1996,47.4
BCEAO/IMECO/SSSSR1042A0BP,guinee_bissau,taux_investissement,1997,53.93
BCEAO/IMECO/SSSSR1042A0BP,guinee_bissau,taux_investissement,1998,30.61
BCEAO/IMECO/SSSSR1042A0BP,guinee_bissau,taux_investissement,1999,21.94
BCEAO/IMECO/SSSSR1042A0BP,guinee_bissau,taux_investissement,2000,20.06
BCEAO/IMECO/SSSSR1042A0BP,guinee_bissau,taux_investissement,2001,18.88
BCEAO/IMECO/SSSSR1042A0BP,guinee_bissau,taux_investissement,2002,23.6
BCEAO/IMECO/SSSSR1042A0BP,guinee_bissau,taux_investissement,2003,19.0
BCEAO/IMECO/SSSSR1042A0BP,guinee_bissau,taux_investissement,2004,11.15
BCEAO/IMECO/SSSSR1042A0BP,guinee_bissau,taux_investissement,2005,18.25
BCEAO/IMECO/SSSSR1042A0BP,guinee_bissau,taux_investissement,2006,20.08
BCEAO/IMECO/SSSSR1042A0BP,guinee_bissau,taux_investissement,2007,24.27
BCEAO/IMECO/SSSSR1042A0BP,guinee_bissau,taux_investissement,2008,17.34
BCEAO/IMECO/SSSSR1042A0BP,guinee_bissau,taux_investissement,2009,18.36
BCEAO/IMECO/SSSSR1042A0BP,guinee_bissau,taux_investissement,2010,19.49
BCEAO/IMECO/SSSSR1042A0BP,guinee_bissau,taux_investissement,2011,15.74
BCEAO/IMECO/SSSSR1042A0BP,guinee_bissau,taux_investissement,2012,19.35
BCEAO/IMECO/SSSSR1042A0BP,guinee_bissau,taux_investissement,2013,19.23
BCEAO/IMECO/SSSSR1042A0BP,guinee_bissau,taux_investissement,2014,20.14
BCEAO/IMECO/SSSSR1042A0BP,guinee_bissau,taux_investissement,2015,14.97
BCEAO/IMECO/SSSSR1042A0BP,guinee_bissau,taux_investissement,2016,18.1
BCEAO/IMECO/SSSSR1042A0BP,guinee_bissau,taux_investissement,2017,18.1
BCEAO/IMECO/SSSSR1042A0BP,guinee_bissau,taux_investissement,2018,19.2
BCEAO/IMECO/SSSSR1042A0BP,guinee_bissau,taux_investissement,2019,22.7
BCEAO/IMECO/SSSSR1042A0BP,guinee_bissau,taux_investissement,2020,24.9
BCEAO/IMECO/SSSSR1042A0BP,guinee_bissau,taux_investissement,2021,19.61
BCEAO/IMECO/SSSSR1042A0BP,guinee_bissau,taux_investissement,2022,21.0
BCEAO/IMECO/SSSSR1042A0BP,guinee_bissau,taux_investissement,2023,20.9
BCEAO/IMECO/SSSSR1042A0BP,guinee_bissau,taux_investissement,2024,20.0
BCEAO/IMECO/DDDSR1042A0BP,mali,taux_investissement,1990,21.23
BCEAO/IMECO/DDDSR1042A0BP,mali,taux_investissement,1991,18.77
BCEAO/IMECO/DDDSR1042A0BP,mali,taux_investissement,1992,22.55
BCEAO/IMECO/DDDSR1042A0BP,mali,taux_investissement,1993,16.84
BCEAO/IMECO/DDDSR1042A0BP,mali,taux_investissement,1994,22.12
BCEAO/IMECO/DDDSR1042A0BP,mali,taux_investissement,1995,26.09
BCEAO/IMECO/DDDSR1042A0BP,mali,taux_investissement,1996,23.48
BCEAO/IMECO/DDDSR1042A0BP,mali,taux_investissement,1997,23.79
BCEAO/IMECO/DDDSR1042A0BP,mali,taux_investissement,1998,19.96
BCEAO/IMECO/DDDSR1042A0BP,mali,taux_investissement,1999,17.89
BCEAO/IMECO/DDDSR1042A0BP,mali,taux_investissement,2000,17.18
BCEAO/IMECO/DDDSR1042A0BP,mali,taux_investissement,2001,20.49
BCEAO/IMECO/DDDSR1042A0BP,mali,taux_investissement,2002,15.75
BCEAO/IMECO/DDDSR1042A0BP,mali,taux_investissement,2003,20.81
BCEAO/IMECO/DDDSR1042A0BP,mali,taux_investissement,2004,21.63
BCEAO/IMECO/DDDSR1042A0BP,mali,taux_investissement,2005,20.88
BCEAO/IMECO/DDDSR1042A0BP,mali,taux_investissement,2006,21.19
BCEAO/IMECO/DDDSR1042A0BP,mali,taux_investissement,2007,23.87
BCEAO/IMECO/DDDSR1042A0BP,mali,taux_investissement,2008,24.24
BCEAO/IMECO/DDDSR1042A0BP,mali,taux_investissement,2009,22.02
BCEAO/IMECO/DDDSR1042A0BP,mali,taux_investissement,2010,24.03
BCEAO/IMECO/DDDSR1042A0BP,mali,taux_investissement,2011,19.72
BCEAO/IMECO/DDDSR1042A0BP,mali,taux_investissement,2012,17.18
BCEAO/IMECO/DDDSR1042A0BP,mali,taux_investissement,2013,19.32
BCEAO/IMECO/DDDSR1042A0BP,mali,taux_investissement,2014,26.03
BCEAO/IMECO/DDDSR1042A0BP,mali,taux_investissement,2015,24.89
BCEAO/IMECO/DDDSR1042A0BP,mali,taux_investissement,2016,27.3
BCEAO/IMECO/DDDSR1042A0BP,mali,taux_investissement,2017,25.5
BCEAO/IMECO/DDDSR1042A0BP,mali,taux_investissement,2018,24.5
BCEAO/IMECO/DDDSR1042A0BP,mali,taux_investissement,2019,26.5
BCEAO/IMECO/DDDSR1042A0BP,mali,taux_investissement,2020,20.4
BCEAO/IMECO/DDDSR1042A0BP,mali,taux_investissement,2021,23.63
BCEAO/IMECO/DDDSR1042A0BP,mali,taux_investissement,2022,23.2
BCEAO/IMECO/DDDSR1042A0BP,mali,taux_investissement,2023,22.0
BCEAO/IMECO/DDDSR1042A0BP,mali,taux_investissement,2024,20.2
BCEAO/IMECO/HHHSR1042A0BP,niger,taux_investissement,1990,12.49
BCEAO/IMECO/HHHSR1042A0BP,niger,taux_investissement,1991,8.65
BCEAO/IMECO/HHHSR1042A0BP,niger,taux_investissement,1992,8.34
BCEAO/IMECO/HHHSR1042A0BP,niger,taux_investissement,1993,6.42
BCEAO/IMECO/HHHSR1042A0BP,niger,taux_investissement,1994,4.49
BCEAO/IMECO/HHHSR1042A0BP,niger,taux_investissement,1995,11.71
BCEAO/IMECO/HHHSR1042A0BP,niger,taux_investissement,1996,14.14
BCEAO/IMECO/HHHSR1042A0BP,niger,taux_investissement,1997,13.65
BCEAO/IMECO/HHHSR1042A0BP,niger,taux_investissement,1998,13.89
BCEAO/IMECO/HHHSR1042A0BP,niger,taux_investissement,1999,10.5
BCEAO/IMECO/HHHSR1042A0BP,niger,taux_investissement,2000,11.84
BCEAO/IMECO/HHHSR1042A0BP,niger,taux_investissement,2001,12.74
BCEAO/IMECO/HHHSR1042A0BP,niger,taux_investissement,2002,13.59
BCEAO/IMECO/HHHSR1042A0BP,niger,taux_investissement,2003,12.92
BCEAO/IMECO/HHHSR1042A0BP,niger,taux_investissement,2004,11.47
BCEAO/IMECO/HHHSR1042A0BP,niger,taux_investissement,2005,18.86
BCEAO/IMECO/HHHSR1042A0BP,niger,taux_investissement,2006,19.28
BCEAO/IMECO/HHHSR1042A0BP,niger,taux_investissement,2007,18.5
BCEAO/IMECO/HHHSR1042A0BP,niger,taux_investissement,2008,26.19
BCEAO/IMECO/HHHSR1042A0BP,niger,taux_investissement,2009,28.09
BCEAO/IMECO/HHHSR1042A0BP,niger,taux_investissement,2010,32.62
BCEAO/IMECO/HHHSR1042A0BP,niger,taux_investissement,2011,31.09
BCEAO/IMECO/HHHSR1042A0BP,niger,taux_investissement,2012,30.62
BCEAO/IMECO/HHHSR1042A0BP,niger,taux_investissement,2013,29.47
BCEAO/IMECO/HHHSR1042A0BP,niger,taux_investissement,2014,30.64
BCEAO/IMECO/HHHSR1042A0BP,niger,taux_investissement,2015,32.36
BCEAO/IMECO/HHHSR1042A0BP,niger,taux_investissement,2016,27.5
BCEAO/IMECO/HHHSR1042A0BP,niger,taux_investissement,2017,26.0
BCEAO/IMECO/HHHSR1042A0BP,niger,taux_investissement,2018,29.0
BCEAO/IMECO/HHHSR1042A0BP,niger,taux_investissement,2019,30.6
BCEAO/IMECO/HHHSR1042A0BP,niger,taux_investissement,2020,28.5
BCEAO/IMECO/HHHSR1042A0BP,niger,taux_investissement,2021,27.56
BCEAO/IMECO/HHHSR1042A0BP,niger,taux_investissement,2022,27.3
BCEAO/IMECO/HHHSR1042A0BP,niger,taux_investissement,2023,24.0
BCEAO/IMECO/HHHSR1042A0BP,niger,taux_investissement,2024,18.7
BCEAO/IMECO/KKKSR1042A0BP,senegal,taux_investissement,1990,19.32
BCEAO/IMECO/KKKSR1042A0BP,senegal,taux_investissement,1991,22.06
BCEAO/IMECO/KKKSR1042A0BP,senegal,taux_investissement,1992,22.97
BCEAO/IMECO/KKKSR1042A0BP,senegal,taux_investissement,1993,20.87
BCEAO/IMECO/KKKSR1042A0BP,senegal,taux_investissement,1994,27.3
BCEAO/IMECO/KKKSR1042A0BP,senegal,taux_investissement,1995,20.61
BCEAO/IMECO/KKKSR1042A0BP,senegal,taux_investissement,1996,23.8
BCEAO/IMECO/KKKSR1042A0BP,senegal,taux_investissement,1997,19.7
BCEAO/IMECO/KKKSR1042A0BP,senegal,taux_investissement,1998,25.17
BCEAO/IMECO/KKKSR1042A0BP,senegal,taux_investissement,1999,22.01
BCEAO/IMECO/KKKSR1042A0BP,senegal,taux_investissement,2000,22.37
BCEAO/IMECO/KKKSR1042A0BP,senegal,taux_investissement,2001,25.57
BCEAO/IMECO/KKKSR1042A0BP,senegal,taux_investissement,2002,23.12
BCEAO/IMECO/KKKSR1042A0BP,senegal,taux_investissement,2003,23.93
BCEAO/IMECO/KKKSR1042A0BP,senegal,taux_investissement,2004,23.63
BCEAO/IMECO/KKKSR1042A0BP,senegal,taux_investissement,2005,24.57
BCEAO/IMECO/KKKSR1042A0BP,senegal,taux_investissement,2006,22.42
BCEAO/IMECO/KKKSR1042A0BP,senegal,taux_investissement,2007,24.62
BCEAO/IMECO/KKKSR1042A0BP,senegal,taux_investissement,2008,26.23
BCEAO/IMECO/KKKSR1042A0BP,senegal,taux_investissement,2009,20.4
BCEAO/IMECO/KKKSR1042A0BP,senegal,taux_investissement,2010,20.09
BCEAO/IMECO/KKKSR1042A0BP,senegal,taux_investissement,2011,21.0
BCEAO/IMECO/KKKSR1042A0BP,senegal,taux_investissement,2012,24.62
BCEAO/IMECO/KKKSR1042A0BP,senegal,taux_investissement,2013,24.07
BCEAO/IMECO/KKKSR1042A0BP,senegal,taux_investissement,2014,25.88
BCEAO/IMECO/KKKSR1042A0BP,senegal,taux_investissement,2015,25.83
BCEAO/IMECO/KKKSR1042A0BP,senegal,taux_investissement,2016,25.4
BCEAO/IMECO/KKKSR1042A0BP,senegal,taux_investissement,2017,29.8
BCEAO/IMECO/KKKSR1042A0BP,senegal,taux_investissement,2018,32.6
BCEAO/IMECO/KKKSR1042A0BP,senegal,taux_investissement,2019,32.0
BCEAO/IMECO/KKKSR1042A0BP,senegal,taux_investissement,2020,35.6
BCEAO/IMECO/KKKSR1042A0BP,senegal,taux_investissement,2021,38.35
BCEAO/IMECO/KKKSR1042A0BP,senegal,taux_investissement,2022,45.6
BCEAO/IMECO/KKKSR1042A0BP,senegal,taux_investissement,2023,34.4
BCEAO/IMECO/KKKSR1042A0BP,senegal,taux_investissement,2024,33.3
BCEAO/IMECO/TTTSR1042A0BP,togo,taux_investissement,1990,36.14
BCEAO/IMECO/TTTSR1042A0BP,togo,taux_investissement,1991,37.43
BCEAO/IMECO/TTTSR1042A0BP,togo,taux_investissement,1992,36.63
BCEAO/IMECO/TTTSR1042A0BP,togo,taux_investissement,1993,7.84
BCEAO/IMECO/TTTSR1042A0BP,togo,taux_investissement,1994,33.26
BCEAO/IMECO/TTTSR1042A0BP,togo,taux_investissement,1995,37.72
BCEAO/IMECO/TTTSR1042A0BP,togo,taux_investissement,1996,27.36
BCEAO/IMECO/TTTSR1042A0BP,togo,taux_investissement,1997,26.19
BCEAO/IMECO/TTTSR1042A0BP,togo,taux_investissement,1998,20.97
BCEAO/IMECO/TTTSR1042A0BP,togo,taux_investissement,1999,20.4
BCEAO/IMECO/TTTSR1042A0BP,togo,taux_investissement,2000,29.5
BCEAO/IMECO/TTTSR1042A0BP,togo,taux_investissement,2001,29.32
BCEAO/IMECO/TTTSR1042A0BP,togo,taux_investissement,2002,30.67
BCEAO/IMECO/TTTSR1042A0BP,togo,taux_investissement,2003,32.1
BCEAO/IMECO/TTTSR1042A0BP,togo,taux_investissement,2004,35.56
BCEAO/IMECO/TTTSR1042A0BP,togo,taux_investissement,2005,25.11
BCEAO/IMECO/TTTSR1042A0BP,togo,taux_investissement,2006,19.02
BCEAO/IMECO/TTTSR1042A0BP,togo,taux_investissement,2007,18.78
BCEAO/IMECO/TTTSR1042A0BP,togo,taux_investissement,2008,17.09
BCEAO/IMECO/TTTSR1042A0BP,togo,taux_investissement,2009,14.49
BCEAO/IMECO/TTTSR1042A0BP,togo,taux_investissement,2010,15.84
BCEAO/IMECO/TTTSR1042A0BP,togo,taux_investissement,2011,19.9
BCEAO/IMECO/TTTSR1042A0BP,togo,taux_investissement,2012,17.7
BCEAO/IMECO/TTTSR1042A0BP,togo,taux_investissement,2013,22.11
BCEAO/IMECO/TTTSR1042A0BP,togo,taux_investissement,2014,22.38
BCEAO/IMECO/TTTSR1042A0BP,togo,taux_investissement,2015,25.19
BCEAO/IMECO/TTTSR1042A0BP,togo,taux_investissement,2016,20.2
BCEAO/IMECO/TTTSR1042A0BP,togo,taux_investissement,2017,16.8
BCEAO/IMECO/TTTSR1042A0BP,togo,taux_investissement,2018,19.1
BCEAO/IMECO/TTTSR1042A0BP,togo,taux_investissement,2019,18.6
BCEAO/IMECO/TTTSR1042A0BP,togo,taux_investissement,2020,21.3
BCEAO/IMECO/TTTSR1042A0BP,togo,taux_investissement,2021,19.86
BCEAO/IMECO/TTTSR1042A0BP,togo,taux_investissement,2022,21.4
BCEAO/IMECO/TTTSR1042A0BP,togo,taux_investissement,2023,21.3
BCEAO/IMECO/TTTSR1042A0BP,togo,taux_investissement,2024,22.9
BCEAO/IMECO/ZZZSR1042A0BP,uemoa,taux_investissement,1991,14.82
BCEAO/IMECO/ZZZSR1042A0BP,uemoa,taux_investissement,1992,16.16
BCEAO/IMECO/ZZZSR1042A0BP,uemoa,taux_investissement,1993,13.68
BCEAO/IMECO/ZZZSR1042A0BP,uemoa,taux_investissement,1994,17.25
BCEAO/IMECO/ZZZSR1042A0BP,uemoa,taux_investissement,1995,16.87
BCEAO/IMECO/ZZZSR1042A0BP,uemoa,taux_investissement,1996,17.23
BCEAO/IMECO/ZZZSR1042A0BP,uemoa,taux_investissement,1997,16.78
BCEAO/IMECO/ZZZSR1042A0BP,uemoa,taux_investissement,1998,15.89
BCEAO/IMECO/ZZZSR1042A0BP,uemoa,taux_investissement,1999,15.59
BCEAO/IMECO/ZZZSR1042A0BP,uemoa,taux_investissement,2000,16.07
BCEAO/IMECO/ZZZSR1042A0BP,uemoa,taux_investissement,2001,16.18
BCEAO/IMECO/ZZZSR1042A0BP,uemoa,taux_investissement,2002,15.62
BCEAO/IMECO/ZZZSR1042A0BP,uemoa,taux_investissement,2003,16.37
BCEAO/IMECO/ZZZSR1042A0BP,uemoa,taux_investissement,2004,16.63
BCEAO/IMECO/ZZZSR1042A0BP,uemoa,taux_investissement,2005,17.57
BCEAO/IMECO/ZZZSR1042A0BP,uemoa,taux_investissement,2006,16.57
BCEAO/IMECO/ZZZSR1042A0BP,uemoa,taux_investissement,2007,17.7
BCEAO/IMECO/ZZZSR1042A0BP,uemoa,taux_investissement,2008,18.85
BCEAO/IMECO/ZZZSR1042A0BP,uemoa,taux_investissement,2009,17.54
BCEAO/IMECO/ZZZSR1042A0BP,uemoa,taux_investissement,2010,19.19
BCEAO/IMECO/ZZZSR1042A0BP,uemoa,taux_investissement,2011,17.65
BCEAO/IMECO/ZZZSR1042A0BP,uemoa,taux_investissement,2012,19.74
BCEAO/IMECO/ZZZSR1042A0BP,uemoa,taux_investissement,2013,22.02
BCEAO/IMECO/ZZZSR1042A0BP,uemoa,taux_investissement,2014,23.5
BCEAO/IMECO/ZZZSR1042A0BP,uemoa,taux_investissement,2015,24.04
BCEAO/IMECO/ZZZSR1042A0BP,uemoa,taux_investissement,2016,23.7
BCEAO/IMECO/ZZZSR1042A0BP,uemoa,taux_investissement,2017,23.4
BCEAO/IMECO/ZZZSR1042A0BP,uemoa,taux_investissement,2018,24.7
BCEAO/IMECO/ZZZSR1042A0BP,uemoa,taux_investissement,2019,24.8
BCEAO/IMECO/ZZZSR1042A0BP,uemoa,taux_investissement,2020,24.1
BCEAO/IMECO/ZZZSR1042A0BP,uemoa,taux_investissement,2021,25.53
BCEAO/IMECO/ZZZSR1042A0BP,uemoa,taux_investissement,2022,28.7
BCEAO/IMECO/ZZZSR1042A0BP,uemoa,taux_investissement,2023,27.0
BCEAO/IMECO/ZZZSR1042A0BP,uemoa,taux_investissement,2024,26.1
BCEAO/IMECO/BBBSR3072A0BP,benin,inflation,1998,5.73
BCEAO/IMECO/BBBSR3072A0BP,benin,inflation,1999,0.35
BCEAO/IMECO/BBBSR3072A0BP,benin,inflation,2000,4.21
BCEAO/IMECO/BBBSR3072A0BP,benin,inflation,2001,3.98
BCEAO/IMECO/BBBSR3072A0BP,benin,inflation,2002,2.42
BCEAO/IMECO/BBBSR3072A0BP,benin,inflation,2003,1.51
BCEAO/IMECO/BBBSR3072A0BP,benin,inflation,2004,0.88
BCEAO/IMECO/BBBSR3072A0BP,benin,inflation,2005,5.36
BCEAO/IMECO/BBBSR3072A0BP,benin,inflation,2006,3.79
BCEAO/IMECO/BBBSR3072A0BP,benin,inflation,2007,1.29
BCEAO/IMECO/BBBSR3072A0BP,benin,inflation,2008,7.94
BCEAO/IMECO/BBBSR3072A0BP,benin,inflation,2009,0.44
BCEAO/IMECO/BBBSR3072A0BP,benin,inflation,2010,2.1
BCEAO/IMECO/BBBSR3072A0BP,benin,inflation,2011,2.7
BCEAO/IMECO/BBBSR3072A0BP,benin,inflation,2012,6.7
BCEAO/IMECO/BBBSR3072A0BP,benin,inflation,2013,1.0
BCEAO/IMECO/BBBSR3072A0BP,benin,inflation,2014,-1.1
BCEAO/IMECO/BBBSR3072A0BP,benin,inflation,2015,0.3
BCEAO/IMECO/BBBSR3072A0BP,benin,inflation,2016,-0.8
BCEAO/IMECO/BBBSR3072A0BP,benin,inflation,2017,1.8
BCEAO/IMECO/BBBSR3072A0BP,benin,inflation,2018,0.8
BCEAO/IMECO/BBBSR3072A0BP,benin,inflation,2019,-0.9
BCEAO/IMECO/BBBSR3072A0BP,benin,inflation,2020,3.0
BCEAO/IMECO/BBBSR3072A0BP,benin,inflation,2021,1.7
BCEAO/IMECO/BBBSR3072A0BP,benin,inflation,2022,1.4
BCEAO/IMECO/BBBSR3072A0BP,benin,inflation,2023,2.7
BCEAO/IMECO/BBBSR3072A0BP,benin,inflation,2024,1.2
BCEAO/IMECO/CCCSR3072A0BP,burkina,inflation,1998,4.91
BCEAO/IMECO/CCCSR3072A0BP,burkina,inflation,1999,-1.08
BCEAO/IMECO/CCCSR3072A0BP,burkina,inflation,2000,-0.17
BCEAO/IMECO/CCCSR3072A0BP,burkina,inflation,2001,4.73
BCEAO/IMECO/CCCSR3072A0BP,burkina,inflation,2002,2.3
BCEAO/IMECO/CCCSR3072A0BP,burkina,inflation,2003,2.04
BCEAO/IMECO/CCCSR3072A0BP,burkina,inflation,2004,-0.4
BCEAO/IMECO/CCCSR3072A0BP,burkina,inflation,2005,6.41
BCEAO/IMECO/CCCSR3072A0BP,burkina,inflation,2006,2.34
BCEAO/IMECO/CCCSR3072A0BP,burkina,inflation,2007,-0.23
BCEAO/IMECO/CCCSR3072A0BP,burkina,inflation,2008,10.67
BCEAO/IMECO/CCCSR3072A0BP,burkina,inflation,2009,0.86
BCEAO/IMECO/CCCSR3072A0BP,burkina,inflation,2010,-0.6
BCEAO/IMECO/CCCSR3072A0BP,burkina,inflation,2011,2.8
BCEAO/IMECO/CCCSR3072A0BP,burkina,inflation,2012,3.8
BCEAO/IMECO/CCCSR3072A0BP,burkina,inflation,2013,0.5
BCEAO/IMECO/CCCSR3072A0BP,burkina,inflation,2014,-0.3
BCEAO/IMECO/CCCSR3072A0BP,burkina,inflation,2015,0.9
BCEAO/IMECO/CCCSR3072A0BP,burkina,inflation,2016,-0.2
BCEAO/IMECO/CCCSR3072A0BP,burkina,inflation,2017,2.9
BCEAO/IMECO/CCCSR3072A0BP,burkina,inflation,2018,1.9
BCEAO/IMECO/CCCSR3072A0BP,burkina,inflation,2019,-3.2
BCEAO/IMECO/CCCSR3072A0BP,burkina,inflation,2020,1.9
BCEAO/IMECO/CCCSR3072A0BP,burkina,inflation,2021,3.9
BCEAO/IMECO/CCCSR3072A0BP,burkina,inflation,2022,14.1
BCEAO/IMECO/CCCSR3072A0BP,burkina,inflation,2023,0.7
BCEAO/IMECO/CCCSR3072A0BP,burkina,inflation,2024,4.2
BCEAO/IMECO/AAASR3072A0BP,cote_ivoire,inflation,1998,4.6
BCEAO/IMECO/AAASR3072A0BP,cote_ivoire,inflation,1999,0.7
BCEAO/IMECO/AAASR3072A0BP,cote_ivoire,inflation,2000,2.54
BCEAO/IMECO/AAASR3072A0BP,cote_ivoire,inflation,2001,4.35
BCEAO/IMECO/AAASR3072A0BP,cote_ivoire,inflation,2002,3.08
BCEAO/IMECO/AAASR3072A0BP,cote_ivoire,inflation,2003,3.3
BCEAO/IMECO/AAASR3072A0BP,cote_ivoire,inflation,2004,1.45
BCEAO/IMECO/AAASR3072A0BP,cote_ivoire,inflation,2005,3.89
BCEAO/IMECO/AAASR3072A0BP,cote_ivoire,inflation,2006,2.47
BCEAO/IMECO/AAASR3072A0BP,cote_ivoire,inflation,2007,1.89
BCEAO/IMECO/AAASR3072A0BP,cote_ivoire,inflation,2008,6.31
BCEAO/IMECO/AAASR3072A0BP,cote_ivoire,inflation,2009,0.52
BCEAO/IMECO/AAASR3072A0BP,cote_ivoire,inflation,2010,1.8
BCEAO/IMECO/AAASR3072A0BP,cote_ivoire,inflation,2011,4.9
BCEAO/IMECO/AAASR3072A0BP,cote_ivoire,inflation,2012,1.3
BCEAO/IMECO/AAASR3072A0BP,cote_ivoire,inflation,2013,2.6
BCEAO/IMECO/AAASR3072A0BP,cote_ivoire,inflation,2014,0.5
BCEAO/IMECO/AAASR3072A0BP,cote_ivoire,inflation,2015,1.2
BCEAO/IMECO/AAASR3072A0BP,cote_ivoire,inflation,2016,0.7
BCEAO/IMECO/AAASR3072A0BP,cote_ivoire,inflation,2017,0.4
BCEAO/IMECO/AAASR3072A0BP,cote_ivoire,inflation,2018,0.6
BCEAO/IMECO/AAASR3072A0BP,cote_ivoire,inflation,2019,0.8
BCEAO/IMECO/AAASR3072A0BP,cote_ivoire,inflation,2020,2.4
BCEAO/IMECO/AAASR3072A0BP,cote_ivoire,inflation,2021,4.2
BCEAO/IMECO/AAASR3072A0BP,cote_ivoire,inflation,2022,5.2
BCEAO/IMECO/AAASR3072A0BP,cote_ivoire,inflation,2023,4.4
BCEAO/IMECO/AAASR3072A0BP,cote_ivoire,inflation,2024,3.5
BCEAO/IMECO/SSSSR3072A0BP,guinee_bissau,inflation,2002,3.9
BCEAO/IMECO/SSSSR3072A0BP,guinee_bissau,inflation,2003,-3.55
BCEAO/IMECO/SSSSR3072A0BP,guinee_bissau,inflation,2004,0.86
BCEAO/IMECO/SSSSR3072A0BP,guinee_bissau,inflation,2005,3.36
BCEAO/IMECO/SSSSR3072A0BP,guinee_bissau,inflation,2006,1.96
BCEAO/IMECO/SSSSR3072A0BP,guinee_bissau,inflation,2007,4.62
BCEAO/IMECO/SSSSR3072A0BP,guinee_bissau,inflation,2008,7.91
BCEAO/IMECO/SSSSR3072A0BP,guinee_bissau,inflation,2009,-2.77
BCEAO/IMECO/SSSSR3072A0BP,guinee_bissau,inflation,2010,2.3
BCEAO/IMECO/SSSSR3072A0BP,guinee_bissau,inflation,2011,5.1
BCEAO/IMECO/SSSSR3072A0BP,guinee_bissau,inflation,2012,2.1
BCEAO/IMECO/SSSSR3072A0BP,guinee_bissau,inflation,2013,0.7
BCEAO/IMECO/SSSSR3072A0BP,guinee_bissau,inflation,2014,-1.0
BCEAO/IMECO/SSSSR3072A0BP,guinee_bissau,inflation,2015,1.5
BCEAO/IMECO/SSSSR3072A0BP,guinee_bissau,inflation,2016,1.5
BCEAO/IMECO/SSSSR3072A0BP,guinee_bissau,inflation,2017,1.0
BCEAO/IMECO/SSSSR3072A0BP,guinee_bissau,inflation,2018,0.4
BCEAO/IMECO/SSSSR3072A0BP,guinee_bissau,inflation,2019,0.2
BCEAO/IMECO/SSSSR3072A0BP,guinee_bissau,inflation,2020,1.5
BCEAO/IMECO/SSSSR3072A0BP,guinee_bissau,inflation,2021,3.3
BCEAO/IMECO/SSSSR3072A0BP,guinee_bissau,inflation,2022,7.9
BCEAO/IMECO/SSSSR3072A0BP,guinee_bissau,inflation,2023,7.2
BCEAO/IMECO/SSSSR3072A0BP,guinee_bissau,inflation,2024,3.7
BCEAO/IMECO/DDDSR3072A0BP,mali,inflation,1998,4.06
BCEAO/IMECO/DDDSR3072A0BP,mali,inflation,1999,-1.17
BCEAO/IMECO/DDDSR3072A0BP,mali,inflation,2000,-0.75
BCEAO/IMECO/DDDSR3072A0BP,mali,inflation,2001,5.18
BCEAO/IMECO/DDDSR3072A0BP,mali,inflation,2002,5.03
BCEAO/IMECO/DDDSR3072A0BP,mali,inflation,2003,-1.32
BCEAO/IMECO/DDDSR3072A0BP,mali,inflation,2004,-3.1
BCEAO/IMECO/DDDSR3072A0BP,mali,inflation,2005,6.42
BCEAO/IMECO/DDDSR3072A0BP,mali,inflation,2006,1.52
BCEAO/IMECO/DDDSR3072A0BP,mali,inflation,2007,1.42
BCEAO/IMECO/DDDSR3072A0BP,mali,inflation,2008,9.18
BCEAO/IMECO/DDDSR3072A0BP,mali,inflation,2009,2.38
BCEAO/IMECO/DDDSR3072A0BP,mali,inflation,2010,1.2
BCEAO/IMECO/DDDSR3072A0BP,mali,inflation,2011,3.0
BCEAO/IMECO/DDDSR3072A0BP,mali,inflation,2012,5.3
BCEAO/IMECO/DDDSR3072A0BP,mali,inflation,2013,-0.6
BCEAO/IMECO/DDDSR3072A0BP,mali,inflation,2014,0.9
BCEAO/IMECO/DDDSR3072A0BP,mali,inflation,2015,1.4
BCEAO/IMECO/DDDSR3072A0BP,mali,inflation,2016,-1.8
BCEAO/IMECO/DDDSR3072A0BP,mali,inflation,2017,2.4
BCEAO/IMECO/DDDSR3072A0BP,mali,inflation,2018,1.9
BCEAO/IMECO/DDDSR3072A0BP,mali,inflation,2019,-3.0
BCEAO/IMECO/DDDSR3072A0BP,mali,inflation,2020,0.5
BCEAO/IMECO/DDDSR3072A0BP,mali,inflation,2021,3.9
BCEAO/IMECO/DDDSR3072A0BP,mali,inflation,2022,9.7
BCEAO/IMECO/DDDSR3072A0BP,mali,inflation,2023,2.1
BCEAO/IMECO/DDDSR3072A0BP,mali,inflation,2024,3.2
BCEAO/IMECO/HHHSR3072A0BP,niger,inflation,1998,4.54
BCEAO/IMECO/HHHSR3072A0BP,niger,inflation,1999,-2.06
BCEAO/IMECO/HHHSR3072A0BP,niger,inflation,2000,2.69
BCEAO/IMECO/HHHSR3072A0BP,niger,inflation,2001,3.95
BCEAO/IMECO/HHHSR3072A0BP,niger,inflation,2002,2.49
BCEAO/IMECO/HHHSR3072A0BP,niger,inflation,2003,-1.47
BCEAO/IMECO/HHHSR3072A0BP,niger,inflation,2004,0.24
BCEAO/IMECO/HHHSR3072A0BP,niger,inflation,2005,7.82
BCEAO/IMECO/HHHSR3072A0BP,niger,inflation,2006,0.04
BCEAO/IMECO/HHHSR3072A0BP,niger,inflation,2007,0.06
BCEAO/IMECO/HHHSR3072A0BP,niger,inflation,2008,11.3
BCEAO/IMECO/HHHSR3072A0BP,niger,inflation,2009,0.45
BCEAO/IMECO/HHHSR3072A0BP,niger,inflation,2010,0.9
BCEAO/IMECO/HHHSR3072A0BP,niger,inflation,2011,2.9
BCEAO/IMECO/HHHSR3072A0BP,niger,inflation,2012,0.5
BCEAO/IMECO/HHHSR3072A0BP,niger,inflation,2013,2.3
BCEAO/IMECO/HHHSR3072A0BP,niger,inflation,2014,-0.9
BCEAO/IMECO/HHHSR3072A0BP,niger,inflation,2015,1.0
BCEAO/IMECO/HHHSR3072A0BP,niger,inflation,2016,0.2
BCEAO/IMECO/HHHSR3072A0BP,niger,inflation,2017,0.1
BCEAO/IMECO/HHHSR3072A0BP,niger,inflation,2018,2.8
BCEAO/IMECO/HHHSR3072A0BP,niger,inflation,2019,-2.5
BCEAO/IMECO/HHHSR3072A0BP,niger,inflation,2020,2.9
BCEAO/IMECO/HHHSR3072A0BP,niger,inflation,2021,3.8
BCEAO/IMECO/HHHSR3072A0BP,niger,inflation,2022,4.2
BCEAO/IMECO/HHHSR3072A0BP,niger,inflation,2023,3.7
BCEAO/IMECO/HHHSR3072A0BP,niger,inflation,2024,9.1
BCEAO/IMECO/KKKSR3072A0BP,senegal,inflation,1998,1.16
BCEAO/IMECO/KKKSR3072A0BP,senegal,inflation,1999,0.81
BCEAO/IMECO/KKKSR3072A0BP,senegal,inflation,2000,0.74
BCEAO/IMECO/KKKSR3072A0BP,senegal,inflation,2001,2.98
BCEAO/IMECO/KKKSR3072A0BP,senegal,inflation,2002,2.34
BCEAO/IMECO/KKKSR3072A0BP,senegal,inflation,2003,-0.03
BCEAO/IMECO/KKKSR3072A0BP,senegal,inflation,2004,0.5
BCEAO/IMECO/KKKSR3072A0BP,senegal,inflation,2005,1.71
BCEAO/IMECO/KKKSR3072A0BP,senegal,inflation,2006,2.12
BCEAO/IMECO/KKKSR3072A0BP,senegal,inflation,2007,5.86
BCEAO/IMECO/KKKSR3072A0BP,senegal,inflation,2008,5.76
BCEAO/IMECO/KKKSR3072A0BP,senegal,inflation,2009,-2.25
BCEAO/IMECO/KKKSR3072A0BP,senegal,inflation,2010,1.2
BCEAO/IMECO/KKKSR3072A0BP,senegal,inflation,2011,3.4
BCEAO/IMECO/KKKSR3072A0BP,senegal,inflation,2012,1.4
BCEAO/IMECO/KKKSR3072A0BP,senegal,inflation,2013,0.7
BCEAO/IMECO/KKKSR3072A0BP,senegal,inflation,2014,-1.1
BCEAO/IMECO/KKKSR3072A0BP,senegal,inflation,2015,0.2
BCEAO/IMECO/KKKSR3072A0BP,senegal,inflation,2016,0.8
BCEAO/IMECO/KKKSR3072A0BP,senegal,inflation,2017,2.2
BCEAO/IMECO/KKKSR3072A0BP,senegal,inflation,2018,0.5
BCEAO/IMECO/KKKSR3072A0BP,senegal,inflation,2019,1.0
BCEAO/IMECO/KKKSR3072A0BP,senegal,inflation,2020,2.5
BCEAO/IMECO/KKKSR3072A0BP,senegal,inflation,2021,2.2
BCEAO/IMECO/KKKSR3072A0BP,senegal,inflation,2022,9.7
BCEAO/IMECO/KKKSR3072A0BP,senegal,inflation,2023,5.9
BCEAO/IMECO/KKKSR3072A0BP,senegal,inflation,2024,0.8
BCEAO/IMECO/TTTSR3072A0BP,togo,inflation,1998,0.98
BCEAO/IMECO/TTTSR3072A0BP,togo,inflation,1999,-0.08
BCEAO/IMECO/TTTSR3072A0BP,togo,inflation,2000,1.89
BCEAO/IMECO/TTTSR3072A0BP,togo,inflation,2001,3.92
BCEAO/IMECO/TTTSR3072A0BP,togo,inflation,2002,3.06
BCEAO/IMECO/TTTSR3072A0BP,togo,inflation,2003,-0.93
BCEAO/IMECO/TTTSR3072A0BP,togo,inflation,2004,0.37
BCEAO/IMECO/TTTSR3072A0BP,togo,inflation,2005,6.8
BCEAO/IMECO/TTTSR3072A0BP,togo,inflation,2006,2.23
BCEAO/IMECO/TTTSR3072A0BP,togo,inflation,2007,0.95
BCEAO/IMECO/TTTSR3072A0BP,togo,inflation,2008,8.72
BCEAO/IMECO/TTTSR3072A0BP,togo,inflation,2009,3.71
BCEAO/IMECO/TTTSR3072A0BP,togo,inflation,2010,1.5
BCEAO/IMECO/TTTSR3072A0BP,togo,inflation,2011,3.6
BCEAO/IMECO/TTTSR3072A0BP,togo,inflation,2012,2.6
BCEAO/IMECO/TTTSR3072A0BP,togo,inflation,2013,1.8
BCEAO/IMECO/TTTSR3072A0BP,togo,inflation,2014,0.2
BCEAO/IMECO/TTTSR3072A0BP,togo,inflation,2015,1.8
BCEAO/IMECO/TTTSR3072A0BP,togo,inflation,2016,0.9
BCEAO/IMECO/TTTSR3072A0BP,togo,inflation,2017,-0.2
BCEAO/IMECO/TTTSR3072A0BP,togo,inflation,2018,0.9
BCEAO/IMECO/TTTSR3072A0BP,togo,inflation,2019,0.7
BCEAO/IMECO/TTTSR3072A0BP,togo,inflation,2020,1.8
BCEAO/IMECO/TTTSR3072A0BP,togo,inflation,2021,4.5
BCEAO/IMECO/TTTSR3072A0BP,togo,inflation,2022,7.6
BCEAO/IMECO/TTTSR3072A0BP,togo,inflation,2023,5.3
BCEAO/IMECO/TTTSR3072A0BP,togo,inflation,2024,2.9
BCEAO/IMECO/ZZZSR3072A0BP,uemoa,inflation,1998,3.63
BCEAO/IMECO/ZZZSR3072A0BP,uemoa,inflation,1999,0.18
BCEAO/IMECO/ZZZSR3072A0BP,uemoa,inflation,2000,1.79
BCEAO/IMECO/ZZZSR3072A0BP,uemoa,inflation,2001,4.05
BCEAO/IMECO/ZZZSR3072A0BP,uemoa,inflation,2002,2.92
BCEAO/IMECO/ZZZSR3072A0BP,uemoa,inflation,2003,1.34
BCEAO/IMECO/ZZZSR3072A0BP,uemoa,inflation,2004,1.27
BCEAO/IMECO/ZZZSR3072A0BP,uemoa,inflation,2005,4.34
BCEAO/IMECO/ZZZSR3072A0BP,uemoa,inflation,2006,2.26
BCEAO/IMECO/ZZZSR3072A0BP,uemoa,inflation,2007,2.36
BCEAO/IMECO/ZZZSR3072A0BP,uemoa,inflation,2008,7.4
BCEAO/IMECO/ZZZSR3072A0BP,uemoa,inflation,2009,0.39
BCEAO/IMECO/ZZZSR3072A0BP,uemoa,inflation,2010,1.4
BCEAO/IMECO/ZZZSR3072A0BP,uemoa,inflation,2011,3.9
BCEAO/IMECO/ZZZSR3072A0BP,uemoa,inflation,2012,2.4
BCEAO/IMECO/ZZZSR3072A0BP,uemoa,inflation,2013,1.5
BCEAO/IMECO/ZZZSR3072A0BP,uemoa,inflation,2014,-0.1
BCEAO/IMECO/ZZZSR3072A0BP,uemoa,inflation,2015,1.0
BCEAO/IMECO/ZZZSR3072A0BP,uemoa,inflation,2016,0.3
BCEAO/IMECO/ZZZSR3072A0BP,uemoa,inflation,2017,1.1
BCEAO/IMECO/ZZZSR3072A0BP,uemoa,inflation,2018,1.2
BCEAO/IMECO/ZZZSR3072A0BP,uemoa,inflation,2019,-0.7
BCEAO/IMECO/ZZZSR3072A0BP,uemoa,inflation,2020,2.1
BCEAO/IMECO/ZZZSR3072A0BP,uemoa,inflation,2021,3.6
BCEAO/IMECO/ZZZSR3072A0BP,uemoa,inflation,2022,7.4
BCEAO/IMECO/ZZZSR3072A0BP,uemoa,inflation,2023,3.7
BCEAO/IMECO/ZZZSR3072A0BP,uemoa,inflation,2024,3.5
BCEAO/IMECO/BBBFP3054A0FA,benin,dette_pib,2001,36.18
BCEAO/IMECO/BBBFP3054A0FA,benin,dette_pib,2002,32.36
BCEAO/IMECO/BBBFP3054A0FA,benin,dette_pib,2003,26.84
BCEAO/IMECO/BBBFP3054A0FA,benin,dette_pib,2004,25.31
BCEAO/IMECO/BBBFP3054A0FA,benin,dette_pib,2005,26.55
BCEAO/IMECO/BBBFP3054A0FA,benin,dette_pib,2006,14.14
BCEAO/IMECO/BBBFP3054A0FA,benin,dette_pib,2007,7.67
BCEAO/IMECO/BBBFP3054A0FA,benin,dette_pib,2008,10.32
BCEAO/IMECO/BBBFP3054A0FA,benin,dette_pib,2009,10.85
BCEAO/IMECO/BBBFP3054A0FA,benin,dette_pib,2010,12.6
BCEAO/IMECO/BBBFP3054A0FA,benin,dette_pib,2011,12.2
BCEAO/IMECO/BBBFP3054A0FA,benin,dette_pib,2012,11.2
BCEAO/IMECO/BBBFP3054A0FA,benin,dette_pib,2013,11.0
BCEAO/IMECO/BBBFP3054A0FA,benin,dette_pib,2014,13.1
BCEAO/IMECO/BBBFP3054A0FA,benin,dette_pib,2015,16.7
BCEAO/IMECO/BBBFP3054A0FA,benin,dette_pib,2016,18.3
BCEAO/IMECO/BBBFP3054A0FA,benin,dette_pib,2017,18.3
BCEAO/IMECO/BBBFP3054A0FA,benin,dette_pib,2018,20.7
BCEAO/IMECO/BBBFP3054A0FA,benin,dette_pib,2019,25.3
BCEAO/IMECO/BBBFP3054A0FA,benin,dette_pib,2020,28.4
BCEAO/IMECO/BBBFP3054A0FA,benin,dette_pib,2021,36.3
BCEAO/IMECO/BBBFP3054A0FA,benin,dette_pib,2022,54.1
BCEAO/IMECO/BBBFP3054A0FA,benin,dette_pib,2023,54.5
BCEAO/IMECO/BBBFP3054A0FA,benin,dette_pib,2024,53.7
BCEAO/IMECO/CCCFP3054A0FA,burkina,dette_pib,2001,43.32
BCEAO/IMECO/CCCFP3054A0FA,burkina,dette_pib,2002,38.63
BCEAO/IMECO/CCCFP3054A0FA,burkina,dette_pib,2003,33.61
BCEAO/IMECO/CCCFP3054A0FA,burkina,dette_pib,2004,34.72
BCEAO/IMECO/CCCFP3054A0FA,burkina,dette_pib,2005,36.11
BCEAO/IMECO/CCCFP3054A0FA,burkina,dette_pib,2006,17.28
BCEAO/IMECO/CCCFP3054A0FA,burkina,dette_pib,2007,18.2
BCEAO/IMECO/CCCFP3054A0FA,burkina,dette_pib,2008,18.75
BCEAO/IMECO/CCCFP3054A0FA,burkina,dette_pib,2009,20.67
BCEAO/IMECO/CCCFP3054A0FA,burkina,dette_pib,2010,22.4
BCEAO/IMECO/CCCFP3054A0FA,burkina,dette_pib,2011,20.6
BCEAO/IMECO/CCCFP3054A0FA,burkina,dette_pib,2012,20.1
BCEAO/IMECO/CCCFP3054A0FA,burkina,dette_pib,2013,19.5
BCEAO/IMECO/CCCFP3054A0FA,burkina,dette_pib,2014,20.5
BCEAO/IMECO/CCCFP3054A0FA,burkina,dette_pib,2015,23.1
BCEAO/IMECO/CCCFP3054A0FA,burkina,dette_pib,2016,23.2
BCEAO/IMECO/CCCFP3054A0FA,burkina,dette_pib,2017,21.3
BCEAO/IMECO/CCCFP3054A0FA,burkina,dette_pib,2018,21.6
BCEAO/IMECO/CCCFP3054A0FA,burkina,dette_pib,2019,23.3
BCEAO/IMECO/CCCFP3054A0FA,burkina,dette_pib,2020,24.2
BCEAO/IMECO/CCCFP3054A0FA,burkina,dette_pib,2021,26.2
BCEAO/IMECO/CCCFP3054A0FA,burkina,dette_pib,2022,58.5
BCEAO/IMECO/CCCFP3054A0FA,burkina,dette_pib,2023,57.1
BCEAO/IMECO/CCCFP3054A0FA,burkina,dette_pib,2024,58.7
BCEAO/IMECO/AAAFP3054A0FA,cote_ivoire,dette_pib,2001,54.3
BCEAO/IMECO/AAAFP3054A0FA,cote_ivoire,dette_pib,2002,51.75
BCEAO/IMECO/AAAFP3054A0FA,cote_ivoire,dette_pib,2003,44.62
BCEAO/IMECO/AAAFP3054A0FA,cote_ivoire,dette_pib,2004,41.16
BCEAO/IMECO/AAAFP3054A0FA,cote_ivoire,dette_pib,2005,37.47
BCEAO/IMECO/AAAFP3054A0FA,cote_ivoire,dette_pib,2006,34.76
BCEAO/IMECO/AAAFP3054A0FA,cote_ivoire,dette_pib,2007,30.42
BCEAO/IMECO/AAAFP3054A0FA,cote_ivoire,dette_pib,2008,26.52
BCEAO/IMECO/AAAFP3054A0FA,cote_ivoire,dette_pib,2009,33.69
BCEAO/IMECO/AAAFP3054A0FA,cote_ivoire,dette_pib,2010,32.9
BCEAO/IMECO/AAAFP3054A0FA,cote_ivoire,dette_pib,2011,37.4
BCEAO/IMECO/AAAFP3054A0FA,cote_ivoire,dette_pib,2012,20.6
BCEAO/IMECO/AAAFP3054A0FA,cote_ivoire,dette_pib,2013,12.2
BCEAO/IMECO/AAAFP3054A0FA,cote_ivoire,dette_pib,2014,13.7
BCEAO/IMECO/AAAFP3054A0FA,cote_ivoire,dette_pib,2015,16.6
BCEAO/IMECO/AAAFP3054A0FA,cote_ivoire,dette_pib,2016,17.3
BCEAO/IMECO/AAAFP3054A0FA,cote_ivoire,dette_pib,2017,18.9
BCEAO/IMECO/AAAFP3054A0FA,cote_ivoire,dette_pib,2018,23.4
BCEAO/IMECO/AAAFP3054A0FA,cote_ivoire,dette_pib,2019,25.1
BCEAO/IMECO/AAAFP3054A0FA,cote_ivoire,dette_pib,2020,29.7
BCEAO/IMECO/AAAFP3054A0FA,cote_ivoire,dette_pib,2021,30.5
BCEAO/IMECO/AAAFP3054A0FA,cote_ivoire,dette_pib,2022,56.6
BCEAO/IMECO/AAAFP3054A0FA,cote_ivoire,dette_pib,2023,58.1
BCEAO/IMECO/AAAFP3054A0FA,cote_ivoire,dette_pib,2024,58.0
BCEAO/IMECO/SSSFP3054A0FA,guinee_bissau,dette_pib,2001,184.88
BCEAO/IMECO/SSSFP3054A0FA,guinee_bissau,dette_pib,2002,150.92
BCEAO/IMECO/SSSFP3054A0FA,guinee_bissau,dette_pib,2003,160.51
BCEAO/IMECO/SSSFP3054A0FA,guinee_bissau,dette_pib,2004,165.08
BCEAO/IMECO/SSSFP3054A0FA,guinee_bissau,dette_pib,2005,141.91
BCEAO/IMECO/SSSFP3054A0FA,guinee_bissau,dette_pib,2006,145.59
BCEAO/IMECO/SSSFP3054A0FA,guinee_bissau,dette_pib,2007,156.51
BCEAO/IMECO/SSSFP3054A0FA,guinee_bissau,dette_pib,2008,126.25
BCEAO/IMECO/SSSFP3054A0FA,guinee_bissau,dette_pib,2009,118.22
BCEAO/IMECO/SSSFP3054A0FA,guinee_bissau,dette_pib,2010,29.8
BCEAO/IMECO/SSSFP3054A0FA,guinee_bissau,dette_pib,2011,27.0
BCEAO/IMECO/SSSFP3054A0FA,guinee_bissau,dette_pib,2012,30.2
BCEAO/IMECO/SSSFP3054A0FA,guinee_bissau,dette_pib,2013,29.4
BCEAO/IMECO/SSSFP3054A0FA,guinee_bissau,dette_pib,2014,32.6
BCEAO/IMECO/SSSFP3054A0FA,guinee_bissau,dette_pib,2015,27.7
BCEAO/IMECO/SSSFP3054A0FA,guinee_bissau,dette_pib,2016,27.1
BCEAO/IMECO/SSSFP3054A0FA,guinee_bissau,dette_pib,2017,29.1
BCEAO/IMECO/SSSFP3054A0FA,guinee_bissau,dette_pib,2018,28.8
BCEAO/IMECO/SSSFP3054A0FA,guinee_bissau,dette_pib,2019,34.8
BCEAO/IMECO/SSSFP3054A0FA,guinee_bissau,dette_pib,2020,38.5
BCEAO/IMECO/SSSFP3054A0FA,guinee_bissau,dette_pib,2021,36.2
BCEAO/IMECO/SSSFP3054A0FA,guinee_bissau,dette_pib,2022,77.1
BCEAO/IMECO/SSSFP3054A0FA,guinee_bissau,dette_pib,2023,80.8
BCEAO/IMECO/SSSFP3054A0FA,guinee_bissau,dette_pib,2024,81.4
BCEAO/IMECO/DDDFP3054A0FA,mali,dette_pib,2001,85.76
BCEAO/IMECO/DDDFP3054A0FA,mali,dette_pib,2002,69.95
BCEAO/IMECO/DDDFP3054A0FA,mali,dette_pib,2003,60.99
BCEAO/IMECO/DDDFP3054A0FA,mali,dette_pib,2004,59.09
BCEAO/IMECO/DDDFP3054A0FA,mali,dette_pib,2005,62.64
BCEAO/IMECO/DDDFP3054A0FA,mali,dette_pib,2006,19.1
BCEAO/IMECO/DDDFP3054A0FA,mali,dette_pib,2007,18.34
BCEAO/IMECO/DDDFP3054A0FA,mali,dette_pib,2008,20.53
BCEAO/IMECO/DDDFP3054A0FA,mali,dette_pib,2009,21.04
BCEAO/IMECO/DDDFP3054A0FA,mali,dette_pib,2010,24.6
BCEAO/IMECO/DDDFP3054A0FA,mali,dette_pib,2011,23.2
BCEAO/IMECO/DDDFP3054A0FA,mali,dette_pib,2012,21.7
BCEAO/IMECO/DDDFP3054A0FA,mali,dette_pib,2013,22.1
BCEAO/IMECO/DDDFP3054A0FA,mali,dette_pib,2014,20.9
BCEAO/IMECO/DDDFP3054A0FA,mali,dette_pib,2015,22.6
BCEAO/IMECO/DDDFP3054A0FA,mali,dette_pib,2016,20.9
BCEAO/IMECO/DDDFP3054A0FA,mali,dette_pib,2017,20.5
BCEAO/IMECO/DDDFP3054A0FA,mali,dette_pib,2018,20.2
BCEAO/IMECO/DDDFP3054A0FA,mali,dette_pib,2019,22.4
BCEAO/IMECO/DDDFP3054A0FA,mali,dette_pib,2020,25.1
BCEAO/IMECO/DDDFP3054A0FA,mali,dette_pib,2021,24.4
BCEAO/IMECO/DDDFP3054A0FA,mali,dette_pib,2022,42.4
BCEAO/IMECO/DDDFP3054A0FA,mali,dette_pib,2023,44.1
BCEAO/IMECO/DDDFP3054A0FA,mali,dette_pib,2024,41.7
BCEAO/IMECO/HHHFP3054A0FA,niger,dette_pib,2001,57.89
BCEAO/IMECO/HHHFP3054A0FA,niger,dette_pib,2002,55.47
BCEAO/IMECO/HHHFP3054A0FA,niger,dette_pib,2003,47.61
BCEAO/IMECO/HHHFP3054A0FA,niger,dette_pib,2004,43.63
BCEAO/IMECO/HHHFP3054A0FA,niger,dette_pib,2005,40.47
BCEAO/IMECO/HHHFP3054A0FA,niger,dette_pib,2006,11.07
BCEAO/IMECO/HHHFP3054A0FA,niger,dette_pib,2007,11.73
BCEAO/IMECO/HHHFP3054A0FA,niger,dette_pib,2008,12.18
BCEAO/IMECO/HHHFP3054A0FA,niger,dette_pib,2009,12.94
BCEAO/IMECO/HHHFP3054A0FA,niger,dette_pib,2010,12.7
BCEAO/IMECO/HHHFP3054A0FA,niger,dette_pib,2011,12.2
BCEAO/IMECO/HHHFP3054A0FA,niger,dette_pib,2012,11.8
BCEAO/IMECO/HHHFP3054A0FA,niger,dette_pib,2013,13.6
BCEAO/IMECO/HHHFP3054A0FA,niger,dette_pib,2014,14.1
BCEAO/IMECO/HHHFP3054A0FA,niger,dette_pib,2015,19.9
BCEAO/IMECO/HHHFP3054A0FA,niger,dette_pib,2016,22.2
BCEAO/IMECO/HHHFP3054A0FA,niger,dette_pib,2017,24.2
BCEAO/IMECO/HHHFP3054A0FA,niger,dette_pib,2018,24.4
BCEAO/IMECO/HHHFP3054A0FA,niger,dette_pib,2019,26.1
BCEAO/IMECO/HHHFP3054A0FA,niger,dette_pib,2020,31.0
BCEAO/IMECO/HHHFP3054A0FA,niger,dette_pib,2021,33.0
BCEAO/IMECO/HHHFP3054A0FA,niger,dette_pib,2022,50.7
BCEAO/IMECO/HHHFP3054A0FA,niger,dette_pib,2023,52.4
BCEAO/IMECO/HHHFP3054A0FA,niger,dette_pib,2024,48.0
BCEAO/IMECO/KKKFP3054A0FA,senegal,dette_pib,2001,53.83
BCEAO/IMECO/KKKFP3054A0FA,senegal,dette_pib,2002,48.3
BCEAO/IMECO/KKKFP3054A0FA,senegal,dette_pib,2003,39.25
BCEAO/IMECO/KKKFP3054A0FA,senegal,dette_pib,2004,33.92
BCEAO/IMECO/KKKFP3054A0FA,senegal,dette_pib,2005,32.52
BCEAO/IMECO/KKKFP3054A0FA,senegal,dette_pib,2006,13.64
BCEAO/IMECO/KKKFP3054A0FA,senegal,dette_pib,2007,13.71
BCEAO/IMECO/KKKFP3054A0FA,senegal,dette_pib,2008,14.82
BCEAO/IMECO/KKKFP3054A0FA,senegal,dette_pib,2009,18.0
BCEAO/IMECO/KKKFP3054A0FA,senegal,dette_pib,2010,18.2
BCEAO/IMECO/KKKFP3054A0FA,senegal,dette_pib,2011,19.9
BCEAO/IMECO/KKKFP3054A0FA,senegal,dette_pib,2012,22.7
BCEAO/IMECO/KKKFP3054A0FA,senegal,dette_pib,2013,23.2
BCEAO/IMECO/KKKFP3054A0FA,senegal,dette_pib,2014,29.4
BCEAO/IMECO/KKKFP3054A0FA,senegal,dette_pib,2015,31.6
BCEAO/IMECO/KKKFP3054A0FA,senegal,dette_pib,2016,33.9
BCEAO/IMECO/KKKFP3054A0FA,senegal,dette_pib,2017,37.3
BCEAO/IMECO/KKKFP3054A0FA,senegal,dette_pib,2018,48.6
BCEAO/IMECO/KKKFP3054A0FA,senegal,dette_pib,2019,50.3
BCEAO/IMECO/KKKFP3054A0FA,senegal,dette_pib,2020,52.7
BCEAO/IMECO/KKKFP3054A0FA,senegal,dette_pib,2021,53.6
BCEAO/IMECO/KKKFP3054A0FA,senegal,dette_pib,2022,87.1
BCEAO/IMECO/KKKFP3054A0FA,senegal,dette_pib,2023,99.2
BCEAO/IMECO/KKKFP3054A0FA,senegal,dette_pib,2024,103.0
BCEAO/IMECO/TTTFP3054A0FA,togo,dette_pib,2001,87.53
BCEAO/IMECO/TTTFP3054A0FA,togo,dette_pib,2002,75.47
BCEAO/IMECO/TTTFP3054A0FA,togo,dette_pib,2003,67.4
BCEAO/IMECO/TTTFP3054A0FA,togo,dette_pib,2004,65.57
BCEAO/IMECO/TTTFP3054A0FA,togo,dette_pib,2005,68.2
BCEAO/IMECO/TTTFP3054A0FA,togo,dette_pib,2006,68.37
BCEAO/IMECO/TTTFP3054A0FA,togo,dette_pib,2007,66.48
BCEAO/IMECO/TTTFP3054A0FA,togo,dette_pib,2008,45.87
BCEAO/IMECO/TTTFP3054A0FA,togo,dette_pib,2009,48.46
BCEAO/IMECO/TTTFP3054A0FA,togo,dette_pib,2010,15.3
BCEAO/IMECO/TTTFP3054A0FA,togo,dette_pib,2011,13.3
BCEAO/IMECO/TTTFP3054A0FA,togo,dette_pib,2012,10.1
BCEAO/IMECO/TTTFP3054A0FA,togo,dette_pib,2013,12.0
BCEAO/IMECO/TTTFP3054A0FA,togo,dette_pib,2014,12.1
BCEAO/IMECO/TTTFP3054A0FA,togo,dette_pib,2015,15.5
BCEAO/IMECO/TTTFP3054A0FA,togo,dette_pib,2016,15.7
BCEAO/IMECO/TTTFP3054A0FA,togo,dette_pib,2017,14.8
BCEAO/IMECO/TTTFP3054A0FA,togo,dette_pib,2018,15.4
BCEAO/IMECO/TTTFP3054A0FA,togo,dette_pib,2019,18.3
BCEAO/IMECO/TTTFP3054A0FA,togo,dette_pib,2020,23.0
BCEAO/IMECO/TTTFP3054A0FA,togo,dette_pib,2021,23.0
BCEAO/IMECO/TTTFP3054A0FA,togo,dette_pib,2022,65.4
BCEAO/IMECO/TTTFP3054A0FA,togo,dette_pib,2023,66.1
BCEAO/IMECO/TTTFP3054A0FA,togo,dette_pib,2024,68.2
BCEAO/IMECO/ZZZFP3054A0FA,uemoa,dette_pib,2001,53.03
BCEAO/IMECO/ZZZFP3054A0FA,uemoa,dette_pib,2002,50.35
BCEAO/IMECO/ZZZFP3054A0FA,uemoa,dette_pib,2003,43.8
BCEAO/IMECO/ZZZFP3054A0FA,uemoa,dette_pib,2004,39.85
BCEAO/IMECO/ZZZFP3054A0FA,uemoa,dette_pib,2005,37.82
BCEAO/IMECO/ZZZFP3054A0FA,uemoa,dette_pib,2006,23.8
BCEAO/IMECO/ZZZFP3054A0FA,uemoa,dette_pib,2007,21.65
BCEAO/IMECO/ZZZFP3054A0FA,uemoa,dette_pib,2008,21.35
BCEAO/IMECO/ZZZFP3054A0FA,uemoa,dette_pib,2009,24.9
BCEAO/IMECO/ZZZFP3054A0FA,uemoa,dette_pib,2010,23.4
BCEAO/IMECO/ZZZFP3054A0FA,uemoa,dette_pib,2011,24.2
BCEAO/IMECO/ZZZFP3054A0FA,uemoa,dette_pib,2012,18.8
BCEAO/IMECO/ZZZFP3054A0FA,uemoa,dette_pib,2013,16.0
BCEAO/IMECO/ZZZFP3054A0FA,uemoa,dette_pib,2014,17.7
BCEAO/IMECO/ZZZFP3054A0FA,uemoa,dette_pib,2015,20.6
BCEAO/IMECO/ZZZFP3054A0FA,uemoa,dette_pib,2016,21.4
BCEAO/IMECO/ZZZFP3054A0FA,uemoa,dette_pib,2017,22.5
BCEAO/IMECO/ZZZFP3054A0FA,uemoa,dette_pib,2018,26.1
BCEAO/IMECO/ZZZFP3054A0FA,uemoa,dette_pib,2019,28.2
BCEAO/IMECO/ZZZFP3054A0FA,uemoa,dette_pib,2020,31.7
BCEAO/IMECO/ZZZFP3054A0FA,uemoa,dette_pib,2021,33.2
BCEAO/IMECO/ZZZFP3054A0FA,uemoa,dette_pib,2022,59.6
BCEAO/IMECO/ZZZFP3054A0FA,uemoa,dette_pib,2023,62.3
BCEAO/IMECO/ZZZFP3054A0FA,uemoa,dette_pib,2024,62.4
BCEAO/IMECO/BBBFP1098A0AP,benin,solde_budgetaire_pib,2008,-1.18
BCEAO/IMECO/BBBFP1098A0AP,benin,solde_budgetaire_pib,2009,-2.83
BCEAO/IMECO/BBBFP1098A0AP,benin,solde_budgetaire_pib,2010,-1.1
BCEAO/IMECO/BBBFP1098A0AP,benin,solde_budgetaire_pib,2011,-1.0
BCEAO/IMECO/BBBFP1098A0AP,benin,solde_budgetaire_pib,2012,-0.3
BCEAO/IMECO/BBBFP1098A0AP,benin,solde_budgetaire_pib,2013,-1.9
BCEAO/IMECO/BBBFP1098A0AP,benin,solde_budgetaire_pib,2014,-1.4
BCEAO/IMECO/BBBFP1098A0AP,benin,solde_budgetaire_pib,2015,-5.9
BCEAO/IMECO/BBBFP1098A0AP,benin,solde_budgetaire_pib,2016,-4.4
BCEAO/IMECO/BBBFP1098A0AP,benin,solde_budgetaire_pib,2017,-4.3
BCEAO/IMECO/BBBFP1098A0AP,benin,solde_budgetaire_pib,2018,-2.9
BCEAO/IMECO/BBBFP1098A0AP,benin,solde_budgetaire_pib,2019,-0.5
BCEAO/IMECO/BBBFP1098A0AP,benin,solde_budgetaire_pib,2020,-4.7
BCEAO/IMECO/BBBFP1098A0AP,benin,solde_budgetaire_pib,2021,-5.7
BCEAO/IMECO/BBBFP1098A0AP,benin,solde_budgetaire_pib,2022,-5.5
BCEAO/IMECO/BBBFP1098A0AP,benin,solde_budgetaire_pib,2023,-4.1
BCEAO/IMECO/BBBFP1098A0AP,benin,solde_budgetaire_pib,2024,-3.7
BCEAO/IMECO/CCCFP1098A0AP,burkina,solde_budgetaire_pib,2009,-4.23
BCEAO/IMECO/CCCFP1098A0AP,burkina,solde_budgetaire_pib,2010,-3.9
BCEAO/IMECO/CCCFP1098A0AP,burkina,solde_budgetaire_pib,2011,-2.1
BCEAO/IMECO/CCCFP1098A0AP,burkina,solde_budgetaire_pib,2012,-2.8
BCEAO/IMECO/CCCFP1098A0AP,burkina,solde_budgetaire_pib,2013,-3.2
BCEAO/IMECO/CCCFP1098A0AP,burkina,solde_budgetaire_pib,2014,-1.7
BCEAO/IMECO/CCCFP1098A0AP,burkina,solde_budgetaire_pib,2015,-1.9
BCEAO/IMECO/CCCFP1098A0AP,burkina,solde_budgetaire_pib,2016,-3.0
BCEAO/IMECO/CCCFP1098A0AP,burkina,solde_budgetaire_pib,2017,-6.9
BCEAO/IMECO/CCCFP1098A0AP,burkina,solde_budgetaire_pib,2018,-4.3
BCEAO/IMECO/CCCFP1098A0AP,burkina,solde_budgetaire_pib,2019,-2.7
BCEAO/IMECO/CCCFP1098A0AP,burkina,solde_budgetaire_pib,2020,-5.5
BCEAO/IMECO/CCCFP1098A0AP,burkina,solde_budgetaire_pib,2021,-5.9
BCEAO/IMECO/CCCFP1098A0AP,burkina,solde_budgetaire_pib,2022,-10.7
BCEAO/IMECO/CCCFP1098A0AP,burkina,solde_budgetaire_pib,2023,-6.7
BCEAO/IMECO/CCCFP1098A0AP,burkina,solde_budgetaire_pib,2024,-5.2
BCEAO/IMECO/AAAFP1098A0AP,cote_ivoire,solde_budgetaire_pib,2008,-0.27
BCEAO/IMECO/AAAFP1098A0AP,cote_ivoire,solde_budgetaire_pib,2009,0.62
BCEAO/IMECO/AAAFP1098A0AP,cote_ivoire,solde_budgetaire_pib,2010,-1.3
BCEAO/IMECO/AAAFP1098A0AP,cote_ivoire,solde_budgetaire_pib,2011,-2.9
BCEAO/IMECO/AAAFP1098A0AP,cote_ivoire,solde_budgetaire_pib,2012,-2.3
BCEAO/IMECO/AAAFP1098A0AP,cote_ivoire,solde_budgetaire_pib,2013,-1.6
BCEAO/IMECO/AAAFP1098A0AP,cote_ivoire,solde_budgetaire_pib,2014,-1.6
BCEAO/IMECO/AAAFP1098A0AP,cote_ivoire,solde_budgetaire_pib,2015,-2.0
BCEAO/IMECO/AAAFP1098A0AP,cote_ivoire,solde_budgetaire_pib,2016,-2.9
BCEAO/IMECO/AAAFP1098A0AP,cote_ivoire,solde_budgetaire_pib,2017,-3.3
BCEAO/IMECO/AAAFP1098A0AP,cote_ivoire,solde_budgetaire_pib,2018,-2.9
BCEAO/IMECO/AAAFP1098A0AP,cote_ivoire,solde_budgetaire_pib,2019,-2.2
BCEAO/IMECO/AAAFP1098A0AP,cote_ivoire,solde_budgetaire_pib,2020,-6.0
BCEAO/IMECO/AAAFP1098A0AP,cote_ivoire,solde_budgetaire_pib,2021,-4.9
BCEAO/IMECO/AAAFP1098A0AP,cote_ivoire,solde_budgetaire_pib,2022,-6.8
BCEAO/IMECO/AAAFP1098A0AP,cote_ivoire,solde_budgetaire_pib,2023,-5.3
BCEAO/IMECO/AAAFP1098A0AP,cote_ivoire,solde_budgetaire_pib,2024,-4.1
BCEAO/IMECO/SSSFP1098A0AP,guinee_bissau,solde_budgetaire_pib,2001,-4.63
BCEAO/IMECO/SSSFP1098A0AP,guinee_bissau,solde_budgetaire_pib,2002,-4.94
BCEAO/IMECO/SSSFP1098A0AP,guinee_bissau,solde_budgetaire_pib,2003,-7.13
BCEAO/IMECO/SSSFP1098A0AP,guinee_bissau,solde_budgetaire_pib,2004,-8.53
BCEAO/IMECO/SSSFP1098A0AP,guinee_bissau,solde_budgetaire_pib,2005,-5.63
BCEAO/IMECO/SSSFP1098A0AP,guinee_bissau,solde_budgetaire_pib,2006,-2.44
BCEAO/IMECO/SSSFP1098A0AP,guinee_bissau,solde_budgetaire_pib,2007,-2.36
BCEAO/IMECO/SSSFP1098A0AP,guinee_bissau,solde_budgetaire_pib,2008,-3.62
BCEAO/IMECO/SSSFP1098A0AP,guinee_bissau,solde_budgetaire_pib,2009,2.82
BCEAO/IMECO/SSSFP1098A0AP,guinee_bissau,solde_budgetaire_pib,2010,0.1
BCEAO/IMECO/SSSFP1098A0AP,guinee_bissau,solde_budgetaire_pib,2011,1.8
BCEAO/IMECO/SSSFP1098A0AP,guinee_bissau,solde_budgetaire_pib,2012,-1.9
BCEAO/IMECO/SSSFP1098A0AP,guinee_bissau,solde_budgetaire_pib,2013,-2.8
BCEAO/IMECO/SSSFP1098A0AP,guinee_bissau,solde_budgetaire_pib,2014,-2.9
BCEAO/IMECO/SSSFP1098A0AP,guinee_bissau,solde_budgetaire_pib,2015,-7.5
BCEAO/IMECO/SSSFP1098A0AP,guinee_bissau,solde_budgetaire_pib,2016,-5.4
BCEAO/IMECO/SSSFP1098A0AP,guinee_bissau,solde_budgetaire_pib,2017,-1.4
BCEAO/IMECO/SSSFP1098A0AP,guinee_bissau,solde_budgetaire_pib,2018,-4.4
BCEAO/IMECO/SSSFP1098A0AP,guinee_bissau,solde_budgetaire_pib,2019,-3.4
BCEAO/IMECO/SSSFP1098A0AP,guinee_bissau,solde_budgetaire_pib,2020,-8.8
BCEAO/IMECO/SSSFP1098A0AP,guinee_bissau,solde_budgetaire_pib,2021,-7.2
BCEAO/IMECO/SSSFP1098A0AP,guinee_bissau,solde_budgetaire_pib,2022,-6.4
BCEAO/IMECO/SSSFP1098A0AP,guinee_bissau,solde_budgetaire_pib,2023,-8.6
BCEAO/IMECO/SSSFP1098A0AP,guinee_bissau,solde_budgetaire_pib,2024,-4.9
BCEAO/IMECO/DDDFP1098A0AP,mali,solde_budgetaire_pib,2001,-4.41
BCEAO/IMECO/DDDFP1098A0AP,mali,solde_budgetaire_pib,2002,-3.09
BCEAO/IMECO/DDDFP1098A0AP,mali,solde_budgetaire_pib,2003,-0.63
BCEAO/IMECO/DDDFP1098A0AP,mali,solde_budgetaire_pib,2004,-2.65
BCEAO/IMECO/DDDFP1098A0AP,mali,solde_budgetaire_pib,2005,-2.84
BCEAO/IMECO/DDDFP1098A0AP,mali,solde_budgetaire_pib,2006,27.78
BCEAO/IMECO/DDDFP1098A0AP,mali,solde_budgetaire_pib,2007,-2.79
BCEAO/IMECO/DDDFP1098A0AP,mali,solde_budgetaire_pib,2008,-1.99
BCEAO/IMECO/DDDFP1098A0AP,mali,solde_budgetaire_pib,2009,-3.72
BCEAO/IMECO/DDDFP1098A0AP,mali,solde_budgetaire_pib,2010,-2.4
BCEAO/IMECO/DDDFP1098A0AP,mali,solde_budgetaire_pib,2011,-3.5
BCEAO/IMECO/DDDFP1098A0AP,mali,solde_budgetaire_pib,2012,-1.1
BCEAO/IMECO/DDDFP1098A0AP,mali,solde_budgetaire_pib,2013,-2.4
BCEAO/IMECO/DDDFP1098A0AP,mali,solde_budgetaire_pib,2014,-2.9
BCEAO/IMECO/DDDFP1098A0AP,mali,solde_budgetaire_pib,2015,-2.4
BCEAO/IMECO/DDDFP1098A0AP,mali,solde_budgetaire_pib,2016,-3.3
BCEAO/IMECO/DDDFP1098A0AP,mali,solde_budgetaire_pib,2017,-2.4
BCEAO/IMECO/DDDFP1098A0AP,mali,solde_budgetaire_pib,2018,-4.0
BCEAO/IMECO/DDDFP1098A0AP,mali,solde_budgetaire_pib,2019,-1.4
BCEAO/IMECO/DDDFP1098A0AP,mali,solde_budgetaire_pib,2020,-4.6
BCEAO/IMECO/DDDFP1098A0AP,mali,solde_budgetaire_pib,2021,-4.1
BCEAO/IMECO/DDDFP1098A0AP,mali,solde_budgetaire_pib,2022,-4.1
BCEAO/IMECO/DDDFP1098A0AP,mali,solde_budgetaire_pib,2023,-3.4
BCEAO/IMECO/DDDFP1098A0AP,mali,solde_budgetaire_pib,2024,-2.3
BCEAO/IMECO/HHHFP1098A0AP,niger,solde_budgetaire_pib,2001,-6.19
BCEAO/IMECO/HHHFP1098A0AP,niger,solde_budgetaire_pib,2002,-5.94
BCEAO/IMECO/HHHFP1098A0AP,niger,solde_budgetaire_pib,2003,-1.54
BCEAO/IMECO/HHHFP1098A0AP,niger,solde_budgetaire_pib,2004,-1.81
BCEAO/IMECO/HHHFP1098A0AP,niger,solde_budgetaire_pib,2005,-0.7
BCEAO/IMECO/HHHFP1098A0AP,niger,solde_budgetaire_pib,2006,29.62
BCEAO/IMECO/HHHFP1098A0AP,niger,solde_budgetaire_pib,2007,-0.68
BCEAO/IMECO/HHHFP1098A0AP,niger,solde_budgetaire_pib,2008,1.18
BCEAO/IMECO/HHHFP1098A0AP,niger,solde_budgetaire_pib,2009,-4.2
BCEAO/IMECO/HHHFP1098A0AP,niger,solde_budgetaire_pib,2010,-1.8
BCEAO/IMECO/HHHFP1098A0AP,niger,solde_budgetaire_pib,2011,-1.5
BCEAO/IMECO/HHHFP1098A0AP,niger,solde_budgetaire_pib,2012,-0.9
BCEAO/IMECO/HHHFP1098A0AP,niger,solde_budgetaire_pib,2013,-1.9
BCEAO/IMECO/HHHFP1098A0AP,niger,solde_budgetaire_pib,2014,-6.1
BCEAO/IMECO/HHHFP1098A0AP,niger,solde_budgetaire_pib,2015,-6.8
BCEAO/IMECO/HHHFP1098A0AP,niger,solde_budgetaire_pib,2016,-4.4
BCEAO/IMECO/HHHFP1098A0AP,niger,solde_budgetaire_pib,2017,-4.1
BCEAO/IMECO/HHHFP1098A0AP,niger,solde_budgetaire_pib,2018,-3.0
BCEAO/IMECO/HHHFP1098A0AP,niger,solde_budgetaire_pib,2019,-3.6
BCEAO/IMECO/HHHFP1098A0AP,niger,solde_budgetaire_pib,2020,-5.3
BCEAO/IMECO/HHHFP1098A0AP,niger,solde_budgetaire_pib,2021,-6.1
BCEAO/IMECO/HHHFP1098A0AP,niger,solde_budgetaire_pib,2022,-6.8
BCEAO/IMECO/HHHFP1098A0AP,niger,solde_budgetaire_pib,2023,-5.4
BCEAO/IMECO/HHHFP1098A0AP,niger,solde_budgetaire_pib,2024,-4.1
BCEAO/IMECO/KKKFP1098A0AP,senegal,solde_budgetaire_pib,2001,-1.44
BCEAO/IMECO/KKKFP1098A0AP,senegal,solde_budgetaire_pib,2002,-0.07
BCEAO/IMECO/KKKFP1098A0AP,senegal,solde_budgetaire_pib,2003,-1.02
BCEAO/IMECO/KKKFP1098A0AP,senegal,solde_budgetaire_pib,2004,-2.69
BCEAO/IMECO/KKKFP1098A0AP,senegal,solde_budgetaire_pib,2005,-2.34
BCEAO/IMECO/KKKFP1098A0AP,senegal,solde_budgetaire_pib,2006,-4.56
BCEAO/IMECO/KKKFP1098A0AP,senegal,solde_budgetaire_pib,2007,-2.79
BCEAO/IMECO/KKKFP1098A0AP,senegal,solde_budgetaire_pib,2008,-3.64
BCEAO/IMECO/KKKFP1098A0AP,senegal,solde_budgetaire_pib,2009,-3.87
BCEAO/IMECO/KKKFP1098A0AP,senegal,solde_budgetaire_pib,2010,-4.2
BCEAO/IMECO/KKKFP1098A0AP,senegal,solde_budgetaire_pib,2011,-5.4
BCEAO/IMECO/KKKFP1098A0AP,senegal,solde_budgetaire_pib,2012,-4.7
BCEAO/IMECO/KKKFP1098A0AP,senegal,solde_budgetaire_pib,2013,-4.3
BCEAO/IMECO/KKKFP1098A0AP,senegal,solde_budgetaire_pib,2014,-4.0
BCEAO/IMECO/KKKFP1098A0AP,senegal,solde_budgetaire_pib,2015,-3.7
BCEAO/IMECO/KKKFP1098A0AP,senegal,solde_budgetaire_pib,2016,-3.3
BCEAO/IMECO/KKKFP1098A0AP,senegal,solde_budgetaire_pib,2017,-3.0
BCEAO/IMECO/KKKFP1098A0AP,senegal,solde_budgetaire_pib,2018,-3.7
BCEAO/IMECO/KKKFP1098A0AP,senegal,solde_budgetaire_pib,2019,-8.8
BCEAO/IMECO/KKKFP1098A0AP,senegal,solde_budgetaire_pib,2020,-10.5
BCEAO/IMECO/KKKFP1098A0AP,senegal,solde_budgetaire_pib,2021,-10.1
BCEAO/IMECO/KKKFP1098A0AP,senegal,solde_budgetaire_pib,2022,-12.7
BCEAO/IMECO/KKKFP1098A0AP,senegal,solde_budgetaire_pib,2023,-12.3
BCEAO/IMECO/KKKFP1098A0AP,senegal,solde_budgetaire_pib,2024,-11.1
BCEAO/IMECO/TTTFP1098A0AP,togo,solde_budgetaire_pib,2001,-1.3
BCEAO/IMECO/TTTFP1098A0AP,togo,solde_budgetaire_pib,2002,-0.42
BCEAO/IMECO/TTTFP1098A0AP,togo,solde_budgetaire_pib,2003,0.98
BCEAO/IMECO/TTTFP1098A0AP,togo,solde_budgetaire_pib,2004,0.81
BCEAO/IMECO/TTTFP1098A0AP,togo,solde_budgetaire_pib,2005,-1.88
BCEAO/IMECO/TTTFP1098A0AP,togo,solde_budgetaire_pib,2006,-1.86
BCEAO/IMECO/TTTFP1098A0AP,togo,solde_budgetaire_pib,2007,-0.44
BCEAO/IMECO/TTTFP1098A0AP,togo,solde_budgetaire_pib,2008,-0.17
BCEAO/IMECO/TTTFP1098A0AP,togo,solde_budgetaire_pib,2009,-0.41
BCEAO/IMECO/TTTFP1098A0AP,togo,solde_budgetaire_pib,2010,0.2
BCEAO/IMECO/TTTFP1098A0AP,togo,solde_budgetaire_pib,2011,-0.8
BCEAO/IMECO/TTTFP1098A0AP,togo,solde_budgetaire_pib,2012,-4.2
BCEAO/IMECO/TTTFP1098A0AP,togo,solde_budgetaire_pib,2013,-3.2
BCEAO/IMECO/TTTFP1098A0AP,togo,solde_budgetaire_pib,2014,-2.4
BCEAO/IMECO/TTTFP1098A0AP,togo,solde_budgetaire_pib,2015,-4.5
BCEAO/IMECO/TTTFP1098A0AP,togo,solde_budgetaire_pib,2016,-6.1
BCEAO/IMECO/TTTFP1098A0AP,togo,solde_budgetaire_pib,2017,-0.2
BCEAO/IMECO/TTTFP1098A0AP,togo,solde_budgetaire_pib,2018,-0.6
BCEAO/IMECO/TTTFP1098A0AP,togo,solde_budgetaire_pib,2019,1.7
BCEAO/IMECO/TTTFP1098A0AP,togo,solde_budgetaire_pib,2020,-7.2
BCEAO/IMECO/TTTFP1098A0AP,togo,solde_budgetaire_pib,2021,-4.7
BCEAO/IMECO/TTTFP1098A0AP,togo,solde_budgetaire_pib,2022,-8.3
BCEAO/IMECO/TTTFP1098A0AP,togo,solde_budgetaire_pib,2023,-6.6
BCEAO/IMECO/TTTFP1098A0AP,togo,solde_budgetaire_pib,2024,-6.0
BCEAO/IMECO/ZZZFP1098A0AP,uemoa,solde_budgetaire_pib,2001,-1.19
BCEAO/IMECO/ZZZFP1098A0AP,uemoa,solde_budgetaire_pib,2002,-1.74
BCEAO/IMECO/ZZZFP1098A0AP,uemoa,solde_budgetaire_pib,2003,-1.69
BCEAO/IMECO/ZZZFP1098A0AP,uemoa,solde_budgetaire_pib,2004,-2.1
BCEAO/IMECO/ZZZFP1098A0AP,uemoa,solde_budgetaire_pib,2005,-2.26
BCEAO/IMECO/ZZZFP1098A0AP,uemoa,solde_budgetaire_pib,2006,3.04
BCEAO/IMECO/ZZZFP1098A0AP,uemoa,solde_budgetaire_pib,2007,-1.63
BCEAO/IMECO/ZZZFP1098A0AP,uemoa,solde_budgetaire_pib,2008,-1.96
BCEAO/IMECO/ZZZFP1098A0AP,uemoa,solde_budgetaire_pib,2009,-2.83
BCEAO/IMECO/ZZZFP1098A0AP,uemoa,solde_budgetaire_pib,2010,-2.3
BCEAO/IMECO/ZZZFP1098A0AP,uemoa,solde_budgetaire_pib,2011,-3.0
BCEAO/IMECO/ZZZFP1098A0AP,uemoa,solde_budgetaire_pib,2012,-2.4
BCEAO/IMECO/ZZZFP1098A0AP,uemoa,solde_budgetaire_pib,2013,-2.6
BCEAO/IMECO/ZZZFP1098A0AP,uemoa,solde_budgetaire_pib,2014,-2.5
BCEAO/IMECO/ZZZFP1098A0AP,uemoa,solde_budgetaire_pib,2015,-3.3
BCEAO/IMECO/ZZZFP1098A0AP,uemoa,solde_budgetaire_pib,2016,-3.5
BCEAO/IMECO/ZZZFP1098A0AP,uemoa,solde_budgetaire_pib,2017,-3.5
BCEAO/IMECO/ZZZFP1098A0AP,uemoa,solde_budgetaire_pib,2018,-3.2
BCEAO/IMECO/ZZZFP1098A0AP,uemoa,solde_budgetaire_pib,2019,-2.9
BCEAO/IMECO/ZZZFP1098A0AP,uemoa,solde_budgetaire_pib,2020,-6.3
BCEAO/IMECO/ZZZFP1098A0AP,uemoa,solde_budgetaire_pib,2021,-5.8
BCEAO/IMECO/ZZZFP1098A0AP,uemoa,solde_budgetaire_pib,2022,-7.7
BCEAO/IMECO/ZZZFP1098A0AP,uemoa,solde_budgetaire_pib,2023,-6.2
BCEAO/IMECO/ZZZFP1098A0AP,uemoa,solde_budgetaire_pib,2024,-5.1
BCEAO/IMECO/BBBFP1092A0AP,benin,pression_fiscale,2001,9.21
BCEAO/IMECO/BBBFP1092A0AP,benin,pression_fiscale,2002,9.71
BCEAO/IMECO/BBBFP1092A0AP,benin,pression_fiscale,2003,9.9
BCEAO/IMECO/BBBFP1092A0AP,benin,pression_fiscale,2004,9.54
BCEAO/IMECO/BBBFP1092A0AP,benin,pression_fiscale,2005,9.65
BCEAO/IMECO/BBBFP1092A0AP,benin,pression_fiscale,2006,10.31
BCEAO/IMECO/BBBFP1092A0AP,benin,pression_fiscale,2007,11.42
BCEAO/IMECO/BBBFP1092A0AP,benin,pression_fiscale,2008,11.73
BCEAO/IMECO/BBBFP1092A0AP,benin,pression_fiscale,2009,10.93
BCEAO/IMECO/BBBFP1092A0AP,benin,pression_fiscale,2010,11.2
BCEAO/IMECO/BBBFP1092A0AP,benin,pression_fiscale,2011,10.6
BCEAO/IMECO/BBBFP1092A0AP,benin,pression_fiscale,2012,10.5
BCEAO/IMECO/BBBFP1092A0AP,benin,pression_fiscale,2013,10.8
BCEAO/IMECO/BBBFP1092A0AP,benin,pression_fiscale,2014,10.7
BCEAO/IMECO/BBBFP1092A0AP,benin,pression_fiscale,2015,10.6
BCEAO/IMECO/BBBFP1092A0AP,benin,pression_fiscale,2016,9.2
BCEAO/IMECO/BBBFP1092A0AP,benin,pression_fiscale,2017,9.7
BCEAO/IMECO/BBBFP1092A0AP,benin,pression_fiscale,2018,10.2
BCEAO/IMECO/BBBFP1092A0AP,benin,pression_fiscale,2019,10.6
BCEAO/IMECO/BBBFP1092A0AP,benin,pression_fiscale,2020,10.5
BCEAO/IMECO/BBBFP1092A0AP,benin,pression_fiscale,2021,11.0
BCEAO/IMECO/BBBFP1092A0AP,benin,pression_fiscale,2022,12.2
BCEAO/IMECO/BBBFP1092A0AP,benin,pression_fiscale,2023,12.9
BCEAO/IMECO/BBBFP1092A0AP,benin,pression_fiscale,2024,13.2
BCEAO/IMECO/CCCFP1092A0AP,burkina,pression_fiscale,2001,9.12
BCEAO/IMECO/CCCFP1092A0AP,burkina,pression_fiscale,2002,9.59
BCEAO/IMECO/CCCFP1092A0AP,burkina,pression_fiscale,2003,9.82
BCEAO/IMECO/CCCFP1092A0AP,burkina,pression_fiscale,2004,11.08
BCEAO/IMECO/CCCFP1092A0AP,burkina,pression_fiscale,2005,10.39
BCEAO/IMECO/CCCFP1092A0AP,burkina,pression_fiscale,2006,10.59
BCEAO/IMECO/CCCFP1092A0AP,burkina,pression_fiscale,2007,11.1
BCEAO/IMECO/CCCFP1092A0AP,burkina,pression_fiscale,2008,10.55
BCEAO/IMECO/CCCFP1092A0AP,burkina,pression_fiscale,2009,11.13
BCEAO/IMECO/CCCFP1092A0AP,burkina,pression_fiscale,2010,11.3
BCEAO/IMECO/CCCFP1092A0AP,burkina,pression_fiscale,2011,12.2
BCEAO/IMECO/CCCFP1092A0AP,burkina,pression_fiscale,2012,13.9
BCEAO/IMECO/CCCFP1092A0AP,burkina,pression_fiscale,2013,15.0
BCEAO/IMECO/CCCFP1092A0AP,burkina,pression_fiscale,2014,13.7
BCEAO/IMECO/CCCFP1092A0AP,burkina,pression_fiscale,2015,13.3
BCEAO/IMECO/CCCFP1092A0AP,burkina,pression_fiscale,2016,14.1
BCEAO/IMECO/CCCFP1092A0AP,burkina,pression_fiscale,2017,15.1
BCEAO/IMECO/CCCFP1092A0AP,burkina,pression_fiscale,2018,15.3
BCEAO/IMECO/CCCFP1092A0AP,burkina,pression_fiscale,2019,15.7
BCEAO/IMECO/CCCFP1092A0AP,burkina,pression_fiscale,2020,13.5
BCEAO/IMECO/CCCFP1092A0AP,burkina,pression_fiscale,2021,15.5
BCEAO/IMECO/CCCFP1092A0AP,burkina,pression_fiscale,2022,17.3
BCEAO/IMECO/CCCFP1092A0AP,burkina,pression_fiscale,2023,18.0
BCEAO/IMECO/CCCFP1092A0AP,burkina,pression_fiscale,2024,18.6
BCEAO/IMECO/AAAFP1092A0AP,cote_ivoire,pression_fiscale,2001,10.3
BCEAO/IMECO/AAAFP1092A0AP,cote_ivoire,pression_fiscale,2002,10.59
BCEAO/IMECO/AAAFP1092A0AP,cote_ivoire,pression_fiscale,2003,9.68
BCEAO/IMECO/AAAFP1092A0AP,cote_ivoire,pression_fiscale,2004,10.27
BCEAO/IMECO/AAAFP1092A0AP,cote_ivoire,pression_fiscale,2005,10.04
BCEAO/IMECO/AAAFP1092A0AP,cote_ivoire,pression_fiscale,2006,10.6
BCEAO/IMECO/AAAFP1092A0AP,cote_ivoire,pression_fiscale,2007,10.89
BCEAO/IMECO/AAAFP1092A0AP,cote_ivoire,pression_fiscale,2008,10.85
BCEAO/IMECO/AAAFP1092A0AP,cote_ivoire,pression_fiscale,2009,11.92
BCEAO/IMECO/AAAFP1092A0AP,cote_ivoire,pression_fiscale,2010,11.3
BCEAO/IMECO/AAAFP1092A0AP,cote_ivoire,pression_fiscale,2011,8.9
BCEAO/IMECO/AAAFP1092A0AP,cote_ivoire,pression_fiscale,2012,11.7
BCEAO/IMECO/AAAFP1092A0AP,cote_ivoire,pression_fiscale,2013,11.3
BCEAO/IMECO/AAAFP1092A0AP,cote_ivoire,pression_fiscale,2014,10.7
BCEAO/IMECO/AAAFP1092A0AP,cote_ivoire,pression_fiscale,2015,10.9
BCEAO/IMECO/AAAFP1092A0AP,cote_ivoire,pression_fiscale,2016,11.7
BCEAO/IMECO/AAAFP1092A0AP,cote_ivoire,pression_fiscale,2017,11.3
BCEAO/IMECO/AAAFP1092A0AP,cote_ivoire,pression_fiscale,2018,11.2
BCEAO/IMECO/AAAFP1092A0AP,cote_ivoire,pression_fiscale,2019,11.2
BCEAO/IMECO/AAAFP1092A0AP,cote_ivoire,pression_fiscale,2020,11.4
BCEAO/IMECO/AAAFP1092A0AP,cote_ivoire,pression_fiscale,2021,12.6
BCEAO/IMECO/AAAFP1092A0AP,cote_ivoire,pression_fiscale,2022,12.8
BCEAO/IMECO/AAAFP1092A0AP,cote_ivoire,pression_fiscale,2023,13.6
BCEAO/IMECO/AAAFP1092A0AP,cote_ivoire,pression_fiscale,2024,14.4
BCEAO/IMECO/SSSFP1092A0AP,guinee_bissau,pression_fiscale,2001,5.36
BCEAO/IMECO/SSSFP1092A0AP,guinee_bissau,pression_fiscale,2002,3.68
BCEAO/IMECO/SSSFP1092A0AP,guinee_bissau,pression_fiscale,2003,3.71
BCEAO/IMECO/SSSFP1092A0AP,guinee_bissau,pression_fiscale,2004,3.84
BCEAO/IMECO/SSSFP1092A0AP,guinee_bissau,pression_fiscale,2005,5.43
BCEAO/IMECO/SSSFP1092A0AP,guinee_bissau,pression_fiscale,2006,5.58
BCEAO/IMECO/SSSFP1092A0AP,guinee_bissau,pression_fiscale,2007,5.22
BCEAO/IMECO/SSSFP1092A0AP,guinee_bissau,pression_fiscale,2008,4.92
BCEAO/IMECO/SSSFP1092A0AP,guinee_bissau,pression_fiscale,2009,6.35
BCEAO/IMECO/SSSFP1092A0AP,guinee_bissau,pression_fiscale,2010,7.1
BCEAO/IMECO/SSSFP1092A0AP,guinee_bissau,pression_fiscale,2011,7.4
BCEAO/IMECO/SSSFP1092A0AP,guinee_bissau,pression_fiscale,2012,7.3
BCEAO/IMECO/SSSFP1092A0AP,guinee_bissau,pression_fiscale,2013,6.5
BCEAO/IMECO/SSSFP1092A0AP,guinee_bissau,pression_fiscale,2014,7.9
BCEAO/IMECO/SSSFP1092A0AP,guinee_bissau,pression_fiscale,2015,9.1
BCEAO/IMECO/SSSFP1092A0AP,guinee_bissau,pression_fiscale,2016,8.6
BCEAO/IMECO/SSSFP1092A0AP,guinee_bissau,pression_fiscale,2017,9.5
BCEAO/IMECO/SSSFP1092A0AP,guinee_bissau,pression_fiscale,2018,9.0
BCEAO/IMECO/SSSFP1092A0AP,guinee_bissau,pression_fiscale,2019,8.5
BCEAO/IMECO/SSSFP1092A0AP,guinee_bissau,pression_fiscale,2020,7.0
BCEAO/IMECO/SSSFP1092A0AP,guinee_bissau,pression_fiscale,2021,8.9
BCEAO/IMECO/SSSFP1092A0AP,guinee_bissau,pression_fiscale,2022,8.5
BCEAO/IMECO/SSSFP1092A0AP,guinee_bissau,pression_fiscale,2023,8.7
BCEAO/IMECO/SSSFP1092A0AP,guinee_bissau,pression_fiscale,2024,8.8
BCEAO/IMECO/DDDFP1092A0AP,mali,pression_fiscale,2001,11.09
BCEAO/IMECO/DDDFP1092A0AP,mali,pression_fiscale,2002,11.29
BCEAO/IMECO/DDDFP1092A0AP,mali,pression_fiscale,2003,13.23
BCEAO/IMECO/DDDFP1092A0AP,mali,pression_fiscale,2004,13.56
BCEAO/IMECO/DDDFP1092A0AP,mali,pression_fiscale,2005,13.51
BCEAO/IMECO/DDDFP1092A0AP,mali,pression_fiscale,2006,13.27
BCEAO/IMECO/DDDFP1092A0AP,mali,pression_fiscale,2007,12.48
BCEAO/IMECO/DDDFP1092A0AP,mali,pression_fiscale,2008,11.9
BCEAO/IMECO/DDDFP1092A0AP,mali,pression_fiscale,2009,12.99
BCEAO/IMECO/DDDFP1092A0AP,mali,pression_fiscale,2010,12.9
BCEAO/IMECO/DDDFP1092A0AP,mali,pression_fiscale,2011,11.9
BCEAO/IMECO/DDDFP1092A0AP,mali,pression_fiscale,2012,11.9
BCEAO/IMECO/DDDFP1092A0AP,mali,pression_fiscale,2013,12.3
BCEAO/IMECO/DDDFP1092A0AP,mali,pression_fiscale,2014,12.6
BCEAO/IMECO/DDDFP1092A0AP,mali,pression_fiscale,2015,14.0
BCEAO/IMECO/DDDFP1092A0AP,mali,pression_fiscale,2016,12.5
BCEAO/IMECO/DDDFP1092A0AP,mali,pression_fiscale,2017,12.7
BCEAO/IMECO/DDDFP1092A0AP,mali,pression_fiscale,2018,10.0
BCEAO/IMECO/DDDFP1092A0AP,mali,pression_fiscale,2019,12.5
BCEAO/IMECO/DDDFP1092A0AP,mali,pression_fiscale,2020,12.1
BCEAO/IMECO/DDDFP1092A0AP,mali,pression_fiscale,2021,12.9
BCEAO/IMECO/DDDFP1092A0AP,mali,pression_fiscale,2022,11.4
BCEAO/IMECO/DDDFP1092A0AP,mali,pression_fiscale,2023,12.7
BCEAO/IMECO/DDDFP1092A0AP,mali,pression_fiscale,2024,13.7
BCEAO/IMECO/HHHFP1092A0AP,niger,pression_fiscale,2001,6.95
BCEAO/IMECO/HHHFP1092A0AP,niger,pression_fiscale,2002,7.35
BCEAO/IMECO/HHHFP1092A0AP,niger,pression_fiscale,2003,7.36
BCEAO/IMECO/HHHFP1092A0AP,niger,pression_fiscale,2004,8.07
BCEAO/IMECO/HHHFP1092A0AP,niger,pression_fiscale,2005,7.5
BCEAO/IMECO/HHHFP1092A0AP,niger,pression_fiscale,2006,7.85
BCEAO/IMECO/HHHFP1092A0AP,niger,pression_fiscale,2007,8.44
BCEAO/IMECO/HHHFP1092A0AP,niger,pression_fiscale,2008,8.66
BCEAO/IMECO/HHHFP1092A0AP,niger,pression_fiscale,2009,10.08
BCEAO/IMECO/HHHFP1092A0AP,niger,pression_fiscale,2010,9.6
BCEAO/IMECO/HHHFP1092A0AP,niger,pression_fiscale,2011,10.0
BCEAO/IMECO/HHHFP1092A0AP,niger,pression_fiscale,2012,10.6
BCEAO/IMECO/HHHFP1092A0AP,niger,pression_fiscale,2013,11.5
BCEAO/IMECO/HHHFP1092A0AP,niger,pression_fiscale,2014,11.8
BCEAO/IMECO/HHHFP1092A0AP,niger,pression_fiscale,2015,12.0
BCEAO/IMECO/HHHFP1092A0AP,niger,pression_fiscale,2016,9.8
BCEAO/IMECO/HHHFP1092A0AP,niger,pression_fiscale,2017,9.5
BCEAO/IMECO/HHHFP1092A0AP,niger,pression_fiscale,2018,11.1
BCEAO/IMECO/HHHFP1092A0AP,niger,pression_fiscale,2019,10.4
BCEAO/IMECO/HHHFP1092A0AP,niger,pression_fiscale,2020,9.6
BCEAO/IMECO/HHHFP1092A0AP,niger,pression_fiscale,2021,10.1
BCEAO/IMECO/HHHFP1092A0AP,niger,pression_fiscale,2022,9.4
BCEAO/IMECO/HHHFP1092A0AP,niger,pression_fiscale,2023,8.1
BCEAO/IMECO/HHHFP1092A0AP,niger,pression_fiscale,2024,7.1
BCEAO/IMECO/KKKFP1092A0AP,senegal,pression_fiscale,2001,12.1
BCEAO/IMECO/KKKFP1092A0AP,senegal,pression_fiscale,2002,12.95
BCEAO/IMECO/KKKFP1092A0AP,senegal,pression_fiscale,2003,13.31
BCEAO/IMECO/KKKFP1092A0AP,senegal,pression_fiscale,2004,13.9
BCEAO/IMECO/KKKFP1092A0AP,senegal,pression_fiscale,2005,14.66
BCEAO/IMECO/KKKFP1092A0AP,senegal,pression_fiscale,2006,15.09
BCEAO/IMECO/KKKFP1092A0AP,senegal,pression_fiscale,2007,15.55
BCEAO/IMECO/KKKFP1092A0AP,senegal,pression_fiscale,2008,14.46
BCEAO/IMECO/KKKFP1092A0AP,senegal,pression_fiscale,2009,14.28
BCEAO/IMECO/KKKFP1092A0AP,senegal,pression_fiscale,2010,15.0
BCEAO/IMECO/KKKFP1092A0AP,senegal,pression_fiscale,2011,15.3
BCEAO/IMECO/KKKFP1092A0AP,senegal,pression_fiscale,2012,15.0
BCEAO/IMECO/KKKFP1092A0AP,senegal,pression_fiscale,2013,14.4
BCEAO/IMECO/KKKFP1092A0AP,senegal,pression_fiscale,2014,15.2
BCEAO/IMECO/KKKFP1092A0AP,senegal,pression_fiscale,2015,15.2
BCEAO/IMECO/KKKFP1092A0AP,senegal,pression_fiscale,2016,15.9
BCEAO/IMECO/KKKFP1092A0AP,senegal,pression_fiscale,2017,15.1
BCEAO/IMECO/KKKFP1092A0AP,senegal,pression_fiscale,2018,15.5
BCEAO/IMECO/KKKFP1092A0AP,senegal,pression_fiscale,2019,17.6
BCEAO/IMECO/KKKFP1092A0AP,senegal,pression_fiscale,2020,16.8
BCEAO/IMECO/KKKFP1092A0AP,senegal,pression_fiscale,2021,17.0
BCEAO/IMECO/KKKFP1092A0AP,senegal,pression_fiscale,2022,18.2
BCEAO/IMECO/KKKFP1092A0AP,senegal,pression_fiscale,2023,18.8
BCEAO/IMECO/KKKFP1092A0AP,senegal,pression_fiscale,2024,17.5
BCEAO/IMECO/TTTFP1092A0AP,togo,pression_fiscale,2001,7.06
BCEAO/IMECO/TTTFP1092A0AP,togo,pression_fiscale,2002,6.91
BCEAO/IMECO/TTTFP1092A0AP,togo,pression_fiscale,2003,8.59
BCEAO/IMECO/TTTFP1092A0AP,togo,pression_fiscale,2004,9.57
BCEAO/IMECO/TTTFP1092A0AP,togo,pression_fiscale,2005,9.54
BCEAO/IMECO/TTTFP1092A0AP,togo,pression_fiscale,2006,10.32
BCEAO/IMECO/TTTFP1092A0AP,togo,pression_fiscale,2007,10.89
BCEAO/IMECO/TTTFP1092A0AP,togo,pression_fiscale,2008,10.34
BCEAO/IMECO/TTTFP1092A0AP,togo,pression_fiscale,2009,10.32
BCEAO/IMECO/TTTFP1092A0AP,togo,pression_fiscale,2010,10.5
BCEAO/IMECO/TTTFP1092A0AP,togo,pression_fiscale,2011,11.4
BCEAO/IMECO/TTTFP1092A0AP,togo,pression_fiscale,2012,11.9
BCEAO/IMECO/TTTFP1092A0AP,togo,pression_fiscale,2013,13.5
BCEAO/IMECO/TTTFP1092A0AP,togo,pression_fiscale,2014,14.5
BCEAO/IMECO/TTTFP1092A0AP,togo,pression_fiscale,2015,15.2
BCEAO/IMECO/TTTFP1092A0AP,togo,pression_fiscale,2016,15.8
BCEAO/IMECO/TTTFP1092A0AP,togo,pression_fiscale,2017,15.2
BCEAO/IMECO/TTTFP1092A0AP,togo,pression_fiscale,2018,14.0
BCEAO/IMECO/TTTFP1092A0AP,togo,pression_fiscale,2019,15.3
BCEAO/IMECO/TTTFP1092A0AP,togo,pression_fiscale,2020,15.4
BCEAO/IMECO/TTTFP1092A0AP,togo,pression_fiscale,2021,16.9
BCEAO/IMECO/TTTFP1092A0AP,togo,pression_fiscale,2022,16.9
BCEAO/IMECO/TTTFP1092A0AP,togo,pression_fiscale,2023,17.7
BCEAO/IMECO/TTTFP1092A0AP,togo,pression_fiscale,2024,18.3
BCEAO/IMECO/ZZZFP1092A0AP,uemoa,pression_fiscale,2001,9.68
BCEAO/IMECO/ZZZFP1092A0AP,uemoa,pression_fiscale,2002,10.29
BCEAO/IMECO/ZZZFP1092A0AP,uemoa,pression_fiscale,2003,10.31
BCEAO/IMECO/ZZZFP1092A0AP,uemoa,pression_fiscale,2004,10.68
BCEAO/IMECO/ZZZFP1092A0AP,uemoa,pression_fiscale,2005,10.61
BCEAO/IMECO/ZZZFP1092A0AP,uemoa,pression_fiscale,2006,10.71
BCEAO/IMECO/ZZZFP1092A0AP,uemoa,pression_fiscale,2007,11.04
BCEAO/IMECO/ZZZFP1092A0AP,uemoa,pression_fiscale,2008,11.42
BCEAO/IMECO/ZZZFP1092A0AP,uemoa,pression_fiscale,2009,11.99
BCEAO/IMECO/ZZZFP1092A0AP,uemoa,pression_fiscale,2010,11.9
BCEAO/IMECO/ZZZFP1092A0AP,uemoa,pression_fiscale,2011,11.1
BCEAO/IMECO/ZZZFP1092A0AP,uemoa,pression_fiscale,2012,12.3
BCEAO/IMECO/ZZZFP1092A0AP,uemoa,pression_fiscale,2013,12.3
BCEAO/IMECO/ZZZFP1092A0AP,uemoa,pression_fiscale,2014,12.2
BCEAO/IMECO/ZZZFP1092A0AP,uemoa,pression_fiscale,2015,12.4
BCEAO/IMECO/ZZZFP1092A0AP,uemoa,pression_fiscale,2016,12.5
BCEAO/IMECO/ZZZFP1092A0AP,uemoa,pression_fiscale,2017,12.3
BCEAO/IMECO/ZZZFP1092A0AP,uemoa,pression_fiscale,2018,12.1
BCEAO/IMECO/ZZZFP1092A0AP,uemoa,pression_fiscale,2019,12.8
BCEAO/IMECO/ZZZFP1092A0AP,uemoa,pression_fiscale,2020,12.4
BCEAO/IMECO/ZZZFP1092A0AP,uemoa,pression_fiscale,2021,13.4
BCEAO/IMECO/ZZZFP1092A0AP,uemoa,pression_fiscale,2022,13.7
BCEAO/IMECO/ZZZFP1092A0AP,uemoa,pression_fiscale,2023,14.4
BCEAO/IMECO/ZZZFP1092A0AP,uemoa,pression_fiscale,2024,14.6
BCEAO/IMECO/BBBSE1488A0AP,benin,balance_courante_pib,2005,-4.706
BCEAO/IMECO/BBBSE1488A0AP,benin,balance_courante_pib,2006,-4.22
BCEAO/IMECO/BBBSE1488A0AP,benin,balance_courante_pib,2007,-8.946
BCEAO/IMECO/BBBSE1488A0AP,benin,balance_courante_pib,2008,-7.515
BCEAO/IMECO/BBBSE1488A0AP,benin,balance_courante_pib,2009,-9.144
BCEAO/IMECO/BBBSE1488A0AP,benin,balance_courante_pib,2010,-5.6
BCEAO/IMECO/BBBSE1488A0AP,benin,balance_courante_pib,2011,-4.8
BCEAO/IMECO/BBBSE1488A0AP,benin,balance_courante_pib,2012,-5.2
BCEAO/IMECO/BBBSE1488A0AP,benin,balance_courante_pib,2013,-5.4
BCEAO/IMECO/BBBSE1488A0AP,benin,balance_courante_pib,2014,-6.7
BCEAO/IMECO/BBBSE1488A0AP,benin,balance_courante_pib,2015,-6.5
BCEAO/IMECO/BBBSE1488A0AP,benin,balance_courante_pib,2016,-6.8
BCEAO/IMECO/BBBSE1488A0AP,benin,balance_courante_pib,2017,-7.3
BCEAO/IMECO/BBBSE1488A0AP,benin,balance_courante_pib,2018,-4.5
BCEAO/IMECO/BBBSE1488A0AP,benin,balance_courante_pib,2019,-4.0
BCEAO/IMECO/BBBSE1488A0AP,benin,balance_courante_pib,2020,-1.7
BCEAO/IMECO/BBBSE1488A0AP,benin,balance_courante_pib,2021,-4.2
BCEAO/IMECO/BBBSE1488A0AP,benin,balance_courante_pib,2022,-6.0
BCEAO/IMECO/BBBSE1488A0AP,benin,balance_courante_pib,2023,-8.2
BCEAO/IMECO/BBBSE1488A0AP,benin,balance_courante_pib,2024,-8.0
BCEAO/IMECO/CCCSE1488A0AP,burkina,balance_courante_pib,2005,-11.612
BCEAO/IMECO/CCCSE1488A0AP,burkina,balance_courante_pib,2006,-9.344
BCEAO/IMECO/CCCSE1488A0AP,burkina,balance_courante_pib,2007,-8.27
BCEAO/IMECO/CCCSE1488A0AP,burkina,balance_courante_pib,2008,-11.507
BCEAO/IMECO/CCCSE1488A0AP,burkina,balance_courante_pib,2009,-4.541
BCEAO/IMECO/CCCSE1488A0AP,burkina,balance_courante_pib,2010,-1.8
BCEAO/IMECO/CCCSE1488A0AP,burkina,balance_courante_pib,2011,-1.3
BCEAO/IMECO/CCCSE1488A0AP,burkina,balance_courante_pib,2012,-1.3
BCEAO/IMECO/CCCSE1488A0AP,burkina,balance_courante_pib,2013,-10.0
BCEAO/IMECO/CCCSE1488A0AP,burkina,balance_courante_pib,2014,-7.2
BCEAO/IMECO/CCCSE1488A0AP,burkina,balance_courante_pib,2015,-7.6
BCEAO/IMECO/CCCSE1488A0AP,burkina,balance_courante_pib,2016,-6.1
BCEAO/IMECO/CCCSE1488A0AP,burkina,balance_courante_pib,2017,-6.4
BCEAO/IMECO/CCCSE1488A0AP,burkina,balance_courante_pib,2018,-4.2
BCEAO/IMECO/CCCSE1488A0AP,burkina,balance_courante_pib,2019,-3.3
BCEAO/IMECO/CCCSE1488A0AP,burkina,balance_courante_pib,2020,2.6
BCEAO/IMECO/CCCSE1488A0AP,burkina,balance_courante_pib,2021,0.4
BCEAO/IMECO/CCCSE1488A0AP,burkina,balance_courante_pib,2022,-7.5
BCEAO/IMECO/CCCSE1488A0AP,burkina,balance_courante_pib,2023,-4.9
BCEAO/IMECO/CCCSE1488A0AP,burkina,balance_courante_pib,2024,-4.3
BCEAO/IMECO/AAASE1488A0AP,cote_ivoire,balance_courante_pib,2005,0.232
BCEAO/IMECO/AAASE1488A0AP,cote_ivoire,balance_courante_pib,2006,2.691
BCEAO/IMECO/AAASE1488A0AP,cote_ivoire,balance_courante_pib,2007,-0.683
BCEAO/IMECO/AAASE1488A0AP,cote_ivoire,balance_courante_pib,2008,1.864
BCEAO/IMECO/AAASE1488A0AP,cote_ivoire,balance_courante_pib,2009,6.663
BCEAO/IMECO/AAASE1488A0AP,cote_ivoire,balance_courante_pib,2010,1.4
BCEAO/IMECO/AAASE1488A0AP,cote_ivoire,balance_courante_pib,2011,7.5
BCEAO/IMECO/AAASE1488A0AP,cote_ivoire,balance_courante_pib,2012,-0.9
BCEAO/IMECO/AAASE1488A0AP,cote_ivoire,balance_courante_pib,2013,-1.0
BCEAO/IMECO/AAASE1488A0AP,cote_ivoire,balance_courante_pib,2014,1.0
BCEAO/IMECO/AAASE1488A0AP,cote_ivoire,balance_courante_pib,2015,-0.4
BCEAO/IMECO/AAASE1488A0AP,cote_ivoire,balance_courante_pib,2016,-0.9
BCEAO/IMECO/AAASE1488A0AP,cote_ivoire,balance_courante_pib,2017,-2.0
BCEAO/IMECO/AAASE1488A0AP,cote_ivoire,balance_courante_pib,2018,-3.5
BCEAO/IMECO/AAASE1488A0AP,cote_ivoire,balance_courante_pib,2019,-2.2
BCEAO/IMECO/AAASE1488A0AP,cote_ivoire,balance_courante_pib,2020,-3.1
BCEAO/IMECO/AAASE1488A0AP,cote_ivoire,balance_courante_pib,2021,-3.9
BCEAO/IMECO/AAASE1488A0AP,cote_ivoire,balance_courante_pib,2022,-7.7
BCEAO/IMECO/AAASE1488A0AP,cote_ivoire,balance_courante_pib,2023,-8.3
BCEAO/IMECO/AAASE1488A0AP,cote_ivoire,balance_courante_pib,2024,-4.5
BCEAO/IMECO/SSSSE1488A0AP,guinee_bissau,balance_courante_pib,2005,-3.389
BCEAO/IMECO/SSSSE1488A0AP,guinee_bissau,balance_courante_pib,2006,-12.951
BCEAO/IMECO/SSSSE1488A0AP,guinee_bissau,balance_courante_pib,2007,-9.188
BCEAO/IMECO/SSSSE1488A0AP,guinee_bissau,balance_courante_pib,2008,-7.435
BCEAO/IMECO/SSSSE1488A0AP,guinee_bissau,balance_courante_pib,2009,-12.204
BCEAO/IMECO/SSSSE1488A0AP,guinee_bissau,balance_courante_pib,2010,-15.2
BCEAO/IMECO/SSSSE1488A0AP,guinee_bissau,balance_courante_pib,2011,-1.2
BCEAO/IMECO/SSSSE1488A0AP,guinee_bissau,balance_courante_pib,2012,-7.9
BCEAO/IMECO/SSSSE1488A0AP,guinee_bissau,balance_courante_pib,2013,-4.7
BCEAO/IMECO/SSSSE1488A0AP,guinee_bissau,balance_courante_pib,2014,0.6
BCEAO/IMECO/SSSSE1488A0AP,guinee_bissau,balance_courante_pib,2015,1.8
BCEAO/IMECO/SSSSE1488A0AP,guinee_bissau,balance_courante_pib,2016,1.4
BCEAO/IMECO/SSSSE1488A0AP,guinee_bissau,balance_courante_pib,2017,0.3
BCEAO/IMECO/SSSSE1488A0AP,guinee_bissau,balance_courante_pib,2018,-2.9
BCEAO/IMECO/SSSSE1488A0AP,guinee_bissau,balance_courante_pib,2019,-8.0
BCEAO/IMECO/SSSSE1488A0AP,guinee_bissau,balance_courante_pib,2020,-3.3
BCEAO/IMECO/SSSSE1488A0AP,guinee_bissau,balance_courante_pib,2021,-0.8
BCEAO/IMECO/SSSSE1488A0AP,guinee_bissau,balance_courante_pib,2022,-8.0
BCEAO/IMECO/SSSSE1488A0AP,guinee_bissau,balance_courante_pib,2023,-7.7
BCEAO/IMECO/SSSSE1488A0AP,guinee_bissau,balance_courante_pib,2024,-6.3
BCEAO/IMECO/DDDSE1488A0AP,mali,balance_courante_pib,2005,-7.978
BCEAO/IMECO/DDDSE1488A0AP,mali,balance_courante_pib,2006,-3.57
BCEAO/IMECO/DDDSE1488A0AP,mali,balance_courante_pib,2007,-8.133
BCEAO/IMECO/DDDSE1488A0AP,mali,balance_courante_pib,2008,-12.17
BCEAO/IMECO/DDDSE1488A0AP,mali,balance_courante_pib,2009,-7.305
BCEAO/IMECO/DDDSE1488A0AP,mali,balance_courante_pib,2010,-11.1
BCEAO/IMECO/DDDSE1488A0AP,mali,balance_courante_pib,2011,-5.1
BCEAO/IMECO/DDDSE1488A0AP,mali,balance_courante_pib,2012,-2.2
BCEAO/IMECO/DDDSE1488A0AP,mali,balance_courante_pib,2013,-2.8
BCEAO/IMECO/DDDSE1488A0AP,mali,balance_courante_pib,2014,-4.7
BCEAO/IMECO/DDDSE1488A0AP,mali,balance_courante_pib,2015,-5.3
BCEAO/IMECO/DDDSE1488A0AP,mali,balance_courante_pib,2016,-6.1
BCEAO/IMECO/DDDSE1488A0AP,mali,balance_courante_pib,2017,-6.6
BCEAO/IMECO/DDDSE1488A0AP,mali,balance_courante_pib,2018,-4.1
BCEAO/IMECO/DDDSE1488A0AP,mali,balance_courante_pib,2019,-6.3
BCEAO/IMECO/DDDSE1488A0AP,mali,balance_courante_pib,2020,-1.8
BCEAO/IMECO/DDDSE1488A0AP,mali,balance_courante_pib,2021,-6.4
BCEAO/IMECO/DDDSE1488A0AP,mali,balance_courante_pib,2022,-7.9
BCEAO/IMECO/DDDSE1488A0AP,mali,balance_courante_pib,2023,-6.5
BCEAO/IMECO/DDDSE1488A0AP,mali,balance_courante_pib,2024,-5.2
BCEAO/IMECO/HHHSE1488A0AP,niger,balance_courante_pib,2005,-9.246
BCEAO/IMECO/HHHSE1488A0AP,niger,balance_courante_pib,2006,-8.603
BCEAO/IMECO/HHHSE1488A0AP,niger,balance_courante_pib,2007,-8.2
BCEAO/IMECO/HHHSE1488A0AP,niger,balance_courante_pib,2008,-12.056
BCEAO/IMECO/HHHSE1488A0AP,niger,balance_courante_pib,2009,-24.459
BCEAO/IMECO/HHHSE1488A0AP,niger,balance_courante_pib,2010,-14.8
BCEAO/IMECO/HHHSE1488A0AP,niger,balance_courante_pib,2011,-16.6
BCEAO/IMECO/HHHSE1488A0AP,niger,balance_courante_pib,2012,-11.2
BCEAO/IMECO/HHHSE1488A0AP,niger,balance_courante_pib,2013,-11.3
BCEAO/IMECO/HHHSE1488A0AP,niger,balance_courante_pib,2014,-12.0
BCEAO/IMECO/HHHSE1488A0AP,niger,balance_courante_pib,2015,-15.4
BCEAO/IMECO/HHHSE1488A0AP,niger,balance_courante_pib,2016,-11.4
BCEAO/IMECO/HHHSE1488A0AP,niger,balance_courante_pib,2017,-11.4
BCEAO/IMECO/HHHSE1488A0AP,niger,balance_courante_pib,2018,-12.7
BCEAO/IMECO/HHHSE1488A0AP,niger,balance_courante_pib,2019,-12.2
BCEAO/IMECO/HHHSE1488A0AP,niger,balance_courante_pib,2020,-13.2
BCEAO/IMECO/HHHSE1488A0AP,niger,balance_courante_pib,2021,-14.1
BCEAO/IMECO/HHHSE1488A0AP,niger,balance_courante_pib,2022,-16.2
BCEAO/IMECO/HHHSE1488A0AP,niger,balance_courante_pib,2023,-14.0
BCEAO/IMECO/HHHSE1488A0AP,niger,balance_courante_pib,2024,-6.6
BCEAO/IMECO/KKKSE1488A0AP,senegal,balance_courante_pib,2005,-7.762
BCEAO/IMECO/KKKSE1488A0AP,senegal,balance_courante_pib,2006,-9.202
BCEAO/IMECO/KKKSE1488A0AP,senegal,balance_courante_pib,2007,-11.615
BCEAO/IMECO/KKKSE1488A0AP,senegal,balance_courante_pib,2008,-14.072
BCEAO/IMECO/KKKSE1488A0AP,senegal,balance_courante_pib,2009,-6.663
BCEAO/IMECO/KKKSE1488A0AP,senegal,balance_courante_pib,2010,-3.7
BCEAO/IMECO/KKKSE1488A0AP,senegal,balance_courante_pib,2011,-6.4
BCEAO/IMECO/KKKSE1488A0AP,senegal,balance_courante_pib,2012,-8.7
BCEAO/IMECO/KKKSE1488A0AP,senegal,balance_courante_pib,2013,-8.2
BCEAO/IMECO/KKKSE1488A0AP,senegal,balance_courante_pib,2014,-6.8
BCEAO/IMECO/KKKSE1488A0AP,senegal,balance_courante_pib,2015,-5.3
BCEAO/IMECO/KKKSE1488A0AP,senegal,balance_courante_pib,2016,-4.2
BCEAO/IMECO/KKKSE1488A0AP,senegal,balance_courante_pib,2017,-7.3
BCEAO/IMECO/KKKSE1488A0AP,senegal,balance_courante_pib,2018,-9.6
BCEAO/IMECO/KKKSE1488A0AP,senegal,balance_courante_pib,2019,-8.1
BCEAO/IMECO/KKKSE1488A0AP,senegal,balance_courante_pib,2020,-10.9
BCEAO/IMECO/KKKSE1488A0AP,senegal,balance_courante_pib,2021,-12.1
BCEAO/IMECO/KKKSE1488A0AP,senegal,balance_courante_pib,2022,-20.1
BCEAO/IMECO/KKKSE1488A0AP,senegal,balance_courante_pib,2023,-19.7
BCEAO/IMECO/KKKSE1488A0AP,senegal,balance_courante_pib,2024,-13.3
BCEAO/IMECO/TTTSE1488A0AP,togo,balance_courante_pib,2005,-8.94
BCEAO/IMECO/TTTSE1488A0AP,togo,balance_courante_pib,2006,-7.503
BCEAO/IMECO/TTTSE1488A0AP,togo,balance_courante_pib,2007,-8.114
BCEAO/IMECO/TTTSE1488A0AP,togo,balance_courante_pib,2008,-6.705
BCEAO/IMECO/TTTSE1488A0AP,togo,balance_courante_pib,2009,-5.249
BCEAO/IMECO/TTTSE1488A0AP,togo,balance_courante_pib,2010,-4.2
BCEAO/IMECO/TTTSE1488A0AP,togo,balance_courante_pib,2011,-5.6
BCEAO/IMECO/TTTSE1488A0AP,togo,balance_courante_pib,2012,-5.4
BCEAO/IMECO/TTTSE1488A0AP,togo,balance_courante_pib,2013,-9.4
BCEAO/IMECO/TTTSE1488A0AP,togo,balance_courante_pib,2014,-7.2
BCEAO/IMECO/TTTSE1488A0AP,togo,balance_courante_pib,2015,-8.2
BCEAO/IMECO/TTTSE1488A0AP,togo,balance_courante_pib,2016,-7.2
BCEAO/IMECO/TTTSE1488A0AP,togo,balance_courante_pib,2017,-1.5
BCEAO/IMECO/TTTSE1488A0AP,togo,balance_courante_pib,2018,-2.6
BCEAO/IMECO/TTTSE1488A0AP,togo,balance_courante_pib,2019,-0.8
BCEAO/IMECO/TTTSE1488A0AP,togo,balance_courante_pib,2020,-0.3
BCEAO/IMECO/TTTSE1488A0AP,togo,balance_courante_pib,2021,-2.2
BCEAO/IMECO/TTTSE1488A0AP,togo,balance_courante_pib,2022,-3.5
BCEAO/IMECO/TTTSE1488A0AP,togo,balance_courante_pib,2023,-4.0
BCEAO/IMECO/TTTSE1488A0AP,togo,balance_courante_pib,2024,-3.9
BCEAO/IMECO/ZZZSE1488A0AP,uemoa,balance_courante_pib,2005,-5.168
BCEAO/IMECO/ZZZSE1488A0AP,uemoa,balance_courante_pib,2006,-3.793
BCEAO/IMECO/ZZZSE1488A0AP,uemoa,balance_courante_pib,2007,-6.35
BCEAO/IMECO/ZZZSE1488A0AP,uemoa,balance_courante_pib,2008,-6.905
BCEAO/IMECO/ZZZSE1488A0AP,uemoa,balance_courante_pib,2009,-3.54
BCEAO/IMECO/ZZZSE1488A0AP,uemoa,balance_courante_pib,2010,-3.7
BCEAO/IMECO/ZZZSE1488A0AP,uemoa,balance_courante_pib,2011,-1.5
BCEAO/IMECO/ZZZSE1488A0AP,uemoa,balance_courante_pib,2012,-4.0
BCEAO/IMECO/ZZZSE1488A0AP,uemoa,balance_courante_pib,2013,-5.2
BCEAO/IMECO/ZZZSE1488A0AP,uemoa,balance_courante_pib,2014,-4.0
BCEAO/IMECO/ZZZSE1488A0AP,uemoa,balance_courante_pib,2015,-4.7
BCEAO/IMECO/ZZZSE1488A0AP,uemoa,balance_courante_pib,2016,-4.3
BCEAO/IMECO/ZZZSE1488A0AP,uemoa,balance_courante_pib,2017,-5.1
BCEAO/IMECO/ZZZSE1488A0AP,uemoa,balance_courante_pib,2018,-5.4
BCEAO/IMECO/ZZZSE1488A0AP,uemoa,balance_courante_pib,2019,-4.8
BCEAO/IMECO/ZZZSE1488A0AP,uemoa,balance_courante_pib,2020,-4.2
BCEAO/IMECO/ZZZSE1488A0AP,uemoa,balance_courante_pib,2021,-5.8
BCEAO/IMECO/ZZZSE1488A0AP,uemoa,balance_courante_pib,2022,-9.9
BCEAO/IMECO/ZZZSE1488A0AP,uemoa,balance_courante_pib,2023,-9.4
BCEAO/IMECO/ZZZSE1488A0AP,uemoa,balance_courante_pib,2024,-6.4
BCEAO/IMECO/BBBSF1412A0AP,benin,masse_monetaire,2004,458.116
BCEAO/IMECO/BBBSF1412A0AP,benin,masse_monetaire,2005,535.356
BCEAO/IMECO/BBBSF1412A0AP,benin,masse_monetaire,2006,681.118
BCEAO/IMECO/BBBSF1412A0AP,benin,masse_monetaire,2007,809.796
BCEAO/IMECO/BBBSF1412A0AP,benin,masse_monetaire,2008,1015.664
BCEAO/IMECO/BBBSF1412A0AP,benin,masse_monetaire,2009,1097.024
BCEAO/IMECO/BBBSF1412A0AP,benin,masse_monetaire,2010,1204.2
BCEAO/IMECO/BBBSF1412A0AP,benin,masse_monetaire,2011,1317.2
BCEAO/IMECO/BBBSF1412A0AP,benin,masse_monetaire,2012,1415.4
BCEAO/IMECO/BBBSF1412A0AP,benin,masse_monetaire,2013,1660.8
BCEAO/IMECO/BBBSF1412A0AP,benin,masse_monetaire,2014,1965.5
BCEAO/IMECO/BBBSF1412A0AP,benin,masse_monetaire,2015,2086.2
BCEAO/IMECO/BBBSF1412A0AP,benin,masse_monetaire,2016,2089.8
BCEAO/IMECO/BBBSF1412A0AP,benin,masse_monetaire,2017,2111.6
BCEAO/IMECO/BBBSF1412A0AP,benin,masse_monetaire,2018,2213.0
BCEAO/IMECO/BBBSF1412A0AP,benin,masse_monetaire,2019,2346.0
BCEAO/IMECO/BBBSF1412A0AP,benin,masse_monetaire,2020,2751.9
BCEAO/IMECO/BBBSF1412A0AP,benin,masse_monetaire,2021,3210.5
BCEAO/IMECO/BBBSF1412A0AP,benin,masse_monetaire,2022,3628.3
BCEAO/IMECO/BBBSF1412A0AP,benin,masse_monetaire,2023,3613.9
BCEAO/IMECO/BBBSF1412A0AP,benin,masse_monetaire,2024,3663.6
BCEAO/IMECO/CCCSF1412A0AP,burkina,masse_monetaire,2004,596.827
BCEAO/IMECO/CCCSF1412A0AP,burkina,masse_monetaire,2005,582.167
BCEAO/IMECO/CCCSF1412A0AP,burkina,masse_monetaire,2006,642.199
BCEAO/IMECO/CCCSF1412A0AP,burkina,masse_monetaire,2007,693.315
BCEAO/IMECO/CCCSF1412A0AP,burkina,masse_monetaire,2008,880.275
BCEAO/IMECO/CCCSF1412A0AP,burkina,masse_monetaire,2009,1086.731
BCEAO/IMECO/CCCSF1412A0AP,burkina,masse_monetaire,2010,1281.9
BCEAO/IMECO/CCCSF1412A0AP,burkina,masse_monetaire,2011,1466.3
BCEAO/IMECO/CCCSF1412A0AP,burkina,masse_monetaire,2012,1694.4
BCEAO/IMECO/CCCSF1412A0AP,burkina,masse_monetaire,2013,1878.3
BCEAO/IMECO/CCCSF1412A0AP,burkina,masse_monetaire,2014,2085.3
BCEAO/IMECO/CCCSF1412A0AP,burkina,masse_monetaire,2015,2490.1
BCEAO/IMECO/CCCSF1412A0AP,burkina,masse_monetaire,2016,2780.6
BCEAO/IMECO/CCCSF1412A0AP,burkina,masse_monetaire,2017,3366.7
BCEAO/IMECO/CCCSF1412A0AP,burkina,masse_monetaire,2018,3718.3
BCEAO/IMECO/CCCSF1412A0AP,burkina,masse_monetaire,2019,4056.4
BCEAO/IMECO/CCCSF1412A0AP,burkina,masse_monetaire,2020,4779.2
BCEAO/IMECO/CCCSF1412A0AP,burkina,masse_monetaire,2021,5585.1
BCEAO/IMECO/CCCSF1412A0AP,burkina,masse_monetaire,2022,5716.9
BCEAO/IMECO/CCCSF1412A0AP,burkina,masse_monetaire,2023,5552.0
BCEAO/IMECO/CCCSF1412A0AP,burkina,masse_monetaire,2024,5932.2
BCEAO/IMECO/AAASF1412A0AP,cote_ivoire,masse_monetaire,2004,1737.81
BCEAO/IMECO/AAASF1412A0AP,cote_ivoire,masse_monetaire,2005,1734.738
BCEAO/IMECO/AAASF1412A0AP,cote_ivoire,masse_monetaire,2006,1963.129
BCEAO/IMECO/AAASF1412A0AP,cote_ivoire,masse_monetaire,2007,2594.328
BCEAO/IMECO/AAASF1412A0AP,cote_ivoire,masse_monetaire,2008,2802.313
BCEAO/IMECO/AAASF1412A0AP,cote_ivoire,masse_monetaire,2009,3395.556
BCEAO/IMECO/AAASF1412A0AP,cote_ivoire,masse_monetaire,2010,4044.8
BCEAO/IMECO/AAASF1412A0AP,cote_ivoire,masse_monetaire,2011,4490.4
BCEAO/IMECO/AAASF1412A0AP,cote_ivoire,masse_monetaire,2012,4708.4
BCEAO/IMECO/AAASF1412A0AP,cote_ivoire,masse_monetaire,2013,5242.4
BCEAO/IMECO/AAASF1412A0AP,cote_ivoire,masse_monetaire,2014,5985.6
BCEAO/IMECO/AAASF1412A0AP,cote_ivoire,masse_monetaire,2015,7072.3
BCEAO/IMECO/AAASF1412A0AP,cote_ivoire,masse_monetaire,2016,7852.9
BCEAO/IMECO/AAASF1412A0AP,cote_ivoire,masse_monetaire,2017,8574.9
BCEAO/IMECO/AAASF1412A0AP,cote_ivoire,masse_monetaire,2018,9723.7
BCEAO/IMECO/AAASF1412A0AP,cote_ivoire,masse_monetaire,2019,10770.1
BCEAO/IMECO/AAASF1412A0AP,cote_ivoire,masse_monetaire,2020,13042.6
BCEAO/IMECO/AAASF1412A0AP,cote_ivoire,masse_monetaire,2021,15487.4
BCEAO/IMECO/AAASF1412A0AP,cote_ivoire,masse_monetaire,2022,16878.6
BCEAO/IMECO/AAASF1412A0AP,cote_ivoire,masse_monetaire,2023,17440.1
BCEAO/IMECO/AAASF1412A0AP,cote_ivoire,masse_monetaire,2024,19814.3
BCEAO/IMECO/SSSSF1412A0AP,guinee_bissau,masse_monetaire,2004,42.985
BCEAO/IMECO/SSSSF1412A0AP,guinee_bissau,masse_monetaire,2005,50.959
BCEAO/IMECO/SSSSF1412A0AP,guinee_bissau,masse_monetaire,2006,53.159
BCEAO/IMECO/SSSSF1412A0AP,guinee_bissau,masse_monetaire,2007,67.302
BCEAO/IMECO/SSSSF1412A0AP,guinee_bissau,masse_monetaire,2008,87.31
BCEAO/IMECO/SSSSF1412A0AP,guinee_bissau,masse_monetaire,2009,93.624
BCEAO/IMECO/SSSSF1412A0AP,guinee_bissau,masse_monetaire,2010,111.9
BCEAO/IMECO/SSSSF1412A0AP,guinee_bissau,masse_monetaire,2011,162.9
BCEAO/IMECO/SSSSF1412A0AP,guinee_bissau,masse_monetaire,2012,154.1
BCEAO/IMECO/SSSSF1412A0AP,guinee_bissau,masse_monetaire,2013,161.8
BCEAO/IMECO/SSSSF1412A0AP,guinee_bissau,masse_monetaire,2014,240.7
BCEAO/IMECO/SSSSF1412A0AP,guinee_bissau,masse_monetaire,2015,306.2
BCEAO/IMECO/SSSSF1412A0AP,guinee_bissau,masse_monetaire,2016,334.8
BCEAO/IMECO/SSSSF1412A0AP,guinee_bissau,masse_monetaire,2017,344.2
BCEAO/IMECO/SSSSF1412A0AP,guinee_bissau,masse_monetaire,2018,365.0
BCEAO/IMECO/SSSSF1412A0AP,guinee_bissau,masse_monetaire,2019,366.0
BCEAO/IMECO/SSSSF1412A0AP,guinee_bissau,masse_monetaire,2020,399.2
BCEAO/IMECO/SSSSF1412A0AP,guinee_bissau,masse_monetaire,2021,482.6
BCEAO/IMECO/SSSSF1412A0AP,guinee_bissau,masse_monetaire,2022,499.6
BCEAO/IMECO/SSSSF1412A0AP,guinee_bissau,masse_monetaire,2023,494.1
BCEAO/IMECO/SSSSF1412A0AP,guinee_bissau,masse_monetaire,2024,524.9
BCEAO/IMECO/DDDSF1412A0AP,mali,masse_monetaire,2004,724.169
BCEAO/IMECO/DDDSF1412A0AP,mali,masse_monetaire,2005,809.291
BCEAO/IMECO/DDDSF1412A0AP,mali,masse_monetaire,2006,888.883
BCEAO/IMECO/DDDSF1412A0AP,mali,masse_monetaire,2007,877.771
BCEAO/IMECO/DDDSF1412A0AP,mali,masse_monetaire,2008,763.225
BCEAO/IMECO/DDDSF1412A0AP,mali,masse_monetaire,2009,1084.773
BCEAO/IMECO/DDDSF1412A0AP,mali,masse_monetaire,2010,1261.9
BCEAO/IMECO/DDDSF1412A0AP,mali,masse_monetaire,2011,1425.0
BCEAO/IMECO/DDDSF1412A0AP,mali,masse_monetaire,2012,1645.6
BCEAO/IMECO/DDDSF1412A0AP,mali,masse_monetaire,2013,1780.5
BCEAO/IMECO/DDDSF1412A0AP,mali,masse_monetaire,2014,1883.7
BCEAO/IMECO/DDDSF1412A0AP,mali,masse_monetaire,2015,2079.4
BCEAO/IMECO/DDDSF1412A0AP,mali,masse_monetaire,2016,2302.9
BCEAO/IMECO/DDDSF1412A0AP,mali,masse_monetaire,2017,2386.5
BCEAO/IMECO/DDDSF1412A0AP,mali,masse_monetaire,2018,2744.4
BCEAO/IMECO/DDDSF1412A0AP,mali,masse_monetaire,2019,2991.8
BCEAO/IMECO/DDDSF1412A0AP,mali,masse_monetaire,2020,3657.1
BCEAO/IMECO/DDDSF1412A0AP,mali,masse_monetaire,2021,4320.0
BCEAO/IMECO/DDDSF1412A0AP,mali,masse_monetaire,2022,4783.1
BCEAO/IMECO/DDDSF1412A0AP,mali,masse_monetaire,2023,4729.1
BCEAO/IMECO/DDDSF1412A0AP,mali,masse_monetaire,2024,4812.0
BCEAO/IMECO/HHHSF1412A0AP,niger,masse_monetaire,2004,199.294
BCEAO/IMECO/HHHSF1412A0AP,niger,masse_monetaire,2005,208.796
BCEAO/IMECO/HHHSF1412A0AP,niger,masse_monetaire,2006,233.19
BCEAO/IMECO/HHHSF1412A0AP,niger,masse_monetaire,2007,340.924
BCEAO/IMECO/HHHSF1412A0AP,niger,masse_monetaire,2008,372.911
BCEAO/IMECO/HHHSF1412A0AP,niger,masse_monetaire,2009,450.079
BCEAO/IMECO/HHHSF1412A0AP,niger,masse_monetaire,2010,551.9
BCEAO/IMECO/HHHSF1412A0AP,niger,masse_monetaire,2011,589.6
BCEAO/IMECO/HHHSF1412A0AP,niger,masse_monetaire,2012,776.6
BCEAO/IMECO/HHHSF1412A0AP,niger,masse_monetaire,2013,852.3
BCEAO/IMECO/HHHSF1412A0AP,niger,masse_monetaire,2014,1064.6
BCEAO/IMECO/HHHSF1412A0AP,niger,masse_monetaire,2015,1113.4
BCEAO/IMECO/HHHSF1412A0AP,niger,masse_monetaire,2016,1210.0
BCEAO/IMECO/HHHSF1412A0AP,niger,masse_monetaire,2017,1150.4
BCEAO/IMECO/HHHSF1412A0AP,niger,masse_monetaire,2018,1126.2
BCEAO/IMECO/HHHSF1412A0AP,niger,masse_monetaire,2019,1295.8
BCEAO/IMECO/HHHSF1412A0AP,niger,masse_monetaire,2020,1516.2
BCEAO/IMECO/HHHSF1412A0AP,niger,masse_monetaire,2021,1663.8
BCEAO/IMECO/HHHSF1412A0AP,niger,masse_monetaire,2022,1862.1
BCEAO/IMECO/HHHSF1412A0AP,niger,masse_monetaire,2023,1844.9
BCEAO/IMECO/HHHSF1412A0AP,niger,masse_monetaire,2024,1972.5
BCEAO/IMECO/KKKSF1412A0AP,senegal,masse_monetaire,2004,1182.997
BCEAO/IMECO/KKKSF1412A0AP,senegal,masse_monetaire,2005,1293.286
BCEAO/IMECO/KKKSF1412A0AP,senegal,masse_monetaire,2006,1450.27
BCEAO/IMECO/KKKSF1412A0AP,senegal,masse_monetaire,2007,1637.981
BCEAO/IMECO/KKKSF1412A0AP,senegal,masse_monetaire,2008,1792.581
BCEAO/IMECO/KKKSF1412A0AP,senegal,masse_monetaire,2009,2029.592
BCEAO/IMECO/KKKSF1412A0AP,senegal,masse_monetaire,2010,2263.1
BCEAO/IMECO/KKKSF1412A0AP,senegal,masse_monetaire,2011,2432.7
BCEAO/IMECO/KKKSF1412A0AP,senegal,masse_monetaire,2012,2583.5
BCEAO/IMECO/KKKSF1412A0AP,senegal,masse_monetaire,2013,2795.2
BCEAO/IMECO/KKKSF1412A0AP,senegal,masse_monetaire,2014,3108.8
BCEAO/IMECO/KKKSF1412A0AP,senegal,masse_monetaire,2015,3708.5
BCEAO/IMECO/KKKSF1412A0AP,senegal,masse_monetaire,2016,4217.4
BCEAO/IMECO/KKKSF1412A0AP,senegal,masse_monetaire,2017,4607.7
BCEAO/IMECO/KKKSF1412A0AP,senegal,masse_monetaire,2018,5259.7
BCEAO/IMECO/KKKSF1412A0AP,senegal,masse_monetaire,2019,5692.0
BCEAO/IMECO/KKKSF1412A0AP,senegal,masse_monetaire,2020,6394.3
BCEAO/IMECO/KKKSF1412A0AP,senegal,masse_monetaire,2021,7375.2
BCEAO/IMECO/KKKSF1412A0AP,senegal,masse_monetaire,2022,8966.0
BCEAO/IMECO/KKKSF1412A0AP,senegal,masse_monetaire,2023,9827.6
BCEAO/IMECO/KKKSF1412A0AP,senegal,masse_monetaire,2024,10206.5
BCEAO/IMECO/TTTSF1412A0AP,togo,masse_monetaire,2004,293.265
BCEAO/IMECO/TTTSF1412A0AP,togo,masse_monetaire,2005,300.899
BCEAO/IMECO/TTTSF1412A0AP,togo,masse_monetaire,2006,372.756
BCEAO/IMECO/TTTSF1412A0AP,togo,masse_monetaire,2007,412.284
BCEAO/IMECO/TTTSF1412A0AP,togo,masse_monetaire,2008,514.869
BCEAO/IMECO/TTTSF1412A0AP,togo,masse_monetaire,2009,589.023
BCEAO/IMECO/TTTSF1412A0AP,togo,masse_monetaire,2010,675.8
BCEAO/IMECO/TTTSF1412A0AP,togo,masse_monetaire,2011,792.6
BCEAO/IMECO/TTTSF1412A0AP,togo,masse_monetaire,2012,872.8
BCEAO/IMECO/TTTSF1412A0AP,togo,masse_monetaire,2013,1020.7
BCEAO/IMECO/TTTSF1412A0AP,togo,masse_monetaire,2014,1057.7
BCEAO/IMECO/TTTSF1412A0AP,togo,masse_monetaire,2015,1277.5
BCEAO/IMECO/TTTSF1412A0AP,togo,masse_monetaire,2016,1435.7
BCEAO/IMECO/TTTSF1412A0AP,togo,masse_monetaire,2017,1578.7
BCEAO/IMECO/TTTSF1412A0AP,togo,masse_monetaire,2018,1726.0
BCEAO/IMECO/TTTSF1412A0AP,togo,masse_monetaire,2019,1804.3
BCEAO/IMECO/TTTSF1412A0AP,togo,masse_monetaire,2020,2013.3
BCEAO/IMECO/TTTSF1412A0AP,togo,masse_monetaire,2021,2260.5
BCEAO/IMECO/TTTSF1412A0AP,togo,masse_monetaire,2022,2607.8
BCEAO/IMECO/TTTSF1412A0AP,togo,masse_monetaire,2023,2781.9
BCEAO/IMECO/TTTSF1412A0AP,togo,masse_monetaire,2024,3022.7
BCEAO/IMECO/ZZZSF1412A0AP,uemoa,masse_monetaire,2004,5352.912
BCEAO/IMECO/ZZZSF1412A0AP,uemoa,masse_monetaire,2005,5611.004
BCEAO/IMECO/ZZZSF1412A0AP,uemoa,masse_monetaire,2006,6419.975
BCEAO/IMECO/ZZZSF1412A0AP,uemoa,masse_monetaire,2007,7616.544
BCEAO/IMECO/ZZZSF1412A0AP,uemoa,masse_monetaire,2008,8487.332
BCEAO/IMECO/ZZZSF1412A0AP,uemoa,masse_monetaire,2009,10078.994
BCEAO/IMECO/ZZZSF1412A0AP,uemoa,masse_monetaire,2010,11727.74
BCEAO/IMECO/ZZZSF1412A0AP,uemoa,masse_monetaire,2011,13072.75
BCEAO/IMECO/ZZZSF1412A0AP,uemoa,masse_monetaire,2012,14270.93
BCEAO/IMECO/ZZZSF1412A0AP,uemoa,masse_monetaire,2013,15845.21
BCEAO/IMECO/ZZZSF1412A0AP,uemoa,masse_monetaire,2014,17870.18
BCEAO/IMECO/ZZZSF1412A0AP,uemoa,masse_monetaire,2015,20531.2
BCEAO/IMECO/ZZZSF1412A0AP,uemoa,masse_monetaire,2016,22717.3
BCEAO/IMECO/ZZZSF1412A0AP,uemoa,masse_monetaire,2017,24649.8
BCEAO/IMECO/ZZZSF1412A0AP,uemoa,masse_monetaire,2018,27726.8
BCEAO/IMECO/ZZZSF1412A0AP,uemoa,masse_monetaire,2019,30600.5
BCEAO/IMECO/ZZZSF1412A0AP,uemoa,masse_monetaire,2020,35656.9
BCEAO/IMECO/ZZZSF1412A0AP,uemoa,masse_monetaire,2021,41458.8
BCEAO/IMECO/ZZZSF1412A0AP,uemoa,masse_monetaire,2022,46167.4
BCEAO/IMECO/ZZZSF1412A0AP,uemoa,masse_monetaire,2023,47790.8
BCEAO/IMECO/ZZZSF1412A0AP,uemoa,masse_monetaire,2024,52014.3
BCEAO/IMECO/BBBSF1582A0AP,benin,credit_economie_pib,2001,7.18
BCEAO/IMECO/BBBSF1582A0AP,benin,credit_economie_pib,2002,7.64
BCEAO/IMECO/BBBSF1582A0AP,benin,credit_economie_pib,2003,9.47
BCEAO/IMECO/BBBSF1582A0AP,benin,credit_economie_pib,2004,9.56
BCEAO/IMECO/BBBSF1582A0AP,benin,credit_economie_pib,2005,10.83
BCEAO/IMECO/BBBSF1582A0AP,benin,credit_economie_pib,2006,11.32
BCEAO/IMECO/BBBSF1582A0AP,benin,credit_economie_pib,2007,13.3
BCEAO/IMECO/BBBSF1582A0AP,benin,credit_economie_pib,2008,14.55
BCEAO/IMECO/BBBSF1582A0AP,benin,credit_economie_pib,2009,16.46
BCEAO/IMECO/BBBSF1582A0AP,benin,credit_economie_pib,2010,17.1
BCEAO/IMECO/BBBSF1582A0AP,benin,credit_economie_pib,2011,18.1
BCEAO/IMECO/BBBSF1582A0AP,benin,credit_economie_pib,2012,17.5
BCEAO/IMECO/BBBSF1582A0AP,benin,credit_economie_pib,2013,17.9
BCEAO/IMECO/BBBSF1582A0AP,benin,credit_economie_pib,2014,18.5
BCEAO/IMECO/BBBSF1582A0AP,benin,credit_economie_pib,2015,18.6
BCEAO/IMECO/BBBSF1582A0AP,benin,credit_economie_pib,2016,18.6
BCEAO/IMECO/BBBSF1582A0AP,benin,credit_economie_pib,2017,18.0
BCEAO/IMECO/BBBSF1582A0AP,benin,credit_economie_pib,2018,18.1
BCEAO/IMECO/BBBSF1582A0AP,benin,credit_economie_pib,2019,19.6
BCEAO/IMECO/BBBSF1582A0AP,benin,credit_economie_pib,2020,18.4
BCEAO/IMECO/BBBSF1582A0AP,benin,credit_economie_pib,2021,18.1
BCEAO/IMECO/BBBSF1582A0AP,benin,credit_economie_pib,2022,19.5
BCEAO/IMECO/BBBSF1582A0AP,benin,credit_economie_pib,2023,21.4
BCEAO/IMECO/BBBSF1582A0AP,benin,credit_economie_pib,2024,21.4
BCEAO/IMECO/CCCSF1582A0AP,burkina,credit_economie_pib,2001,10.68
BCEAO/IMECO/CCCSF1582A0AP,burkina,credit_economie_pib,2002,11.94
BCEAO/IMECO/CCCSF1582A0AP,burkina,credit_economie_pib,2003,12.4
BCEAO/IMECO/CCCSF1582A0AP,burkina,credit_economie_pib,2004,13.29
BCEAO/IMECO/CCCSF1582A0AP,burkina,credit_economie_pib,2005,14.67
BCEAO/IMECO/CCCSF1582A0AP,burkina,credit_economie_pib,2006,15.86
BCEAO/IMECO/CCCSF1582A0AP,burkina,credit_economie_pib,2007,14.98
BCEAO/IMECO/CCCSF1582A0AP,burkina,credit_economie_pib,2008,17.3
BCEAO/IMECO/CCCSF1582A0AP,burkina,credit_economie_pib,2009,16.54
BCEAO/IMECO/CCCSF1582A0AP,burkina,credit_economie_pib,2010,17.3
BCEAO/IMECO/CCCSF1582A0AP,burkina,credit_economie_pib,2011,18.1
BCEAO/IMECO/CCCSF1582A0AP,burkina,credit_economie_pib,2012,19.7
BCEAO/IMECO/CCCSF1582A0AP,burkina,credit_economie_pib,2013,23.5
BCEAO/IMECO/CCCSF1582A0AP,burkina,credit_economie_pib,2014,26.6
BCEAO/IMECO/CCCSF1582A0AP,burkina,credit_economie_pib,2015,28.9
BCEAO/IMECO/CCCSF1582A0AP,burkina,credit_economie_pib,2016,28.2
BCEAO/IMECO/CCCSF1582A0AP,burkina,credit_economie_pib,2017,28.9
BCEAO/IMECO/CCCSF1582A0AP,burkina,credit_economie_pib,2018,30.2
BCEAO/IMECO/CCCSF1582A0AP,burkina,credit_economie_pib,2019,31.0
BCEAO/IMECO/CCCSF1582A0AP,burkina,credit_economie_pib,2020,31.3
BCEAO/IMECO/CCCSF1582A0AP,burkina,credit_economie_pib,2021,32.6
BCEAO/IMECO/CCCSF1582A0AP,burkina,credit_economie_pib,2022,34.6
BCEAO/IMECO/CCCSF1582A0AP,burkina,credit_economie_pib,2023,34.6
BCEAO/IMECO/CCCSF1582A0AP,burkina,credit_economie_pib,2024,31.5
BCEAO/IMECO/AAASF1582A0AP,cote_ivoire,credit_economie_pib,2001,10.78
BCEAO/IMECO/AAASF1582A0AP,cote_ivoire,credit_economie_pib,2002,10.23
BCEAO/IMECO/AAASF1582A0AP,cote_ivoire,credit_economie_pib,2003,8.89
BCEAO/IMECO/AAASF1582A0AP,cote_ivoire,credit_economie_pib,2004,9.71
BCEAO/IMECO/AAASF1582A0AP,cote_ivoire,credit_economie_pib,2005,9.55
BCEAO/IMECO/AAASF1582A0AP,cote_ivoire,credit_economie_pib,2006,10.03
BCEAO/IMECO/AAASF1582A0AP,cote_ivoire,credit_economie_pib,2007,11.37
BCEAO/IMECO/AAASF1582A0AP,cote_ivoire,credit_economie_pib,2008,12.75
BCEAO/IMECO/AAASF1582A0AP,cote_ivoire,credit_economie_pib,2009,13.57
BCEAO/IMECO/AAASF1582A0AP,cote_ivoire,credit_economie_pib,2010,14.3
BCEAO/IMECO/AAASF1582A0AP,cote_ivoire,credit_economie_pib,2011,14.5
BCEAO/IMECO/AAASF1582A0AP,cote_ivoire,credit_economie_pib,2012,14.2
BCEAO/IMECO/AAASF1582A0AP,cote_ivoire,credit_economie_pib,2013,14.8
BCEAO/IMECO/AAASF1582A0AP,cote_ivoire,credit_economie_pib,2014,15.6
BCEAO/IMECO/AAASF1582A0AP,cote_ivoire,credit_economie_pib,2015,17.9
BCEAO/IMECO/AAASF1582A0AP,cote_ivoire,credit_economie_pib,2016,19.2
BCEAO/IMECO/AAASF1582A0AP,cote_ivoire,credit_economie_pib,2017,20.7
BCEAO/IMECO/AAASF1582A0AP,cote_ivoire,credit_economie_pib,2018,21.6
BCEAO/IMECO/AAASF1582A0AP,cote_ivoire,credit_economie_pib,2019,21.0
BCEAO/IMECO/AAASF1582A0AP,cote_ivoire,credit_economie_pib,2020,22.4
BCEAO/IMECO/AAASF1582A0AP,cote_ivoire,credit_economie_pib,2021,22.7
BCEAO/IMECO/AAASF1582A0AP,cote_ivoire,credit_economie_pib,2022,22.4
BCEAO/IMECO/AAASF1582A0AP,cote_ivoire,credit_economie_pib,2023,23.9
BCEAO/IMECO/AAASF1582A0AP,cote_ivoire,credit_economie_pib,2024,24.3
BCEAO/IMECO/SSSSF1582A0AP,guinee_bissau,credit_economie_pib,2001,1.47
BCEAO/IMECO/SSSSF1582A0AP,guinee_bissau,credit_economie_pib,2002,1.3
BCEAO/IMECO/SSSSF1582A0AP,guinee_bissau,credit_economie_pib,2003,0.83
BCEAO/IMECO/SSSSF1582A0AP,guinee_bissau,credit_economie_pib,2004,0.73
BCEAO/IMECO/SSSSF1582A0AP,guinee_bissau,credit_economie_pib,2005,1.0
BCEAO/IMECO/SSSSF1582A0AP,guinee_bissau,credit_economie_pib,2006,1.91
BCEAO/IMECO/SSSSF1582A0AP,guinee_bissau,credit_economie_pib,2007,2.9
BCEAO/IMECO/SSSSF1582A0AP,guinee_bissau,credit_economie_pib,2008,5.14
BCEAO/IMECO/SSSSF1582A0AP,guinee_bissau,credit_economie_pib,2009,5.58
BCEAO/IMECO/SSSSF1582A0AP,guinee_bissau,credit_economie_pib,2010,6.6
BCEAO/IMECO/SSSSF1582A0AP,guinee_bissau,credit_economie_pib,2011,10.2
BCEAO/IMECO/SSSSF1582A0AP,guinee_bissau,credit_economie_pib,2012,14.0
BCEAO/IMECO/SSSSF1582A0AP,guinee_bissau,credit_economie_pib,2013,13.3
BCEAO/IMECO/SSSSF1582A0AP,guinee_bissau,credit_economie_pib,2014,14.4
BCEAO/IMECO/SSSSF1582A0AP,guinee_bissau,credit_economie_pib,2015,8.3
BCEAO/IMECO/SSSSF1582A0AP,guinee_bissau,credit_economie_pib,2016,7.6
BCEAO/IMECO/SSSSF1582A0AP,guinee_bissau,credit_economie_pib,2017,11.8
BCEAO/IMECO/SSSSF1582A0AP,guinee_bissau,credit_economie_pib,2018,14.1
BCEAO/IMECO/SSSSF1582A0AP,guinee_bissau,credit_economie_pib,2019,14.9
BCEAO/IMECO/SSSSF1582A0AP,guinee_bissau,credit_economie_pib,2020,15.2
BCEAO/IMECO/SSSSF1582A0AP,guinee_bissau,credit_economie_pib,2021,14.8
BCEAO/IMECO/SSSSF1582A0AP,guinee_bissau,credit_economie_pib,2022,16.6
BCEAO/IMECO/SSSSF1582A0AP,guinee_bissau,credit_economie_pib,2023,15.1
BCEAO/IMECO/SSSSF1582A0AP,guinee_bissau,credit_economie_pib,2024,11.4
BCEAO/IMECO/DDDSF1582A0AP,mali,credit_economie_pib,2001,13.52
BCEAO/IMECO/DDDSF1582A0AP,mali,credit_economie_pib,2002,15.18
BCEAO/IMECO/DDDSF1582A0AP,mali,credit_economie_pib,2003,17.66
BCEAO/IMECO/DDDSF1582A0AP,mali,credit_economie_pib,2004,17.92
BCEAO/IMECO/DDDSF1582A0AP,mali,credit_economie_pib,2005,14.64
BCEAO/IMECO/DDDSF1582A0AP,mali,credit_economie_pib,2006,15.94
BCEAO/IMECO/DDDSF1582A0AP,mali,credit_economie_pib,2007,15.84
BCEAO/IMECO/DDDSF1582A0AP,mali,credit_economie_pib,2008,14.42
BCEAO/IMECO/DDDSF1582A0AP,mali,credit_economie_pib,2009,18.76
BCEAO/IMECO/DDDSF1582A0AP,mali,credit_economie_pib,2010,19.9
BCEAO/IMECO/DDDSF1582A0AP,mali,credit_economie_pib,2011,20.1
BCEAO/IMECO/DDDSF1582A0AP,mali,credit_economie_pib,2012,21.3
BCEAO/IMECO/DDDSF1582A0AP,mali,credit_economie_pib,2013,23.1
BCEAO/IMECO/DDDSF1582A0AP,mali,credit_economie_pib,2014,24.9
BCEAO/IMECO/DDDSF1582A0AP,mali,credit_economie_pib,2015,27.4
BCEAO/IMECO/DDDSF1582A0AP,mali,credit_economie_pib,2016,24.1
BCEAO/IMECO/DDDSF1582A0AP,mali,credit_economie_pib,2017,24.1
BCEAO/IMECO/DDDSF1582A0AP,mali,credit_economie_pib,2018,22.6
BCEAO/IMECO/DDDSF1582A0AP,mali,credit_economie_pib,2019,22.2
BCEAO/IMECO/DDDSF1582A0AP,mali,credit_economie_pib,2020,23.6
BCEAO/IMECO/DDDSF1582A0AP,mali,credit_economie_pib,2021,25.3
BCEAO/IMECO/DDDSF1582A0AP,mali,credit_economie_pib,2022,26.8
BCEAO/IMECO/DDDSF1582A0AP,mali,credit_economie_pib,2023,25.4
BCEAO/IMECO/DDDSF1582A0AP,mali,credit_economie_pib,2024,24.2
BCEAO/IMECO/HHHSF1582A0AP,niger,credit_economie_pib,2001,3.65
BCEAO/IMECO/HHHSF1582A0AP,niger,credit_economie_pib,2002,3.85
BCEAO/IMECO/HHHSF1582A0AP,niger,credit_economie_pib,2003,4.02
BCEAO/IMECO/HHHSF1582A0AP,niger,credit_economie_pib,2004,4.87
BCEAO/IMECO/HHHSF1582A0AP,niger,credit_economie_pib,2005,5.01
BCEAO/IMECO/HHHSF1582A0AP,niger,credit_economie_pib,2006,6.15
BCEAO/IMECO/HHHSF1582A0AP,niger,credit_economie_pib,2007,6.95
BCEAO/IMECO/HHHSF1582A0AP,niger,credit_economie_pib,2008,9.05
BCEAO/IMECO/HHHSF1582A0AP,niger,credit_economie_pib,2009,10.27
BCEAO/IMECO/HHHSF1582A0AP,niger,credit_economie_pib,2010,10.5
BCEAO/IMECO/HHHSF1582A0AP,niger,credit_economie_pib,2011,11.4
BCEAO/IMECO/HHHSF1582A0AP,niger,credit_economie_pib,2012,12.0
BCEAO/IMECO/HHHSF1582A0AP,niger,credit_economie_pib,2013,12.1
BCEAO/IMECO/HHHSF1582A0AP,niger,credit_economie_pib,2014,12.7
BCEAO/IMECO/HHHSF1582A0AP,niger,credit_economie_pib,2015,13.7
BCEAO/IMECO/HHHSF1582A0AP,niger,credit_economie_pib,2016,13.4
BCEAO/IMECO/HHHSF1582A0AP,niger,credit_economie_pib,2017,13.7
BCEAO/IMECO/HHHSF1582A0AP,niger,credit_economie_pib,2018,12.0
BCEAO/IMECO/HHHSF1582A0AP,niger,credit_economie_pib,2019,12.7
BCEAO/IMECO/HHHSF1582A0AP,niger,credit_economie_pib,2020,13.2
BCEAO/IMECO/HHHSF1582A0AP,niger,credit_economie_pib,2021,14.6
BCEAO/IMECO/HHHSF1582A0AP,niger,credit_economie_pib,2022,14.1
BCEAO/IMECO/HHHSF1582A0AP,niger,credit_economie_pib,2023,12.4
BCEAO/IMECO/HHHSF1582A0AP,niger,credit_economie_pib,2024,11.5
BCEAO/IMECO/KKKSF1582A0AP,senegal,credit_economie_pib,2001,13.75
BCEAO/IMECO/KKKSF1582A0AP,senegal,credit_economie_pib,2002,14.12
BCEAO/IMECO/KKKSF1582A0AP,senegal,credit_economie_pib,2003,15.43
BCEAO/IMECO/KKKSF1582A0AP,senegal,credit_economie_pib,2004,16.13
BCEAO/IMECO/KKKSF1582A0AP,senegal,credit_economie_pib,2005,18.38
BCEAO/IMECO/KKKSF1582A0AP,senegal,credit_economie_pib,2006,18.18
BCEAO/IMECO/KKKSF1582A0AP,senegal,credit_economie_pib,2007,18.33
BCEAO/IMECO/KKKSF1582A0AP,senegal,credit_economie_pib,2008,22.67
BCEAO/IMECO/KKKSF1582A0AP,senegal,credit_economie_pib,2009,23.57
BCEAO/IMECO/KKKSF1582A0AP,senegal,credit_economie_pib,2010,23.9
BCEAO/IMECO/KKKSF1582A0AP,senegal,credit_economie_pib,2011,26.4
BCEAO/IMECO/KKKSF1582A0AP,senegal,credit_economie_pib,2012,27.6
BCEAO/IMECO/KKKSF1582A0AP,senegal,credit_economie_pib,2013,29.9
BCEAO/IMECO/KKKSF1582A0AP,senegal,credit_economie_pib,2014,31.5
BCEAO/IMECO/KKKSF1582A0AP,senegal,credit_economie_pib,2015,31.7
BCEAO/IMECO/KKKSF1582A0AP,senegal,credit_economie_pib,2016,32.5
BCEAO/IMECO/KKKSF1582A0AP,senegal,credit_economie_pib,2017,34.5
BCEAO/IMECO/KKKSF1582A0AP,senegal,credit_economie_pib,2018,33.3
BCEAO/IMECO/KKKSF1582A0AP,senegal,credit_economie_pib,2019,33.5
BCEAO/IMECO/KKKSF1582A0AP,senegal,credit_economie_pib,2020,33.1
BCEAO/IMECO/KKKSF1582A0AP,senegal,credit_economie_pib,2021,33.5
BCEAO/IMECO/KKKSF1582A0AP,senegal,credit_economie_pib,2022,35.6
BCEAO/IMECO/KKKSF1582A0AP,senegal,credit_economie_pib,2023,34.7
BCEAO/IMECO/KKKSF1582A0AP,senegal,credit_economie_pib,2024,33.0
BCEAO/IMECO/TTTSF1582A0AP,togo,credit_economie_pib,2001,8.99
BCEAO/IMECO/TTTSF1582A0AP,togo,credit_economie_pib,2002,7.67
BCEAO/IMECO/TTTSF1582A0AP,togo,credit_economie_pib,2003,9.64
BCEAO/IMECO/TTTSF1582A0AP,togo,credit_economie_pib,2004,10.36
BCEAO/IMECO/TTTSF1582A0AP,togo,credit_economie_pib,2005,11.5
BCEAO/IMECO/TTTSF1582A0AP,togo,credit_economie_pib,2006,11.32
BCEAO/IMECO/TTTSF1582A0AP,togo,credit_economie_pib,2007,14.16
BCEAO/IMECO/TTTSF1582A0AP,togo,credit_economie_pib,2008,16.99
BCEAO/IMECO/TTTSF1582A0AP,togo,credit_economie_pib,2009,18.82
BCEAO/IMECO/TTTSF1582A0AP,togo,credit_economie_pib,2010,19.3
BCEAO/IMECO/TTTSF1582A0AP,togo,credit_economie_pib,2011,21.3
BCEAO/IMECO/TTTSF1582A0AP,togo,credit_economie_pib,2012,23.5
BCEAO/IMECO/TTTSF1582A0AP,togo,credit_economie_pib,2013,28.7
BCEAO/IMECO/TTTSF1582A0AP,togo,credit_economie_pib,2014,27.3
BCEAO/IMECO/TTTSF1582A0AP,togo,credit_economie_pib,2015,31.1
BCEAO/IMECO/TTTSF1582A0AP,togo,credit_economie_pib,2016,32.0
BCEAO/IMECO/TTTSF1582A0AP,togo,credit_economie_pib,2017,31.7
BCEAO/IMECO/TTTSF1582A0AP,togo,credit_economie_pib,2018,31.4
BCEAO/IMECO/TTTSF1582A0AP,togo,credit_economie_pib,2019,31.8
BCEAO/IMECO/TTTSF1582A0AP,togo,credit_economie_pib,2020,30.7
BCEAO/IMECO/TTTSF1582A0AP,togo,credit_economie_pib,2021,30.8
BCEAO/IMECO/TTTSF1582A0AP,togo,credit_economie_pib,2022,32.6
BCEAO/IMECO/TTTSF1582A0AP,togo,credit_economie_pib,2023,34.9
BCEAO/IMECO/TTTSF1582A0AP,togo,credit_economie_pib,2024,30.1
BCEAO/IMECO/ZZZSF1582A0AP,uemoa,credit_economie_pib,2001,10.16
BCEAO/IMECO/ZZZSF1582A0AP,uemoa,credit_economie_pib,2002,10.48
BCEAO/IMECO/ZZZSF1582A0AP,uemoa,credit_economie_pib,2003,10.74
BCEAO/IMECO/ZZZSF1582A0AP,uemoa,credit_economie_pib,2004,11.25
BCEAO/IMECO/ZZZSF1582A0AP,uemoa,credit_economie_pib,2005,11.59
BCEAO/IMECO/ZZZSF1582A0AP,uemoa,credit_economie_pib,2006,11.78
BCEAO/IMECO/ZZZSF1582A0AP,uemoa,credit_economie_pib,2007,12.6
BCEAO/IMECO/ZZZSF1582A0AP,uemoa,credit_economie_pib,2008,16.16
BCEAO/IMECO/ZZZSF1582A0AP,uemoa,credit_economie_pib,2009,17.31
BCEAO/IMECO/ZZZSF1582A0AP,uemoa,credit_economie_pib,2010,18.1
BCEAO/IMECO/ZZZSF1582A0AP,uemoa,credit_economie_pib,2011,19.2
BCEAO/IMECO/ZZZSF1582A0AP,uemoa,credit_economie_pib,2012,19.8
BCEAO/IMECO/ZZZSF1582A0AP,uemoa,credit_economie_pib,2013,21.1
BCEAO/IMECO/ZZZSF1582A0AP,uemoa,credit_economie_pib,2014,22.4
BCEAO/IMECO/ZZZSF1582A0AP,uemoa,credit_economie_pib,2015,24.3
BCEAO/IMECO/ZZZSF1582A0AP,uemoa,credit_economie_pib,2016,24.4
BCEAO/IMECO/ZZZSF1582A0AP,uemoa,credit_economie_pib,2017,25.2
BCEAO/IMECO/ZZZSF1582A0AP,uemoa,credit_economie_pib,2018,25.7
BCEAO/IMECO/ZZZSF1582A0AP,uemoa,credit_economie_pib,2019,25.7
BCEAO/IMECO/ZZZSF1582A0AP,uemoa,credit_economie_pib,2020,26.0
BCEAO/IMECO/ZZZSF1582A0AP,uemoa,credit_economie_pib,2021,26.6
BCEAO/IMECO/ZZZSF1582A0AP,uemoa,credit_economie_pib,2022,27.6
BCEAO/IMECO/ZZZSF1582A0AP,uemoa,credit_economie_pib,2023,27.9
BCEAO/IMECO/ZZZSF1582A0AP,uemoa,credit_economie_pib,2024,26.7
BCEAO/IMECO/BBBSR1044A0BP,benin,poids_primaire,2001,25.05
BCEAO/IMECO/BBBSR1044A0BP,benin,poids_primaire,2002,25.38
BCEAO/IMECO/BBBSR1044A0BP,benin,poids_primaire,2003,24.45
BCEAO/IMECO/BBBSR1044A0BP,benin,poids_primaire,2004,26.52
BCEAO/IMECO/BBBSR1044A0BP,benin,poids_primaire,2005,26.69
BCEAO/IMECO/BBBSR1044A0BP,benin,poids_primaire,2006,27.62
BCEAO/IMECO/BBBSR1044A0BP,benin,poids_primaire,2007,26.97
BCEAO/IMECO/BBBSR1044A0BP,benin,poids_primaire,2008,26.83
BCEAO/IMECO/BBBSR1044A0BP,benin,poids_primaire,2009,26.98
BCEAO/IMECO/BBBSR1044A0BP,benin,poids_primaire,2010,25.8
BCEAO/IMECO/BBBSR1044A0BP,benin,poids_primaire,2011,25.8
BCEAO/IMECO/BBBSR1044A0BP,benin,poids_primaire,2012,25.8
BCEAO/IMECO/BBBSR1044A0BP,benin,poids_primaire,2013,25.3
BCEAO/IMECO/BBBSR1044A0BP,benin,poids_primaire,2014,25.6
BCEAO/IMECO/BBBSR1044A0BP,benin,poids_primaire,2015,26.4
BCEAO/IMECO/BBBSR1044A0BP,benin,poids_primaire,2016,27.8
BCEAO/IMECO/BBBSR1044A0BP,benin,poids_primaire,2017,28.5
BCEAO/IMECO/BBBSR1044A0BP,benin,poids_primaire,2018,28.1
BCEAO/IMECO/BBBSR1044A0BP,benin,poids_primaire,2019,26.9
BCEAO/IMECO/BBBSR1044A0BP,benin,poids_primaire,2020,27.1
BCEAO/IMECO/BBBSR1044A0BP,benin,poids_primaire,2021,28.5
BCEAO/IMECO/BBBSR1044A0BP,benin,poids_primaire,2022,26.9
BCEAO/IMECO/BBBSR1044A0BP,benin,poids_primaire,2023,25.4
BCEAO/IMECO/BBBSR1044A0BP,benin,poids_primaire,2024,25.2
BCEAO/IMECO/CCCSR1044A0BP,burkina,poids_primaire,2001,26.92
BCEAO/IMECO/CCCSR1044A0BP,burkina,poids_primaire,2002,26.37
BCEAO/IMECO/CCCSR1044A0BP,burkina,poids_primaire,2003,25.96
BCEAO/IMECO/CCCSR1044A0BP,burkina,poids_primaire,2004,28.15
BCEAO/IMECO/CCCSR1044A0BP,burkina,poids_primaire,2005,26.77
BCEAO/IMECO/CCCSR1044A0BP,burkina,poids_primaire,2006,25.23
BCEAO/IMECO/CCCSR1044A0BP,burkina,poids_primaire,2007,21.84
BCEAO/IMECO/CCCSR1044A0BP,burkina,poids_primaire,2008,27.31
BCEAO/IMECO/CCCSR1044A0BP,burkina,poids_primaire,2009,23.2
BCEAO/IMECO/CCCSR1044A0BP,burkina,poids_primaire,2010,24.1
BCEAO/IMECO/CCCSR1044A0BP,burkina,poids_primaire,2011,23.0
BCEAO/IMECO/CCCSR1044A0BP,burkina,poids_primaire,2012,23.8
BCEAO/IMECO/CCCSR1044A0BP,burkina,poids_primaire,2013,23.6
BCEAO/IMECO/CCCSR1044A0BP,burkina,poids_primaire,2014,23.7
BCEAO/IMECO/CCCSR1044A0BP,burkina,poids_primaire,2015,22.7
BCEAO/IMECO/CCCSR1044A0BP,burkina,poids_primaire,2016,21.7
BCEAO/IMECO/CCCSR1044A0BP,burkina,poids_primaire,2017,20.6
BCEAO/IMECO/CCCSR1044A0BP,burkina,poids_primaire,2018,21.0
BCEAO/IMECO/CCCSR1044A0BP,burkina,poids_primaire,2019,18.2
BCEAO/IMECO/CCCSR1044A0BP,burkina,poids_primaire,2020,17.9
BCEAO/IMECO/CCCSR1044A0BP,burkina,poids_primaire,2021,17.3
BCEAO/IMECO/CCCSR1044A0BP,burkina,poids_primaire,2022,18.8
BCEAO/IMECO/CCCSR1044A0BP,burkina,poids_primaire,2023,17.1
BCEAO/IMECO/CCCSR1044A0BP,burkina,poids_primaire,2024,20.4
BCEAO/IMECO/AAASR1044A0BP,cote_ivoire,poids_primaire,2001,19.43
BCEAO/IMECO/AAASR1044A0BP,cote_ivoire,poids_primaire,2002,20.43
BCEAO/IMECO/AAASR1044A0BP,cote_ivoire,poids_primaire,2003,21.57
BCEAO/IMECO/AAASR1044A0BP,cote_ivoire,poids_primaire,2004,17.68
BCEAO/IMECO/AAASR1044A0BP,cote_ivoire,poids_primaire,2005,16.5
BCEAO/IMECO/AAASR1044A0BP,cote_ivoire,poids_primaire,2006,16.52
BCEAO/IMECO/AAASR1044A0BP,cote_ivoire,poids_primaire,2007,16.06
BCEAO/IMECO/AAASR1044A0BP,cote_ivoire,poids_primaire,2008,16.56
BCEAO/IMECO/AAASR1044A0BP,cote_ivoire,poids_primaire,2009,15.48
BCEAO/IMECO/AAASR1044A0BP,cote_ivoire,poids_primaire,2010,17.8
BCEAO/IMECO/AAASR1044A0BP,cote_ivoire,poids_primaire,2011,19.7
BCEAO/IMECO/AAASR1044A0BP,cote_ivoire,poids_primaire,2012,17.3
BCEAO/IMECO/AAASR1044A0BP,cote_ivoire,poids_primaire,2013,16.6
BCEAO/IMECO/AAASR1044A0BP,cote_ivoire,poids_primaire,2014,16.7
BCEAO/IMECO/AAASR1044A0BP,cote_ivoire,poids_primaire,2015,18.4
BCEAO/IMECO/AAASR1044A0BP,cote_ivoire,poids_primaire,2016,17.4
BCEAO/IMECO/AAASR1044A0BP,cote_ivoire,poids_primaire,2017,16.9
BCEAO/IMECO/AAASR1044A0BP,cote_ivoire,poids_primaire,2018,17.9
BCEAO/IMECO/AAASR1044A0BP,cote_ivoire,poids_primaire,2019,15.7
BCEAO/IMECO/AAASR1044A0BP,cote_ivoire,poids_primaire,2020,16.9
BCEAO/IMECO/AAASR1044A0BP,cote_ivoire,poids_primaire,2021,16.2
BCEAO/IMECO/AAASR1044A0BP,cote_ivoire,poids_primaire,2022,15.8
BCEAO/IMECO/AAASR1044A0BP,cote_ivoire,poids_primaire,2023,14.3
BCEAO/IMECO/AAASR1044A0BP,cote_ivoire,poids_primaire,2024,14.9
BCEAO/IMECO/SSSSR1044A0BP,guinee_bissau,poids_primaire,2001,36.77
BCEAO/IMECO/SSSSR1044A0BP,guinee_bissau,poids_primaire,2002,35.28
BCEAO/IMECO/SSSSR1044A0BP,guinee_bissau,poids_primaire,2003,36.81
BCEAO/IMECO/SSSSR1044A0BP,guinee_bissau,poids_primaire,2004,36.97
BCEAO/IMECO/SSSSR1044A0BP,guinee_bissau,poids_primaire,2005,40.4
BCEAO/IMECO/SSSSR1044A0BP,guinee_bissau,poids_primaire,2006,39.48
BCEAO/IMECO/SSSSR1044A0BP,guinee_bissau,poids_primaire,2007,38.17
BCEAO/IMECO/SSSSR1044A0BP,guinee_bissau,poids_primaire,2008,38.26
BCEAO/IMECO/SSSSR1044A0BP,guinee_bissau,poids_primaire,2009,39.15
BCEAO/IMECO/SSSSR1044A0BP,guinee_bissau,poids_primaire,2010,38.0
BCEAO/IMECO/SSSSR1044A0BP,guinee_bissau,poids_primaire,2011,37.6
BCEAO/IMECO/SSSSR1044A0BP,guinee_bissau,poids_primaire,2012,38.1
BCEAO/IMECO/SSSSR1044A0BP,guinee_bissau,poids_primaire,2013,38.7
BCEAO/IMECO/SSSSR1044A0BP,guinee_bissau,poids_primaire,2014,34.8
BCEAO/IMECO/SSSSR1044A0BP,guinee_bissau,poids_primaire,2015,35.2
BCEAO/IMECO/SSSSR1044A0BP,guinee_bissau,poids_primaire,2016,36.3
BCEAO/IMECO/SSSSR1044A0BP,guinee_bissau,poids_primaire,2017,36.4
BCEAO/IMECO/SSSSR1044A0BP,guinee_bissau,poids_primaire,2018,32.5
BCEAO/IMECO/SSSSR1044A0BP,guinee_bissau,poids_primaire,2019,31.1
BCEAO/IMECO/SSSSR1044A0BP,guinee_bissau,poids_primaire,2020,35.7
BCEAO/IMECO/SSSSR1044A0BP,guinee_bissau,poids_primaire,2021,38.8
BCEAO/IMECO/SSSSR1044A0BP,guinee_bissau,poids_primaire,2022,38.7
BCEAO/IMECO/SSSSR1044A0BP,guinee_bissau,poids_primaire,2023,34.2
BCEAO/IMECO/SSSSR1044A0BP,guinee_bissau,poids_primaire,2024,42.5
BCEAO/IMECO/DDDSR1044A0BP,mali,poids_primaire,2001,32.33
BCEAO/IMECO/DDDSR1044A0BP,mali,poids_primaire,2002,32.18
BCEAO/IMECO/DDDSR1044A0BP,mali,poids_primaire,2003,29.27
BCEAO/IMECO/DDDSR1044A0BP,mali,poids_primaire,2004,29.41
BCEAO/IMECO/DDDSR1044A0BP,mali,poids_primaire,2005,31.38
BCEAO/IMECO/DDDSR1044A0BP,mali,poids_primaire,2006,28.93
BCEAO/IMECO/DDDSR1044A0BP,mali,poids_primaire,2007,30.29
BCEAO/IMECO/DDDSR1044A0BP,mali,poids_primaire,2008,32.07
BCEAO/IMECO/DDDSR1044A0BP,mali,poids_primaire,2009,31.26
BCEAO/IMECO/DDDSR1044A0BP,mali,poids_primaire,2010,32.3
BCEAO/IMECO/DDDSR1044A0BP,mali,poids_primaire,2011,34.1
BCEAO/IMECO/DDDSR1044A0BP,mali,poids_primaire,2012,37.5
BCEAO/IMECO/DDDSR1044A0BP,mali,poids_primaire,2013,36.2
BCEAO/IMECO/DDDSR1044A0BP,mali,poids_primaire,2014,37.0
BCEAO/IMECO/DDDSR1044A0BP,mali,poids_primaire,2015,37.2
BCEAO/IMECO/DDDSR1044A0BP,mali,poids_primaire,2016,31.0
BCEAO/IMECO/DDDSR1044A0BP,mali,poids_primaire,2017,31.4
BCEAO/IMECO/DDDSR1044A0BP,mali,poids_primaire,2018,32.5
BCEAO/IMECO/DDDSR1044A0BP,mali,poids_primaire,2019,32.3
BCEAO/IMECO/DDDSR1044A0BP,mali,poids_primaire,2020,32.3
BCEAO/IMECO/DDDSR1044A0BP,mali,poids_primaire,2021,32.0
BCEAO/IMECO/DDDSR1044A0BP,mali,poids_primaire,2022,33.0
BCEAO/IMECO/DDDSR1044A0BP,mali,poids_primaire,2023,32.5
BCEAO/IMECO/DDDSR1044A0BP,mali,poids_primaire,2024,33.2
BCEAO/IMECO/HHHSR1044A0BP,niger,poids_primaire,2001,35.47
BCEAO/IMECO/HHHSR1044A0BP,niger,poids_primaire,2002,36.26
BCEAO/IMECO/HHHSR1044A0BP,niger,poids_primaire,2003,35.57
BCEAO/IMECO/HHHSR1044A0BP,niger,poids_primaire,2004,32.07
BCEAO/IMECO/HHHSR1044A0BP,niger,poids_primaire,2005,37.6
BCEAO/IMECO/HHHSR1044A0BP,niger,poids_primaire,2006,38.1
BCEAO/IMECO/HHHSR1044A0BP,niger,poids_primaire,2007,37.13
BCEAO/IMECO/HHHSR1044A0BP,niger,poids_primaire,2008,38.75
BCEAO/IMECO/HHHSR1044A0BP,niger,poids_primaire,2009,35.21
BCEAO/IMECO/HHHSR1044A0BP,niger,poids_primaire,2010,37.0
BCEAO/IMECO/HHHSR1044A0BP,niger,poids_primaire,2011,34.5
BCEAO/IMECO/HHHSR1044A0BP,niger,poids_primaire,2012,34.9
BCEAO/IMECO/HHHSR1044A0BP,niger,poids_primaire,2013,33.0
BCEAO/IMECO/HHHSR1044A0BP,niger,poids_primaire,2014,33.7
BCEAO/IMECO/HHHSR1044A0BP,niger,poids_primaire,2015,32.4
BCEAO/IMECO/HHHSR1044A0BP,niger,poids_primaire,2016,35.3
BCEAO/IMECO/HHHSR1044A0BP,niger,poids_primaire,2017,35.8
BCEAO/IMECO/HHHSR1044A0BP,niger,poids_primaire,2018,37.7
BCEAO/IMECO/HHHSR1044A0BP,niger,poids_primaire,2019,36.9
BCEAO/IMECO/HHHSR1044A0BP,niger,poids_primaire,2020,38.4
BCEAO/IMECO/HHHSR1044A0BP,niger,poids_primaire,2021,36.5
BCEAO/IMECO/HHHSR1044A0BP,niger,poids_primaire,2022,41.0
BCEAO/IMECO/HHHSR1044A0BP,niger,poids_primaire,2023,41.4
BCEAO/IMECO/HHHSR1044A0BP,niger,poids_primaire,2024,41.8
BCEAO/IMECO/KKKSR1044A0BP,senegal,poids_primaire,2001,16.25
BCEAO/IMECO/KKKSR1044A0BP,senegal,poids_primaire,2002,13.38
BCEAO/IMECO/KKKSR1044A0BP,senegal,poids_primaire,2003,15.49
BCEAO/IMECO/KKKSR1044A0BP,senegal,poids_primaire,2004,14.2
BCEAO/IMECO/KKKSR1044A0BP,senegal,poids_primaire,2005,15.18
BCEAO/IMECO/KKKSR1044A0BP,senegal,poids_primaire,2006,13.4
BCEAO/IMECO/KKKSR1044A0BP,senegal,poids_primaire,2007,12.25
BCEAO/IMECO/KKKSR1044A0BP,senegal,poids_primaire,2008,14.69
BCEAO/IMECO/KKKSR1044A0BP,senegal,poids_primaire,2009,16.11
BCEAO/IMECO/KKKSR1044A0BP,senegal,poids_primaire,2010,16.0
BCEAO/IMECO/KKKSR1044A0BP,senegal,poids_primaire,2011,13.0
BCEAO/IMECO/KKKSR1044A0BP,senegal,poids_primaire,2012,14.1
BCEAO/IMECO/KKKSR1044A0BP,senegal,poids_primaire,2013,13.7
BCEAO/IMECO/KKKSR1044A0BP,senegal,poids_primaire,2014,13.4
BCEAO/IMECO/KKKSR1044A0BP,senegal,poids_primaire,2015,14.3
BCEAO/IMECO/KKKSR1044A0BP,senegal,poids_primaire,2016,14.4
BCEAO/IMECO/KKKSR1044A0BP,senegal,poids_primaire,2017,15.0
BCEAO/IMECO/KKKSR1044A0BP,senegal,poids_primaire,2018,15.0
BCEAO/IMECO/KKKSR1044A0BP,senegal,poids_primaire,2019,14.9
BCEAO/IMECO/KKKSR1044A0BP,senegal,poids_primaire,2020,16.1
BCEAO/IMECO/KKKSR1044A0BP,senegal,poids_primaire,2021,15.6
BCEAO/IMECO/KKKSR1044A0BP,senegal,poids_primaire,2022,16.3
BCEAO/IMECO/KKKSR1044A0BP,senegal,poids_primaire,2023,17.4
BCEAO/IMECO/KKKSR1044A0BP,senegal,poids_primaire,2024,18.1
BCEAO/IMECO/TTTSR1044A0BP,togo,poids_primaire,2001,15.16
BCEAO/IMECO/TTTSR1044A0BP,togo,poids_primaire,2002,15.74
BCEAO/IMECO/TTTSR1044A0BP,togo,poids_primaire,2003,14.57
BCEAO/IMECO/TTTSR1044A0BP,togo,poids_primaire,2004,15.41
BCEAO/IMECO/TTTSR1044A0BP,togo,poids_primaire,2005,17.33
BCEAO/IMECO/TTTSR1044A0BP,togo,poids_primaire,2006,16.96
BCEAO/IMECO/TTTSR1044A0BP,togo,poids_primaire,2007,16.93
BCEAO/IMECO/TTTSR1044A0BP,togo,poids_primaire,2008,20.68
BCEAO/IMECO/TTTSR1044A0BP,togo,poids_primaire,2009,21.35
BCEAO/IMECO/TTTSR1044A0BP,togo,poids_primaire,2010,21.1
BCEAO/IMECO/TTTSR1044A0BP,togo,poids_primaire,2011,19.9
BCEAO/IMECO/TTTSR1044A0BP,togo,poids_primaire,2012,21.0
BCEAO/IMECO/TTTSR1044A0BP,togo,poids_primaire,2013,19.1
BCEAO/IMECO/TTTSR1044A0BP,togo,poids_primaire,2014,19.3
BCEAO/IMECO/TTTSR1044A0BP,togo,poids_primaire,2015,18.9
BCEAO/IMECO/TTTSR1044A0BP,togo,poids_primaire,2016,20.4
BCEAO/IMECO/TTTSR1044A0BP,togo,poids_primaire,2017,20.3
BCEAO/IMECO/TTTSR1044A0BP,togo,poids_primaire,2018,19.6
BCEAO/IMECO/TTTSR1044A0BP,togo,poids_primaire,2019,19.5
BCEAO/IMECO/TTTSR1044A0BP,togo,poids_primaire,2020,19.1
BCEAO/IMECO/TTTSR1044A0BP,togo,poids_primaire,2021,18.4
BCEAO/IMECO/TTTSR1044A0BP,togo,poids_primaire,2022,18.7
BCEAO/IMECO/TTTSR1044A0BP,togo,poids_primaire,2023,18.4
BCEAO/IMECO/TTTSR1044A0BP,togo,poids_primaire,2024,18.0
BCEAO/IMECO/ZZZSR1044A0BP,uemoa,poids_primaire,2001,23.11
BCEAO/IMECO/ZZZSR1044A0BP,uemoa,poids_primaire,2002,21.18
BCEAO/IMECO/ZZZSR1044A0BP,uemoa,poids_primaire,2003,20.57
BCEAO/IMECO/ZZZSR1044A0BP,uemoa,poids_primaire,2004,20.16
BCEAO/IMECO/ZZZSR1044A0BP,uemoa,poids_primaire,2005,21.38
BCEAO/IMECO/ZZZSR1044A0BP,uemoa,poids_primaire,2006,20.94
BCEAO/IMECO/ZZZSR1044A0BP,uemoa,poids_primaire,2007,19.97
BCEAO/IMECO/ZZZSR1044A0BP,uemoa,poids_primaire,2008,22.23
BCEAO/IMECO/ZZZSR1044A0BP,uemoa,poids_primaire,2009,21.43
BCEAO/IMECO/ZZZSR1044A0BP,uemoa,poids_primaire,2010,22.56
BCEAO/IMECO/ZZZSR1044A0BP,uemoa,poids_primaire,2011,22.77
BCEAO/IMECO/ZZZSR1044A0BP,uemoa,poids_primaire,2012,22.67
BCEAO/IMECO/ZZZSR1044A0BP,uemoa,poids_primaire,2013,21.77
BCEAO/IMECO/ZZZSR1044A0BP,uemoa,poids_primaire,2014,21.84
BCEAO/IMECO/ZZZSR1044A0BP,uemoa,poids_primaire,2015,22.4
BCEAO/IMECO/ZZZSR1044A0BP,uemoa,poids_primaire,2016,22.0
BCEAO/IMECO/ZZZSR1044A0BP,uemoa,poids_primaire,2017,21.9
BCEAO/IMECO/ZZZSR1044A0BP,uemoa,poids_primaire,2018,22.5
BCEAO/IMECO/ZZZSR1044A0BP,uemoa,poids_primaire,2019,21.1
BCEAO/IMECO/ZZZSR1044A0BP,uemoa,poids_primaire,2020,21.9
BCEAO/IMECO/ZZZSR1044A0BP,uemoa,poids_primaire,2021,21.3
BCEAO/IMECO/ZZZSR1044A0BP,uemoa,poids_primaire,2022,21.9
BCEAO/IMECO/ZZZSR1044A0BP,uemoa,poids_primaire,2023,21.0
BCEAO/IMECO/ZZZSR1044A0BP,uemoa,poids_primaire,2024,21.9
BCEAO/IMECO/BBBSR1045A0BP,benin,poids_secondaire,2001,21.61
BCEAO/IMECO/BBBSR1045A0BP,benin,poids_secondaire,2002,21.26
BCEAO/IMECO/BBBSR1045A0BP,benin,poids_secondaire,2003,21.77
BCEAO/IMECO/BBBSR1045A0BP,benin,poids_secondaire,2004,20.5
BCEAO/IMECO/BBBSR1045A0BP,benin,poids_secondaire,2005,21.61
BCEAO/IMECO/BBBSR1045A0BP,benin,poids_secondaire,2006,21.16
BCEAO/IMECO/BBBSR1045A0BP,benin,poids_secondaire,2007,19.51
BCEAO/IMECO/BBBSR1045A0BP,benin,poids_secondaire,2008,17.66
BCEAO/IMECO/BBBSR1045A0BP,benin,poids_secondaire,2009,17.92
BCEAO/IMECO/BBBSR1045A0BP,benin,poids_secondaire,2010,18.0
BCEAO/IMECO/BBBSR1045A0BP,benin,poids_secondaire,2011,18.1
BCEAO/IMECO/BBBSR1045A0BP,benin,poids_secondaire,2012,17.0
BCEAO/IMECO/BBBSR1045A0BP,benin,poids_secondaire,2013,17.2
BCEAO/IMECO/BBBSR1045A0BP,benin,poids_secondaire,2014,16.4
BCEAO/IMECO/BBBSR1045A0BP,benin,poids_secondaire,2015,16.4
BCEAO/IMECO/BBBSR1045A0BP,benin,poids_secondaire,2016,15.7
BCEAO/IMECO/BBBSR1045A0BP,benin,poids_secondaire,2017,15.1
BCEAO/IMECO/BBBSR1045A0BP,benin,poids_secondaire,2018,14.6
BCEAO/IMECO/BBBSR1045A0BP,benin,poids_secondaire,2019,16.3
BCEAO/IMECO/BBBSR1045A0BP,benin,poids_secondaire,2020,16.3
BCEAO/IMECO/BBBSR1045A0BP,benin,poids_secondaire,2021,16.5
BCEAO/IMECO/BBBSR1045A0BP,benin,poids_secondaire,2022,17.0
BCEAO/IMECO/BBBSR1045A0BP,benin,poids_secondaire,2023,17.3
BCEAO/IMECO/BBBSR1045A0BP,benin,poids_secondaire,2024,17.6
BCEAO/IMECO/CCCSR1045A0BP,burkina,poids_secondaire,2001,20.64
BCEAO/IMECO/CCCSR1045A0BP,burkina,poids_secondaire,2002,20.63
BCEAO/IMECO/CCCSR1045A0BP,burkina,poids_secondaire,2003,22.63
BCEAO/IMECO/CCCSR1045A0BP,burkina,poids_secondaire,2004,21.25
BCEAO/IMECO/CCCSR1045A0BP,burkina,poids_secondaire,2005,20.17
BCEAO/IMECO/CCCSR1045A0BP,burkina,poids_secondaire,2006,20.5
BCEAO/IMECO/CCCSR1045A0BP,burkina,poids_secondaire,2007,22.55
BCEAO/IMECO/CCCSR1045A0BP,burkina,poids_secondaire,2008,20.55
BCEAO/IMECO/CCCSR1045A0BP,burkina,poids_secondaire,2009,22.96
BCEAO/IMECO/CCCSR1045A0BP,burkina,poids_secondaire,2010,26.1
BCEAO/IMECO/CCCSR1045A0BP,burkina,poids_secondaire,2011,28.4
BCEAO/IMECO/CCCSR1045A0BP,burkina,poids_secondaire,2012,26.9
BCEAO/IMECO/CCCSR1045A0BP,burkina,poids_secondaire,2013,24.1
BCEAO/IMECO/CCCSR1045A0BP,burkina,poids_secondaire,2014,24.9
BCEAO/IMECO/CCCSR1045A0BP,burkina,poids_secondaire,2015,24.4
BCEAO/IMECO/CCCSR1045A0BP,burkina,poids_secondaire,2016,24.4
BCEAO/IMECO/CCCSR1045A0BP,burkina,poids_secondaire,2017,24.9
BCEAO/IMECO/CCCSR1045A0BP,burkina,poids_secondaire,2018,25.3
BCEAO/IMECO/CCCSR1045A0BP,burkina,poids_secondaire,2019,27.1
BCEAO/IMECO/CCCSR1045A0BP,burkina,poids_secondaire,2020,29.0
BCEAO/IMECO/CCCSR1045A0BP,burkina,poids_secondaire,2021,28.6
BCEAO/IMECO/CCCSR1045A0BP,burkina,poids_secondaire,2022,26.9
BCEAO/IMECO/CCCSR1045A0BP,burkina,poids_secondaire,2023,27.1
BCEAO/IMECO/CCCSR1045A0BP,burkina,poids_secondaire,2024,25.6
BCEAO/IMECO/AAASR1045A0BP,cote_ivoire,poids_secondaire,2001,15.74
BCEAO/IMECO/AAASR1045A0BP,cote_ivoire,poids_secondaire,2002,16.12
BCEAO/IMECO/AAASR1045A0BP,cote_ivoire,poids_secondaire,2003,15.86
BCEAO/IMECO/AAASR1045A0BP,cote_ivoire,poids_secondaire,2004,16.55
BCEAO/IMECO/AAASR1045A0BP,cote_ivoire,poids_secondaire,2005,16.65
BCEAO/IMECO/AAASR1045A0BP,cote_ivoire,poids_secondaire,2006,17.31
BCEAO/IMECO/AAASR1045A0BP,cote_ivoire,poids_secondaire,2007,17.15
BCEAO/IMECO/AAASR1045A0BP,cote_ivoire,poids_secondaire,2008,17.7
BCEAO/IMECO/AAASR1045A0BP,cote_ivoire,poids_secondaire,2009,18.28
BCEAO/IMECO/AAASR1045A0BP,cote_ivoire,poids_secondaire,2010,16.9
BCEAO/IMECO/AAASR1045A0BP,cote_ivoire,poids_secondaire,2011,17.9
BCEAO/IMECO/AAASR1045A0BP,cote_ivoire,poids_secondaire,2012,18.4
BCEAO/IMECO/AAASR1045A0BP,cote_ivoire,poids_secondaire,2013,20.0
BCEAO/IMECO/AAASR1045A0BP,cote_ivoire,poids_secondaire,2014,21.3
BCEAO/IMECO/AAASR1045A0BP,cote_ivoire,poids_secondaire,2015,20.1
BCEAO/IMECO/AAASR1045A0BP,cote_ivoire,poids_secondaire,2016,20.8
BCEAO/IMECO/AAASR1045A0BP,cote_ivoire,poids_secondaire,2017,19.8
BCEAO/IMECO/AAASR1045A0BP,cote_ivoire,poids_secondaire,2018,19.1
BCEAO/IMECO/AAASR1045A0BP,cote_ivoire,poids_secondaire,2019,21.6
BCEAO/IMECO/AAASR1045A0BP,cote_ivoire,poids_secondaire,2020,20.7
BCEAO/IMECO/AAASR1045A0BP,cote_ivoire,poids_secondaire,2021,22.1
BCEAO/IMECO/AAASR1045A0BP,cote_ivoire,poids_secondaire,2022,23.6
BCEAO/IMECO/AAASR1045A0BP,cote_ivoire,poids_secondaire,2023,24.6
BCEAO/IMECO/AAASR1045A0BP,cote_ivoire,poids_secondaire,2024,23.6
BCEAO/IMECO/SSSSR1045A0BP,guinee_bissau,poids_secondaire,2001,9.97
BCEAO/IMECO/SSSSR1045A0BP,guinee_bissau,poids_secondaire,2002,15.82
BCEAO/IMECO/SSSSR1045A0BP,guinee_bissau,poids_secondaire,2003,16.75
BCEAO/IMECO/SSSSR1045A0BP,guinee_bissau,poids_secondaire,2004,12.44
BCEAO/IMECO/SSSSR1045A0BP,guinee_bissau,poids_secondaire,2005,12.44
BCEAO/IMECO/SSSSR1045A0BP,guinee_bissau,poids_secondaire,2006,12.09
BCEAO/IMECO/SSSSR1045A0BP,guinee_bissau,poids_secondaire,2007,12.6
BCEAO/IMECO/SSSSR1045A0BP,guinee_bissau,poids_secondaire,2008,12.38
BCEAO/IMECO/SSSSR1045A0BP,guinee_bissau,poids_secondaire,2009,12.76
BCEAO/IMECO/SSSSR1045A0BP,guinee_bissau,poids_secondaire,2010,13.8
BCEAO/IMECO/SSSSR1045A0BP,guinee_bissau,poids_secondaire,2011,12.3
BCEAO/IMECO/SSSSR1045A0BP,guinee_bissau,poids_secondaire,2012,12.1
BCEAO/IMECO/SSSSR1045A0BP,guinee_bissau,poids_secondaire,2013,13.2
BCEAO/IMECO/SSSSR1045A0BP,guinee_bissau,poids_secondaire,2014,14.7
BCEAO/IMECO/SSSSR1045A0BP,guinee_bissau,poids_secondaire,2015,12.9
BCEAO/IMECO/SSSSR1045A0BP,guinee_bissau,poids_secondaire,2016,12.0
BCEAO/IMECO/SSSSR1045A0BP,guinee_bissau,poids_secondaire,2017,11.7
BCEAO/IMECO/SSSSR1045A0BP,guinee_bissau,poids_secondaire,2018,16.4
BCEAO/IMECO/SSSSR1045A0BP,guinee_bissau,poids_secondaire,2019,15.7
BCEAO/IMECO/SSSSR1045A0BP,guinee_bissau,poids_secondaire,2020,12.5
BCEAO/IMECO/SSSSR1045A0BP,guinee_bissau,poids_secondaire,2021,12.0
BCEAO/IMECO/SSSSR1045A0BP,guinee_bissau,poids_secondaire,2022,12.8
BCEAO/IMECO/SSSSR1045A0BP,guinee_bissau,poids_secondaire,2023,15.7
BCEAO/IMECO/SSSSR1045A0BP,guinee_bissau,poids_secondaire,2024,16.1
BCEAO/IMECO/DDDSR1045A0BP,mali,poids_secondaire,2001,23.15
BCEAO/IMECO/DDDSR1045A0BP,mali,poids_secondaire,2002,23.14
BCEAO/IMECO/DDDSR1045A0BP,mali,poids_secondaire,2003,23.37
BCEAO/IMECO/DDDSR1045A0BP,mali,poids_secondaire,2004,23.22
BCEAO/IMECO/DDDSR1045A0BP,mali,poids_secondaire,2005,23.63
BCEAO/IMECO/DDDSR1045A0BP,mali,poids_secondaire,2006,26.71
BCEAO/IMECO/DDDSR1045A0BP,mali,poids_secondaire,2007,24.82
BCEAO/IMECO/DDDSR1045A0BP,mali,poids_secondaire,2008,22.88
BCEAO/IMECO/DDDSR1045A0BP,mali,poids_secondaire,2009,24.89
BCEAO/IMECO/DDDSR1045A0BP,mali,poids_secondaire,2010,23.4
BCEAO/IMECO/DDDSR1045A0BP,mali,poids_secondaire,2011,21.2
BCEAO/IMECO/DDDSR1045A0BP,mali,poids_secondaire,2012,20.5
BCEAO/IMECO/DDDSR1045A0BP,mali,poids_secondaire,2013,17.7
BCEAO/IMECO/DDDSR1045A0BP,mali,poids_secondaire,2014,18.9
BCEAO/IMECO/DDDSR1045A0BP,mali,poids_secondaire,2015,18.1
BCEAO/IMECO/DDDSR1045A0BP,mali,poids_secondaire,2016,21.9
BCEAO/IMECO/DDDSR1045A0BP,mali,poids_secondaire,2017,22.2
BCEAO/IMECO/DDDSR1045A0BP,mali,poids_secondaire,2018,23.2
BCEAO/IMECO/DDDSR1045A0BP,mali,poids_secondaire,2019,23.1
BCEAO/IMECO/DDDSR1045A0BP,mali,poids_secondaire,2020,26.7
BCEAO/IMECO/DDDSR1045A0BP,mali,poids_secondaire,2021,25.8
BCEAO/IMECO/DDDSR1045A0BP,mali,poids_secondaire,2022,24.8
BCEAO/IMECO/DDDSR1045A0BP,mali,poids_secondaire,2023,24.4
BCEAO/IMECO/DDDSR1045A0BP,mali,poids_secondaire,2024,22.9
BCEAO/IMECO/HHHSR1045A0BP,niger,poids_secondaire,2001,18.45
BCEAO/IMECO/HHHSR1045A0BP,niger,poids_secondaire,2002,17.84
BCEAO/IMECO/HHHSR1045A0BP,niger,poids_secondaire,2003,18.57
BCEAO/IMECO/HHHSR1045A0BP,niger,poids_secondaire,2004,19.23
BCEAO/IMECO/HHHSR1045A0BP,niger,poids_secondaire,2005,17.31
BCEAO/IMECO/HHHSR1045A0BP,niger,poids_secondaire,2006,16.97
BCEAO/IMECO/HHHSR1045A0BP,niger,poids_secondaire,2007,17.41
BCEAO/IMECO/HHHSR1045A0BP,niger,poids_secondaire,2008,18.5
BCEAO/IMECO/HHHSR1045A0BP,niger,poids_secondaire,2009,19.38
BCEAO/IMECO/HHHSR1045A0BP,niger,poids_secondaire,2010,19.6
BCEAO/IMECO/HHHSR1045A0BP,niger,poids_secondaire,2011,20.2
BCEAO/IMECO/HHHSR1045A0BP,niger,poids_secondaire,2012,24.4
BCEAO/IMECO/HHHSR1045A0BP,niger,poids_secondaire,2013,24.8
BCEAO/IMECO/HHHSR1045A0BP,niger,poids_secondaire,2014,22.8
BCEAO/IMECO/HHHSR1045A0BP,niger,poids_secondaire,2015,22.5
BCEAO/IMECO/HHHSR1045A0BP,niger,poids_secondaire,2016,21.2
BCEAO/IMECO/HHHSR1045A0BP,niger,poids_secondaire,2017,21.1
BCEAO/IMECO/HHHSR1045A0BP,niger,poids_secondaire,2018,19.7
BCEAO/IMECO/HHHSR1045A0BP,niger,poids_secondaire,2019,20.5
BCEAO/IMECO/HHHSR1045A0BP,niger,poids_secondaire,2020,20.2
BCEAO/IMECO/HHHSR1045A0BP,niger,poids_secondaire,2021,20.8
BCEAO/IMECO/HHHSR1045A0BP,niger,poids_secondaire,2022,18.8
BCEAO/IMECO/HHHSR1045A0BP,niger,poids_secondaire,2023,18.9
BCEAO/IMECO/HHHSR1045A0BP,niger,poids_secondaire,2024,20.0
BCEAO/IMECO/KKKSR1045A0BP,senegal,poids_secondaire,2001,23.88
BCEAO/IMECO/KKKSR1045A0BP,senegal,poids_secondaire,2002,24.78
BCEAO/IMECO/KKKSR1045A0BP,senegal,poids_secondaire,2003,24.21
BCEAO/IMECO/KKKSR1045A0BP,senegal,poids_secondaire,2004,25.07
BCEAO/IMECO/KKKSR1045A0BP,senegal,poids_secondaire,2005,23.68
BCEAO/IMECO/KKKSR1045A0BP,senegal,poids_secondaire,2006,23.42
BCEAO/IMECO/KKKSR1045A0BP,senegal,poids_secondaire,2007,23.64
BCEAO/IMECO/KKKSR1045A0BP,senegal,poids_secondaire,2008,22.08
BCEAO/IMECO/KKKSR1045A0BP,senegal,poids_secondaire,2009,22.0
BCEAO/IMECO/KKKSR1045A0BP,senegal,poids_secondaire,2010,21.8
BCEAO/IMECO/KKKSR1045A0BP,senegal,poids_secondaire,2011,23.3
BCEAO/IMECO/KKKSR1045A0BP,senegal,poids_secondaire,2012,23.1
BCEAO/IMECO/KKKSR1045A0BP,senegal,poids_secondaire,2013,24.3
BCEAO/IMECO/KKKSR1045A0BP,senegal,poids_secondaire,2014,23.2
BCEAO/IMECO/KKKSR1045A0BP,senegal,poids_secondaire,2015,23.6
BCEAO/IMECO/KKKSR1045A0BP,senegal,poids_secondaire,2016,23.3
BCEAO/IMECO/KKKSR1045A0BP,senegal,poids_secondaire,2017,23.3
BCEAO/IMECO/KKKSR1045A0BP,senegal,poids_secondaire,2018,24.0
BCEAO/IMECO/KKKSR1045A0BP,senegal,poids_secondaire,2019,23.6
BCEAO/IMECO/KKKSR1045A0BP,senegal,poids_secondaire,2020,23.2
BCEAO/IMECO/KKKSR1045A0BP,senegal,poids_secondaire,2021,23.9
BCEAO/IMECO/KKKSR1045A0BP,senegal,poids_secondaire,2022,24.8
BCEAO/IMECO/KKKSR1045A0BP,senegal,poids_secondaire,2023,24.3
BCEAO/IMECO/KKKSR1045A0BP,senegal,poids_secondaire,2024,25.3
BCEAO/IMECO/TTTSR1045A0BP,togo,poids_secondaire,2001,29.38
BCEAO/IMECO/TTTSR1045A0BP,togo,poids_secondaire,2002,30.22
BCEAO/IMECO/TTTSR1045A0BP,togo,poids_secondaire,2003,31.07
BCEAO/IMECO/TTTSR1045A0BP,togo,poids_secondaire,2004,28.04
BCEAO/IMECO/TTTSR1045A0BP,togo,poids_secondaire,2005,24.43
BCEAO/IMECO/TTTSR1045A0BP,togo,poids_secondaire,2006,25.05
BCEAO/IMECO/TTTSR1045A0BP,togo,poids_secondaire,2007,26.29
BCEAO/IMECO/TTTSR1045A0BP,togo,poids_secondaire,2008,23.86
BCEAO/IMECO/TTTSR1045A0BP,togo,poids_secondaire,2009,20.66
BCEAO/IMECO/TTTSR1045A0BP,togo,poids_secondaire,2010,20.3
BCEAO/IMECO/TTTSR1045A0BP,togo,poids_secondaire,2011,21.8
BCEAO/IMECO/TTTSR1045A0BP,togo,poids_secondaire,2012,20.0
BCEAO/IMECO/TTTSR1045A0BP,togo,poids_secondaire,2013,22.2
BCEAO/IMECO/TTTSR1045A0BP,togo,poids_secondaire,2014,23.9
BCEAO/IMECO/TTTSR1045A0BP,togo,poids_secondaire,2015,22.9
BCEAO/IMECO/TTTSR1045A0BP,togo,poids_secondaire,2016,20.9
BCEAO/IMECO/TTTSR1045A0BP,togo,poids_secondaire,2017,20.4
BCEAO/IMECO/TTTSR1045A0BP,togo,poids_secondaire,2018,21.0
BCEAO/IMECO/TTTSR1045A0BP,togo,poids_secondaire,2019,19.3
BCEAO/IMECO/TTTSR1045A0BP,togo,poids_secondaire,2020,20.2
BCEAO/IMECO/TTTSR1045A0BP,togo,poids_secondaire,2021,20.2
BCEAO/IMECO/TTTSR1045A0BP,togo,poids_secondaire,2022,20.1
BCEAO/IMECO/TTTSR1045A0BP,togo,poids_secondaire,2023,20.2
BCEAO/IMECO/TTTSR1045A0BP,togo,poids_secondaire,2024,20.1
BCEAO/IMECO/ZZZSR1045A0BP,uemoa,poids_secondaire,2001,19.64
BCEAO/IMECO/ZZZSR1045A0BP,uemoa,poids_secondaire,2002,20.23
BCEAO/IMECO/ZZZSR1045A0BP,uemoa,poids_secondaire,2003,20.55
BCEAO/IMECO/ZZZSR1045A0BP,uemoa,poids_secondaire,2004,20.66
BCEAO/IMECO/ZZZSR1045A0BP,uemoa,poids_secondaire,2005,19.98
BCEAO/IMECO/ZZZSR1045A0BP,uemoa,poids_secondaire,2006,20.41
BCEAO/IMECO/ZZZSR1045A0BP,uemoa,poids_secondaire,2007,20.64
BCEAO/IMECO/ZZZSR1045A0BP,uemoa,poids_secondaire,2008,19.65
BCEAO/IMECO/ZZZSR1045A0BP,uemoa,poids_secondaire,2009,20.26
BCEAO/IMECO/ZZZSR1045A0BP,uemoa,poids_secondaire,2010,19.93
BCEAO/IMECO/ZZZSR1045A0BP,uemoa,poids_secondaire,2011,20.79
BCEAO/IMECO/ZZZSR1045A0BP,uemoa,poids_secondaire,2012,20.82
BCEAO/IMECO/ZZZSR1045A0BP,uemoa,poids_secondaire,2013,21.07
BCEAO/IMECO/ZZZSR1045A0BP,uemoa,poids_secondaire,2014,21.41
BCEAO/IMECO/ZZZSR1045A0BP,uemoa,poids_secondaire,2015,20.8
BCEAO/IMECO/ZZZSR1045A0BP,uemoa,poids_secondaire,2016,21.2
BCEAO/IMECO/ZZZSR1045A0BP,uemoa,poids_secondaire,2017,20.8
BCEAO/IMECO/ZZZSR1045A0BP,uemoa,poids_secondaire,2018,20.7
BCEAO/IMECO/ZZZSR1045A0BP,uemoa,poids_secondaire,2019,21.9
BCEAO/IMECO/ZZZSR1045A0BP,uemoa,poids_secondaire,2020,22.2
BCEAO/IMECO/ZZZSR1045A0BP,uemoa,poids_secondaire,2021,22.7
BCEAO/IMECO/ZZZSR1045A0BP,uemoa,poids_secondaire,2022,23.0
BCEAO/IMECO/ZZZSR1045A0BP,uemoa,poids_secondaire,2023,23.3
BCEAO/IMECO/ZZZSR1045A0BP,uemoa,poids_secondaire,2024,22.9
BCEAO/IMECO/BBBSR1046A0BP,benin,poids_tertiaire,2001,53.35
BCEAO/IMECO/BBBSR1046A0BP,benin,poids_tertiaire,2002,53.36
BCEAO/IMECO/BBBSR1046A0BP,benin,poids_tertiaire,2003,53.78
BCEAO/IMECO/BBBSR1046A0BP,benin,poids_tertiaire,2004,52.98
BCEAO/IMECO/BBBSR1046A0BP,benin,poids_tertiaire,2005,51.7
BCEAO/IMECO/BBBSR1046A0BP,benin,poids_tertiaire,2006,51.23
BCEAO/IMECO/BBBSR1046A0BP,benin,poids_tertiaire,2007,53.52
BCEAO/IMECO/BBBSR1046A0BP,benin,poids_tertiaire,2008,55.51
BCEAO/IMECO/BBBSR1046A0BP,benin,poids_tertiaire,2009,55.1
BCEAO/IMECO/BBBSR1046A0BP,benin,poids_tertiaire,2010,56.2
BCEAO/IMECO/BBBSR1046A0BP,benin,poids_tertiaire,2011,56.1
BCEAO/IMECO/BBBSR1046A0BP,benin,poids_tertiaire,2012,57.3
BCEAO/IMECO/BBBSR1046A0BP,benin,poids_tertiaire,2013,57.5
BCEAO/IMECO/BBBSR1046A0BP,benin,poids_tertiaire,2014,58.0
BCEAO/IMECO/BBBSR1046A0BP,benin,poids_tertiaire,2015,57.2
BCEAO/IMECO/BBBSR1046A0BP,benin,poids_tertiaire,2016,56.5
BCEAO/IMECO/BBBSR1046A0BP,benin,poids_tertiaire,2017,56.4
BCEAO/IMECO/BBBSR1046A0BP,benin,poids_tertiaire,2018,57.3
BCEAO/IMECO/BBBSR1046A0BP,benin,poids_tertiaire,2019,56.8
BCEAO/IMECO/BBBSR1046A0BP,benin,poids_tertiaire,2020,56.6
BCEAO/IMECO/BBBSR1046A0BP,benin,poids_tertiaire,2021,55.0
BCEAO/IMECO/BBBSR1046A0BP,benin,poids_tertiaire,2022,56.1
BCEAO/IMECO/BBBSR1046A0BP,benin,poids_tertiaire,2023,57.3
BCEAO/IMECO/BBBSR1046A0BP,benin,poids_tertiaire,2024,57.2
BCEAO/IMECO/CCCSR1046A0BP,burkina,poids_tertiaire,2001,52.44
BCEAO/IMECO/CCCSR1046A0BP,burkina,poids_tertiaire,2002,52.99
BCEAO/IMECO/CCCSR1046A0BP,burkina,poids_tertiaire,2003,51.41
BCEAO/IMECO/CCCSR1046A0BP,burkina,poids_tertiaire,2004,50.6
BCEAO/IMECO/CCCSR1046A0BP,burkina,poids_tertiaire,2005,53.06
BCEAO/IMECO/CCCSR1046A0BP,burkina,poids_tertiaire,2006,54.27
BCEAO/IMECO/CCCSR1046A0BP,burkina,poids_tertiaire,2007,55.61
BCEAO/IMECO/CCCSR1046A0BP,burkina,poids_tertiaire,2008,52.14
BCEAO/IMECO/CCCSR1046A0BP,burkina,poids_tertiaire,2009,53.84
BCEAO/IMECO/CCCSR1046A0BP,burkina,poids_tertiaire,2010,49.8
BCEAO/IMECO/CCCSR1046A0BP,burkina,poids_tertiaire,2011,48.6
BCEAO/IMECO/CCCSR1046A0BP,burkina,poids_tertiaire,2012,49.4
BCEAO/IMECO/CCCSR1046A0BP,burkina,poids_tertiaire,2013,52.3
BCEAO/IMECO/CCCSR1046A0BP,burkina,poids_tertiaire,2014,51.4
BCEAO/IMECO/CCCSR1046A0BP,burkina,poids_tertiaire,2015,53.0
BCEAO/IMECO/CCCSR1046A0BP,burkina,poids_tertiaire,2016,53.9
BCEAO/IMECO/CCCSR1046A0BP,burkina,poids_tertiaire,2017,54.6
BCEAO/IMECO/CCCSR1046A0BP,burkina,poids_tertiaire,2018,53.7
BCEAO/IMECO/CCCSR1046A0BP,burkina,poids_tertiaire,2019,54.7
BCEAO/IMECO/CCCSR1046A0BP,burkina,poids_tertiaire,2020,53.1
BCEAO/IMECO/CCCSR1046A0BP,burkina,poids_tertiaire,2021,54.2
BCEAO/IMECO/CCCSR1046A0BP,burkina,poids_tertiaire,2022,54.3
BCEAO/IMECO/CCCSR1046A0BP,burkina,poids_tertiaire,2023,55.7
BCEAO/IMECO/CCCSR1046A0BP,burkina,poids_tertiaire,2024,54.0
BCEAO/IMECO/AAASR1046A0BP,cote_ivoire,poids_tertiaire,2001,64.84
BCEAO/IMECO/AAASR1046A0BP,cote_ivoire,poids_tertiaire,2002,63.45
BCEAO/IMECO/AAASR1046A0BP,cote_ivoire,poids_tertiaire,2003,62.58
BCEAO/IMECO/AAASR1046A0BP,cote_ivoire,poids_tertiaire,2004,65.78
BCEAO/IMECO/AAASR1046A0BP,cote_ivoire,poids_tertiaire,2005,66.85
BCEAO/IMECO/AAASR1046A0BP,cote_ivoire,poids_tertiaire,2006,66.17
BCEAO/IMECO/AAASR1046A0BP,cote_ivoire,poids_tertiaire,2007,66.79
BCEAO/IMECO/AAASR1046A0BP,cote_ivoire,poids_tertiaire,2008,65.74
BCEAO/IMECO/AAASR1046A0BP,cote_ivoire,poids_tertiaire,2009,66.24
BCEAO/IMECO/AAASR1046A0BP,cote_ivoire,poids_tertiaire,2010,65.3
BCEAO/IMECO/AAASR1046A0BP,cote_ivoire,poids_tertiaire,2011,62.4
BCEAO/IMECO/AAASR1046A0BP,cote_ivoire,poids_tertiaire,2012,64.3
BCEAO/IMECO/AAASR1046A0BP,cote_ivoire,poids_tertiaire,2013,63.4
BCEAO/IMECO/AAASR1046A0BP,cote_ivoire,poids_tertiaire,2014,62.0
BCEAO/IMECO/AAASR1046A0BP,cote_ivoire,poids_tertiaire,2015,61.5
BCEAO/IMECO/AAASR1046A0BP,cote_ivoire,poids_tertiaire,2016,61.7
BCEAO/IMECO/AAASR1046A0BP,cote_ivoire,poids_tertiaire,2017,63.3
BCEAO/IMECO/AAASR1046A0BP,cote_ivoire,poids_tertiaire,2018,63.0
BCEAO/IMECO/AAASR1046A0BP,cote_ivoire,poids_tertiaire,2019,62.7
BCEAO/IMECO/AAASR1046A0BP,cote_ivoire,poids_tertiaire,2020,62.4
BCEAO/IMECO/AAASR1046A0BP,cote_ivoire,poids_tertiaire,2021,61.7
BCEAO/IMECO/AAASR1046A0BP,cote_ivoire,poids_tertiaire,2022,60.6
BCEAO/IMECO/AAASR1046A0BP,cote_ivoire,poids_tertiaire,2023,61.1
BCEAO/IMECO/AAASR1046A0BP,cote_ivoire,poids_tertiaire,2024,61.6
BCEAO/IMECO/SSSSR1046A0BP,guinee_bissau,poids_tertiaire,2001,53.26
BCEAO/IMECO/SSSSR1046A0BP,guinee_bissau,poids_tertiaire,2002,48.9
BCEAO/IMECO/SSSSR1046A0BP,guinee_bissau,poids_tertiaire,2003,46.44
BCEAO/IMECO/SSSSR1046A0BP,guinee_bissau,poids_tertiaire,2004,50.59
BCEAO/IMECO/SSSSR1046A0BP,guinee_bissau,poids_tertiaire,2005,47.16
BCEAO/IMECO/SSSSR1046A0BP,guinee_bissau,poids_tertiaire,2006,48.43
BCEAO/IMECO/SSSSR1046A0BP,guinee_bissau,poids_tertiaire,2007,49.23
BCEAO/IMECO/SSSSR1046A0BP,guinee_bissau,poids_tertiaire,2008,49.36
BCEAO/IMECO/SSSSR1046A0BP,guinee_bissau,poids_tertiaire,2009,48.09
BCEAO/IMECO/SSSSR1046A0BP,guinee_bissau,poids_tertiaire,2010,48.3
BCEAO/IMECO/SSSSR1046A0BP,guinee_bissau,poids_tertiaire,2011,50.2
BCEAO/IMECO/SSSSR1046A0BP,guinee_bissau,poids_tertiaire,2012,49.9
BCEAO/IMECO/SSSSR1046A0BP,guinee_bissau,poids_tertiaire,2013,48.2
BCEAO/IMECO/SSSSR1046A0BP,guinee_bissau,poids_tertiaire,2014,50.5
BCEAO/IMECO/SSSSR1046A0BP,guinee_bissau,poids_tertiaire,2015,51.9
BCEAO/IMECO/SSSSR1046A0BP,guinee_bissau,poids_tertiaire,2016,51.6
BCEAO/IMECO/SSSSR1046A0BP,guinee_bissau,poids_tertiaire,2017,51.9
BCEAO/IMECO/SSSSR1046A0BP,guinee_bissau,poids_tertiaire,2018,51.1
BCEAO/IMECO/SSSSR1046A0BP,guinee_bissau,poids_tertiaire,2019,53.2
BCEAO/IMECO/SSSSR1046A0BP,guinee_bissau,poids_tertiaire,2020,51.7
BCEAO/IMECO/SSSSR1046A0BP,guinee_bissau,poids_tertiaire,2021,49.2
BCEAO/IMECO/SSSSR1046A0BP,guinee_bissau,poids_tertiaire,2022,48.5
BCEAO/IMECO/SSSSR1046A0BP,guinee_bissau,poids_tertiaire,2023,50.1
BCEAO/IMECO/SSSSR1046A0BP,guinee_bissau,poids_tertiaire,2024,41.4
BCEAO/IMECO/DDDSR1046A0BP,mali,poids_tertiaire,2001,44.52
BCEAO/IMECO/DDDSR1046A0BP,mali,poids_tertiaire,2002,44.68
BCEAO/IMECO/DDDSR1046A0BP,mali,poids_tertiaire,2003,47.36
BCEAO/IMECO/DDDSR1046A0BP,mali,poids_tertiaire,2004,47.37
BCEAO/IMECO/DDDSR1046A0BP,mali,poids_tertiaire,2005,44.99
BCEAO/IMECO/DDDSR1046A0BP,mali,poids_tertiaire,2006,44.36
BCEAO/IMECO/DDDSR1046A0BP,mali,poids_tertiaire,2007,44.89
BCEAO/IMECO/DDDSR1046A0BP,mali,poids_tertiaire,2008,45.05
BCEAO/IMECO/DDDSR1046A0BP,mali,poids_tertiaire,2009,43.84
BCEAO/IMECO/DDDSR1046A0BP,mali,poids_tertiaire,2010,44.3
BCEAO/IMECO/DDDSR1046A0BP,mali,poids_tertiaire,2011,44.8
BCEAO/IMECO/DDDSR1046A0BP,mali,poids_tertiaire,2012,42.0
BCEAO/IMECO/DDDSR1046A0BP,mali,poids_tertiaire,2013,46.1
BCEAO/IMECO/DDDSR1046A0BP,mali,poids_tertiaire,2014,44.2
BCEAO/IMECO/DDDSR1046A0BP,mali,poids_tertiaire,2015,44.7
BCEAO/IMECO/DDDSR1046A0BP,mali,poids_tertiaire,2016,47.1
BCEAO/IMECO/DDDSR1046A0BP,mali,poids_tertiaire,2017,46.4
BCEAO/IMECO/DDDSR1046A0BP,mali,poids_tertiaire,2018,44.3
BCEAO/IMECO/DDDSR1046A0BP,mali,poids_tertiaire,2019,44.6
BCEAO/IMECO/DDDSR1046A0BP,mali,poids_tertiaire,2020,41.0
BCEAO/IMECO/DDDSR1046A0BP,mali,poids_tertiaire,2021,42.2
BCEAO/IMECO/DDDSR1046A0BP,mali,poids_tertiaire,2022,42.2
BCEAO/IMECO/DDDSR1046A0BP,mali,poids_tertiaire,2023,43.1
BCEAO/IMECO/DDDSR1046A0BP,mali,poids_tertiaire,2024,43.9
BCEAO/IMECO/HHHSR1046A0BP,niger,poids_tertiaire,2001,46.08
BCEAO/IMECO/HHHSR1046A0BP,niger,poids_tertiaire,2002,45.9
BCEAO/IMECO/HHHSR1046A0BP,niger,poids_tertiaire,2003,45.86
BCEAO/IMECO/HHHSR1046A0BP,niger,poids_tertiaire,2004,48.7
BCEAO/IMECO/HHHSR1046A0BP,niger,poids_tertiaire,2005,45.09
BCEAO/IMECO/HHHSR1046A0BP,niger,poids_tertiaire,2006,44.93
BCEAO/IMECO/HHHSR1046A0BP,niger,poids_tertiaire,2007,45.46
BCEAO/IMECO/HHHSR1046A0BP,niger,poids_tertiaire,2008,42.74
BCEAO/IMECO/HHHSR1046A0BP,niger,poids_tertiaire,2009,45.4
BCEAO/IMECO/HHHSR1046A0BP,niger,poids_tertiaire,2010,43.4
BCEAO/IMECO/HHHSR1046A0BP,niger,poids_tertiaire,2011,45.2
BCEAO/IMECO/HHHSR1046A0BP,niger,poids_tertiaire,2012,40.7
BCEAO/IMECO/HHHSR1046A0BP,niger,poids_tertiaire,2013,42.3
BCEAO/IMECO/HHHSR1046A0BP,niger,poids_tertiaire,2014,43.5
BCEAO/IMECO/HHHSR1046A0BP,niger,poids_tertiaire,2015,45.0
BCEAO/IMECO/HHHSR1046A0BP,niger,poids_tertiaire,2016,43.5
BCEAO/IMECO/HHHSR1046A0BP,niger,poids_tertiaire,2017,43.1
BCEAO/IMECO/HHHSR1046A0BP,niger,poids_tertiaire,2018,42.6
BCEAO/IMECO/HHHSR1046A0BP,niger,poids_tertiaire,2019,42.5
BCEAO/IMECO/HHHSR1046A0BP,niger,poids_tertiaire,2020,41.4
BCEAO/IMECO/HHHSR1046A0BP,niger,poids_tertiaire,2021,42.7
BCEAO/IMECO/HHHSR1046A0BP,niger,poids_tertiaire,2022,40.3
BCEAO/IMECO/HHHSR1046A0BP,niger,poids_tertiaire,2023,39.8
BCEAO/IMECO/HHHSR1046A0BP,niger,poids_tertiaire,2024,38.1
BCEAO/IMECO/KKKSR1046A0BP,senegal,poids_tertiaire,2001,59.86
BCEAO/IMECO/KKKSR1046A0BP,senegal,poids_tertiaire,2002,61.84
BCEAO/IMECO/KKKSR1046A0BP,senegal,poids_tertiaire,2003,60.3
BCEAO/IMECO/KKKSR1046A0BP,senegal,poids_tertiaire,2004,60.73
BCEAO/IMECO/KKKSR1046A0BP,senegal,poids_tertiaire,2005,61.14
BCEAO/IMECO/KKKSR1046A0BP,senegal,poids_tertiaire,2006,63.19
BCEAO/IMECO/KKKSR1046A0BP,senegal,poids_tertiaire,2007,64.12
BCEAO/IMECO/KKKSR1046A0BP,senegal,poids_tertiaire,2008,63.23
BCEAO/IMECO/KKKSR1046A0BP,senegal,poids_tertiaire,2009,61.89
BCEAO/IMECO/KKKSR1046A0BP,senegal,poids_tertiaire,2010,62.3
BCEAO/IMECO/KKKSR1046A0BP,senegal,poids_tertiaire,2011,63.8
BCEAO/IMECO/KKKSR1046A0BP,senegal,poids_tertiaire,2012,62.8
BCEAO/IMECO/KKKSR1046A0BP,senegal,poids_tertiaire,2013,62.0
BCEAO/IMECO/KKKSR1046A0BP,senegal,poids_tertiaire,2014,63.5
BCEAO/IMECO/KKKSR1046A0BP,senegal,poids_tertiaire,2015,62.1
BCEAO/IMECO/KKKSR1046A0BP,senegal,poids_tertiaire,2016,62.2
BCEAO/IMECO/KKKSR1046A0BP,senegal,poids_tertiaire,2017,61.7
BCEAO/IMECO/KKKSR1046A0BP,senegal,poids_tertiaire,2018,61.0
BCEAO/IMECO/KKKSR1046A0BP,senegal,poids_tertiaire,2019,61.5
BCEAO/IMECO/KKKSR1046A0BP,senegal,poids_tertiaire,2020,60.6
BCEAO/IMECO/KKKSR1046A0BP,senegal,poids_tertiaire,2021,60.5
BCEAO/IMECO/KKKSR1046A0BP,senegal,poids_tertiaire,2022,58.9
BCEAO/IMECO/KKKSR1046A0BP,senegal,poids_tertiaire,2023,58.3
BCEAO/IMECO/KKKSR1046A0BP,senegal,poids_tertiaire,2024,56.7
BCEAO/IMECO/TTTSR1046A0BP,togo,poids_tertiaire,2001,55.46
BCEAO/IMECO/TTTSR1046A0BP,togo,poids_tertiaire,2002,54.04
BCEAO/IMECO/TTTSR1046A0BP,togo,poids_tertiaire,2003,54.35
BCEAO/IMECO/TTTSR1046A0BP,togo,poids_tertiaire,2004,56.56
BCEAO/IMECO/TTTSR1046A0BP,togo,poids_tertiaire,2005,58.24
BCEAO/IMECO/TTTSR1046A0BP,togo,poids_tertiaire,2006,57.99
BCEAO/IMECO/TTTSR1046A0BP,togo,poids_tertiaire,2007,56.78
BCEAO/IMECO/TTTSR1046A0BP,togo,poids_tertiaire,2008,55.46
BCEAO/IMECO/TTTSR1046A0BP,togo,poids_tertiaire,2009,57.99
BCEAO/IMECO/TTTSR1046A0BP,togo,poids_tertiaire,2010,58.6
BCEAO/IMECO/TTTSR1046A0BP,togo,poids_tertiaire,2011,58.4
BCEAO/IMECO/TTTSR1046A0BP,togo,poids_tertiaire,2012,59.0
BCEAO/IMECO/TTTSR1046A0BP,togo,poids_tertiaire,2013,58.7
BCEAO/IMECO/TTTSR1046A0BP,togo,poids_tertiaire,2014,56.8
BCEAO/IMECO/TTTSR1046A0BP,togo,poids_tertiaire,2015,58.2
BCEAO/IMECO/TTTSR1046A0BP,togo,poids_tertiaire,2016,58.7
BCEAO/IMECO/TTTSR1046A0BP,togo,poids_tertiaire,2017,59.3
BCEAO/IMECO/TTTSR1046A0BP,togo,poids_tertiaire,2018,59.3
BCEAO/IMECO/TTTSR1046A0BP,togo,poids_tertiaire,2019,61.1
BCEAO/IMECO/TTTSR1046A0BP,togo,poids_tertiaire,2020,60.8
BCEAO/IMECO/TTTSR1046A0BP,togo,poids_tertiaire,2021,61.5
BCEAO/IMECO/TTTSR1046A0BP,togo,poids_tertiaire,2022,61.3
BCEAO/IMECO/TTTSR1046A0BP,togo,poids_tertiaire,2023,61.4
BCEAO/IMECO/TTTSR1046A0BP,togo,poids_tertiaire,2024,61.9
BCEAO/IMECO/ZZZSR1046A0BP,uemoa,poids_tertiaire,2001,57.24
BCEAO/IMECO/ZZZSR1046A0BP,uemoa,poids_tertiaire,2002,58.59
BCEAO/IMECO/ZZZSR1046A0BP,uemoa,poids_tertiaire,2003,58.88
BCEAO/IMECO/ZZZSR1046A0BP,uemoa,poids_tertiaire,2004,59.18
BCEAO/IMECO/ZZZSR1046A0BP,uemoa,poids_tertiaire,2005,58.64
BCEAO/IMECO/ZZZSR1046A0BP,uemoa,poids_tertiaire,2006,58.65
BCEAO/IMECO/ZZZSR1046A0BP,uemoa,poids_tertiaire,2007,59.39
BCEAO/IMECO/ZZZSR1046A0BP,uemoa,poids_tertiaire,2008,58.12
BCEAO/IMECO/ZZZSR1046A0BP,uemoa,poids_tertiaire,2009,58.3
BCEAO/IMECO/ZZZSR1046A0BP,uemoa,poids_tertiaire,2010,57.5
BCEAO/IMECO/ZZZSR1046A0BP,uemoa,poids_tertiaire,2011,56.4
BCEAO/IMECO/ZZZSR1046A0BP,uemoa,poids_tertiaire,2012,56.5
BCEAO/IMECO/ZZZSR1046A0BP,uemoa,poids_tertiaire,2013,57.2
BCEAO/IMECO/ZZZSR1046A0BP,uemoa,poids_tertiaire,2014,56.8
BCEAO/IMECO/ZZZSR1046A0BP,uemoa,poids_tertiaire,2015,56.8
BCEAO/IMECO/ZZZSR1046A0BP,uemoa,poids_tertiaire,2016,56.9
BCEAO/IMECO/ZZZSR1046A0BP,uemoa,poids_tertiaire,2017,57.3
BCEAO/IMECO/ZZZSR1046A0BP,uemoa,poids_tertiaire,2018,56.7
BCEAO/IMECO/ZZZSR1046A0BP,uemoa,poids_tertiaire,2019,56.9
BCEAO/IMECO/ZZZSR1046A0BP,uemoa,poids_tertiaire,2020,55.9
BCEAO/IMECO/ZZZSR1046A0BP,uemoa,poids_tertiaire,2021,56.0
BCEAO/IMECO/ZZZSR1046A0BP,uemoa,poids_tertiaire,2022,55.2
BCEAO/IMECO/ZZZSR1046A0BP,uemoa,poids_tertiaire,2023,55.7
BCEAO/IMECO/ZZZSR1046A0BP,uemoa,poids_tertiaire,2024,55.3
BCEAO/IMECO/BBBSR1047A0BP,benin,contribution_primaire,2001,2.25
BCEAO/IMECO/BBBSR1047A0BP,benin,contribution_primaire,2002,0.81
BCEAO/IMECO/BBBSR1047A0BP,benin,contribution_primaire,2003,0.46
BCEAO/IMECO/BBBSR1047A0BP,benin,contribution_primaire,2004,1.83
BCEAO/IMECO/BBBSR1047A0BP,benin,contribution_primaire,2005,0.38
BCEAO/IMECO/BBBSR1047A0BP,benin,contribution_primaire,2006,1.86
BCEAO/IMECO/BBBSR1047A0BP,benin,contribution_primaire,2007,1.64
BCEAO/IMECO/BBBSR1047A0BP,benin,contribution_primaire,2008,0.57
BCEAO/IMECO/BBBSR1047A0BP,benin,contribution_primaire,2009,2.06
BCEAO/IMECO/BBBSR1047A0BP,benin,contribution_primaire,2010,-0.2
BCEAO/IMECO/BBBSR1047A0BP,benin,contribution_primaire,2011,0.3
BCEAO/IMECO/BBBSR1047A0BP,benin,contribution_primaire,2012,1.4
BCEAO/IMECO/BBBSR1047A0BP,benin,contribution_primaire,2013,1.6
BCEAO/IMECO/BBBSR1047A0BP,benin,contribution_primaire,2014,2.2
BCEAO/IMECO/BBBSR1047A0BP,benin,contribution_primaire,2015,0.0
BCEAO/IMECO/BBBSR1047A0BP,benin,contribution_primaire,2016,2.4
BCEAO/IMECO/BBBSR1047A0BP,benin,contribution_primaire,2017,2.1
BCEAO/IMECO/BBBSR1047A0BP,benin,contribution_primaire,2018,2.1
BCEAO/IMECO/BBBSR1047A0BP,benin,contribution_primaire,2019,1.5
BCEAO/IMECO/BBBSR1047A0BP,benin,contribution_primaire,2020,0.5
BCEAO/IMECO/BBBSR1047A0BP,benin,contribution_primaire,2021,1.4
BCEAO/IMECO/BBBSR1047A0BP,benin,contribution_primaire,2022,1.3
BCEAO/IMECO/BBBSR1047A0BP,benin,contribution_primaire,2023,1.4
BCEAO/IMECO/BBBSR1047A0BP,benin,contribution_primaire,2024,1.5
BCEAO/IMECO/CCCSR1047A0BP,burkina,contribution_primaire,2001,2.55
BCEAO/IMECO/CCCSR1047A0BP,burkina,contribution_primaire,2002,-0.28
BCEAO/IMECO/CCCSR1047A0BP,burkina,contribution_primaire,2003,2.8
BCEAO/IMECO/CCCSR1047A0BP,burkina,contribution_primaire,2004,-1.58
BCEAO/IMECO/CCCSR1047A0BP,burkina,contribution_primaire,2005,3.39
BCEAO/IMECO/CCCSR1047A0BP,burkina,contribution_primaire,2006,0.47
BCEAO/IMECO/CCCSR1047A0BP,burkina,contribution_primaire,2007,-1.41
BCEAO/IMECO/CCCSR1047A0BP,burkina,contribution_primaire,2008,4.03
BCEAO/IMECO/CCCSR1047A0BP,burkina,contribution_primaire,2009,-2.83
BCEAO/IMECO/CCCSR1047A0BP,burkina,contribution_primaire,2010,3.5
BCEAO/IMECO/CCCSR1047A0BP,burkina,contribution_primaire,2011,-0.6
BCEAO/IMECO/CCCSR1047A0BP,burkina,contribution_primaire,2012,2.0
BCEAO/IMECO/CCCSR1047A0BP,burkina,contribution_primaire,2013,1.5
BCEAO/IMECO/CCCSR1047A0BP,burkina,contribution_primaire,2014,1.0
BCEAO/IMECO/CCCSR1047A0BP,burkina,contribution_primaire,2015,-0.7
BCEAO/IMECO/CCCSR1047A0BP,burkina,contribution_primaire,2016,1.0
BCEAO/IMECO/CCCSR1047A0BP,burkina,contribution_primaire,2017,0.0
BCEAO/IMECO/CCCSR1047A0BP,burkina,contribution_primaire,2018,1.8
BCEAO/IMECO/CCCSR1047A0BP,burkina,contribution_primaire,2019,-0.1
BCEAO/IMECO/CCCSR1047A0BP,burkina,contribution_primaire,2020,0.2
BCEAO/IMECO/CCCSR1047A0BP,burkina,contribution_primaire,2021,-1.4
BCEAO/IMECO/CCCSR1047A0BP,burkina,contribution_primaire,2022,1.0
BCEAO/IMECO/CCCSR1047A0BP,burkina,contribution_primaire,2023,0.2
BCEAO/IMECO/CCCSR1047A0BP,burkina,contribution_primaire,2024,2.6
BCEAO/IMECO/AAASR1047A0BP,cote_ivoire,contribution_primaire,2001,-1.8
BCEAO/IMECO/AAASR1047A0BP,cote_ivoire,contribution_primaire,2002,-0.79
BCEAO/IMECO/AAASR1047A0BP,cote_ivoire,contribution_primaire,2003,0.1
BCEAO/IMECO/AAASR1047A0BP,cote_ivoire,contribution_primaire,2004,0.09
BCEAO/IMECO/AAASR1047A0BP,cote_ivoire,contribution_primaire,2005,0.71
BCEAO/IMECO/AAASR1047A0BP,cote_ivoire,contribution_primaire,2006,0.37
BCEAO/IMECO/AAASR1047A0BP,cote_ivoire,contribution_primaire,2007,0.14
BCEAO/IMECO/AAASR1047A0BP,cote_ivoire,contribution_primaire,2008,-0.37
BCEAO/IMECO/AAASR1047A0BP,cote_ivoire,contribution_primaire,2009,-1.41
BCEAO/IMECO/AAASR1047A0BP,cote_ivoire,contribution_primaire,2010,-0.7
BCEAO/IMECO/AAASR1047A0BP,cote_ivoire,contribution_primaire,2011,0.1
BCEAO/IMECO/AAASR1047A0BP,cote_ivoire,contribution_primaire,2012,0.4
BCEAO/IMECO/AAASR1047A0BP,cote_ivoire,contribution_primaire,2013,2.8
BCEAO/IMECO/AAASR1047A0BP,cote_ivoire,contribution_primaire,2014,1.8
BCEAO/IMECO/AAASR1047A0BP,cote_ivoire,contribution_primaire,2015,1.1
BCEAO/IMECO/AAASR1047A0BP,cote_ivoire,contribution_primaire,2016,0.6
BCEAO/IMECO/AAASR1047A0BP,cote_ivoire,contribution_primaire,2017,2.4
BCEAO/IMECO/AAASR1047A0BP,cote_ivoire,contribution_primaire,2018,2.1
BCEAO/IMECO/AAASR1047A0BP,cote_ivoire,contribution_primaire,2019,-1.3
BCEAO/IMECO/AAASR1047A0BP,cote_ivoire,contribution_primaire,2020,0.5
BCEAO/IMECO/AAASR1047A0BP,cote_ivoire,contribution_primaire,2021,1.4
BCEAO/IMECO/AAASR1047A0BP,cote_ivoire,contribution_primaire,2022,0.8
BCEAO/IMECO/AAASR1047A0BP,cote_ivoire,contribution_primaire,2023,-1.0
BCEAO/IMECO/AAASR1047A0BP,cote_ivoire,contribution_primaire,2024,1.2
BCEAO/IMECO/SSSSR1047A0BP,guinee_bissau,contribution_primaire,2001,1.44
BCEAO/IMECO/SSSSR1047A0BP,guinee_bissau,contribution_primaire,2002,0.56
BCEAO/IMECO/SSSSR1047A0BP,guinee_bissau,contribution_primaire,2003,1.56
BCEAO/IMECO/SSSSR1047A0BP,guinee_bissau,contribution_primaire,2004,0.09
BCEAO/IMECO/SSSSR1047A0BP,guinee_bissau,contribution_primaire,2005,5.69
BCEAO/IMECO/SSSSR1047A0BP,guinee_bissau,contribution_primaire,2006,-0.04
BCEAO/IMECO/SSSSR1047A0BP,guinee_bissau,contribution_primaire,2007,0.37
BCEAO/IMECO/SSSSR1047A0BP,guinee_bissau,contribution_primaire,2008,1.93
BCEAO/IMECO/SSSSR1047A0BP,guinee_bissau,contribution_primaire,2009,1.77
BCEAO/IMECO/SSSSR1047A0BP,guinee_bissau,contribution_primaire,2010,1.1
BCEAO/IMECO/SSSSR1047A0BP,guinee_bissau,contribution_primaire,2011,2.7
BCEAO/IMECO/SSSSR1047A0BP,guinee_bissau,contribution_primaire,2012,-0.1
BCEAO/IMECO/SSSSR1047A0BP,guinee_bissau,contribution_primaire,2013,2.0
BCEAO/IMECO/SSSSR1047A0BP,guinee_bissau,contribution_primaire,2014,-3.2
BCEAO/IMECO/SSSSR1047A0BP,guinee_bissau,contribution_primaire,2015,2.1
BCEAO/IMECO/SSSSR1047A0BP,guinee_bissau,contribution_primaire,2016,2.3
BCEAO/IMECO/SSSSR1047A0BP,guinee_bissau,contribution_primaire,2017,1.4
BCEAO/IMECO/SSSSR1047A0BP,guinee_bissau,contribution_primaire,2018,-0.7
BCEAO/IMECO/SSSSR1047A0BP,guinee_bissau,contribution_primaire,2019,2.1
BCEAO/IMECO/SSSSR1047A0BP,guinee_bissau,contribution_primaire,2020,1.4
BCEAO/IMECO/SSSSR1047A0BP,guinee_bissau,contribution_primaire,2021,3.1
BCEAO/IMECO/SSSSR1047A0BP,guinee_bissau,contribution_primaire,2022,0.5
BCEAO/IMECO/SSSSR1047A0BP,guinee_bissau,contribution_primaire,2023,1.6
BCEAO/IMECO/SSSSR1047A0BP,guinee_bissau,contribution_primaire,2024,1.6
BCEAO/IMECO/DDDSR1047A0BP,mali,contribution_primaire,2001,3.95
BCEAO/IMECO/DDDSR1047A0BP,mali,contribution_primaire,2002,-1.26
BCEAO/IMECO/DDDSR1047A0BP,mali,contribution_primaire,2003,4.82
BCEAO/IMECO/DDDSR1047A0BP,mali,contribution_primaire,2004,-0.91
BCEAO/IMECO/DDDSR1047A0BP,mali,contribution_primaire,2005,2.03
BCEAO/IMECO/DDDSR1047A0BP,mali,contribution_primaire,2006,1.57
BCEAO/IMECO/DDDSR1047A0BP,mali,contribution_primaire,2007,0.52
BCEAO/IMECO/DDDSR1047A0BP,mali,contribution_primaire,2008,3.16
BCEAO/IMECO/DDDSR1047A0BP,mali,contribution_primaire,2009,1.31
BCEAO/IMECO/DDDSR1047A0BP,mali,contribution_primaire,2010,2.4
BCEAO/IMECO/DDDSR1047A0BP,mali,contribution_primaire,2011,-1.1
BCEAO/IMECO/DDDSR1047A0BP,mali,contribution_primaire,2012,2.6
BCEAO/IMECO/DDDSR1047A0BP,mali,contribution_primaire,2013,-1.0
BCEAO/IMECO/DDDSR1047A0BP,mali,contribution_primaire,2014,3.1
BCEAO/IMECO/DDDSR1047A0BP,mali,contribution_primaire,2015,2.0
BCEAO/IMECO/DDDSR1047A0BP,mali,contribution_primaire,2016,1.9
BCEAO/IMECO/DDDSR1047A0BP,mali,contribution_primaire,2017,1.7
BCEAO/IMECO/DDDSR1047A0BP,mali,contribution_primaire,2018,2.2
BCEAO/IMECO/DDDSR1047A0BP,mali,contribution_primaire,2019,0.7
BCEAO/IMECO/DDDSR1047A0BP,mali,contribution_primaire,2020,-1.0
BCEAO/IMECO/DDDSR1047A0BP,mali,contribution_primaire,2021,0.0
BCEAO/IMECO/DDDSR1047A0BP,mali,contribution_primaire,2022,1.7
BCEAO/IMECO/DDDSR1047A0BP,mali,contribution_primaire,2023,0.8
BCEAO/IMECO/DDDSR1047A0BP,mali,contribution_primaire,2024,2.0
BCEAO/IMECO/HHHSR1047A0BP,niger,contribution_primaire,2001,3.99
BCEAO/IMECO/HHHSR1047A0BP,niger,contribution_primaire,2002,2.42
BCEAO/IMECO/HHHSR1047A0BP,niger,contribution_primaire,2003,1.74
BCEAO/IMECO/HHHSR1047A0BP,niger,contribution_primaire,2004,-2.6
BCEAO/IMECO/HHHSR1047A0BP,niger,contribution_primaire,2005,4.16
BCEAO/IMECO/HHHSR1047A0BP,niger,contribution_primaire,2006,3.34
BCEAO/IMECO/HHHSR1047A0BP,niger,contribution_primaire,2007,1.57
BCEAO/IMECO/HHHSR1047A0BP,niger,contribution_primaire,2008,5.75
BCEAO/IMECO/HHHSR1047A0BP,niger,contribution_primaire,2009,-3.56
BCEAO/IMECO/HHHSR1047A0BP,niger,contribution_primaire,2010,5.2
BCEAO/IMECO/HHHSR1047A0BP,niger,contribution_primaire,2011,-1.1
BCEAO/IMECO/HHHSR1047A0BP,niger,contribution_primaire,2012,5.0
BCEAO/IMECO/HHHSR1047A0BP,niger,contribution_primaire,2013,-0.2
BCEAO/IMECO/HHHSR1047A0BP,niger,contribution_primaire,2014,2.8
BCEAO/IMECO/HHHSR1047A0BP,niger,contribution_primaire,2015,0.7
BCEAO/IMECO/HHHSR1047A0BP,niger,contribution_primaire,2016,5.6
BCEAO/IMECO/HHHSR1047A0BP,niger,contribution_primaire,2017,2.0
BCEAO/IMECO/HHHSR1047A0BP,niger,contribution_primaire,2018,2.8
BCEAO/IMECO/HHHSR1047A0BP,niger,contribution_primaire,2019,1.2
BCEAO/IMECO/HHHSR1047A0BP,niger,contribution_primaire,2020,2.8
BCEAO/IMECO/HHHSR1047A0BP,niger,contribution_primaire,2021,-1.9
BCEAO/IMECO/HHHSR1047A0BP,niger,contribution_primaire,2022,8.8
BCEAO/IMECO/HHHSR1047A0BP,niger,contribution_primaire,2023,1.7
BCEAO/IMECO/HHHSR1047A0BP,niger,contribution_primaire,2024,3.6
BCEAO/IMECO/KKKSR1047A0BP,senegal,contribution_primaire,2001,0.31
BCEAO/IMECO/KKKSR1047A0BP,senegal,contribution_primaire,2002,-3.81
BCEAO/IMECO/KKKSR1047A0BP,senegal,contribution_primaire,2003,2.32
BCEAO/IMECO/KKKSR1047A0BP,senegal,contribution_primaire,2004,0.49
BCEAO/IMECO/KKKSR1047A0BP,senegal,contribution_primaire,2005,1.64
BCEAO/IMECO/KKKSR1047A0BP,senegal,contribution_primaire,2006,-1.36
BCEAO/IMECO/KKKSR1047A0BP,senegal,contribution_primaire,2007,-0.95
BCEAO/IMECO/KKKSR1047A0BP,senegal,contribution_primaire,2008,2.6
BCEAO/IMECO/KKKSR1047A0BP,senegal,contribution_primaire,2009,1.99
BCEAO/IMECO/KKKSR1047A0BP,senegal,contribution_primaire,2010,0.8
BCEAO/IMECO/KKKSR1047A0BP,senegal,contribution_primaire,2011,-2.5
BCEAO/IMECO/KKKSR1047A0BP,senegal,contribution_primaire,2012,1.3
BCEAO/IMECO/KKKSR1047A0BP,senegal,contribution_primaire,2013,0.3
BCEAO/IMECO/KKKSR1047A0BP,senegal,contribution_primaire,2014,0.2
BCEAO/IMECO/KKKSR1047A0BP,senegal,contribution_primaire,2015,1.4
BCEAO/IMECO/KKKSR1047A0BP,senegal,contribution_primaire,2016,0.7
BCEAO/IMECO/KKKSR1047A0BP,senegal,contribution_primaire,2017,1.6
BCEAO/IMECO/KKKSR1047A0BP,senegal,contribution_primaire,2018,1.2
BCEAO/IMECO/KKKSR1047A0BP,senegal,contribution_primaire,2019,0.6
BCEAO/IMECO/KKKSR1047A0BP,senegal,contribution_primaire,2020,1.8
BCEAO/IMECO/KKKSR1047A0BP,senegal,contribution_primaire,2021,0.1
BCEAO/IMECO/KKKSR1047A0BP,senegal,contribution_primaire,2022,0.1
BCEAO/IMECO/KKKSR1047A0BP,senegal,contribution_primaire,2023,1.1
BCEAO/IMECO/KKKSR1047A0BP,senegal,contribution_primaire,2024,0.7
BCEAO/IMECO/TTTSR1047A0BP,togo,contribution_primaire,2001,-0.03
BCEAO/IMECO/TTTSR1047A0BP,togo,contribution_primaire,2002,1.73
BCEAO/IMECO/TTTSR1047A0BP,togo,contribution_primaire,2003,0.56
BCEAO/IMECO/TTTSR1047A0BP,togo,contribution_primaire,2004,-0.67
BCEAO/IMECO/TTTSR1047A0BP,togo,contribution_primaire,2005,-0.96
BCEAO/IMECO/TTTSR1047A0BP,togo,contribution_primaire,2006,1.33
BCEAO/IMECO/TTTSR1047A0BP,togo,contribution_primaire,2007,0.63
BCEAO/IMECO/TTTSR1047A0BP,togo,contribution_primaire,2008,-1.15
BCEAO/IMECO/TTTSR1047A0BP,togo,contribution_primaire,2009,2.11
BCEAO/IMECO/TTTSR1047A0BP,togo,contribution_primaire,2010,1.1
BCEAO/IMECO/TTTSR1047A0BP,togo,contribution_primaire,2011,-0.2
BCEAO/IMECO/TTTSR1047A0BP,togo,contribution_primaire,2012,1.6
BCEAO/IMECO/TTTSR1047A0BP,togo,contribution_primaire,2013,-1.1
BCEAO/IMECO/TTTSR1047A0BP,togo,contribution_primaire,2014,2.8
BCEAO/IMECO/TTTSR1047A0BP,togo,contribution_primaire,2015,-0.1
BCEAO/IMECO/TTTSR1047A0BP,togo,contribution_primaire,2016,2.6
BCEAO/IMECO/TTTSR1047A0BP,togo,contribution_primaire,2017,1.4
BCEAO/IMECO/TTTSR1047A0BP,togo,contribution_primaire,2018,1.0
BCEAO/IMECO/TTTSR1047A0BP,togo,contribution_primaire,2019,1.1
BCEAO/IMECO/TTTSR1047A0BP,togo,contribution_primaire,2020,0.7
BCEAO/IMECO/TTTSR1047A0BP,togo,contribution_primaire,2021,0.7
BCEAO/IMECO/TTTSR1047A0BP,togo,contribution_primaire,2022,1.1
BCEAO/IMECO/TTTSR1047A0BP,togo,contribution_primaire,2023,0.9
BCEAO/IMECO/TTTSR1047A0BP,togo,contribution_primaire,2024,0.9
BCEAO/IMECO/ZZZSR1047A0BP,uemoa,contribution_primaire,2007,-0.09
BCEAO/IMECO/ZZZSR1047A0BP,uemoa,contribution_primaire,2008,1.36
BCEAO/IMECO/ZZZSR1047A0BP,uemoa,contribution_primaire,2009,-0.65
BCEAO/IMECO/ZZZSR1047A0BP,uemoa,contribution_primaire,2010,0.59
BCEAO/IMECO/ZZZSR1047A0BP,uemoa,contribution_primaire,2011,-0.92
BCEAO/IMECO/ZZZSR1047A0BP,uemoa,contribution_primaire,2012,1.65
BCEAO/IMECO/ZZZSR1047A0BP,uemoa,contribution_primaire,2013,0.8
BCEAO/IMECO/ZZZSR1047A0BP,uemoa,contribution_primaire,2014,1.94
BCEAO/IMECO/ZZZSR1047A0BP,uemoa,contribution_primaire,2015,0.9
BCEAO/IMECO/ZZZSR1047A0BP,uemoa,contribution_primaire,2016,1.5
BCEAO/IMECO/ZZZSR1047A0BP,uemoa,contribution_primaire,2017,1.8
BCEAO/IMECO/ZZZSR1047A0BP,uemoa,contribution_primaire,2018,1.7
BCEAO/IMECO/ZZZSR1047A0BP,uemoa,contribution_primaire,2019,0.0
BCEAO/IMECO/ZZZSR1047A0BP,uemoa,contribution_primaire,2020,0.6
BCEAO/IMECO/ZZZSR1047A0BP,uemoa,contribution_primaire,2021,0.3
BCEAO/IMECO/ZZZSR1047A0BP,uemoa,contribution_primaire,2022,1.2
BCEAO/IMECO/ZZZSR1047A0BP,uemoa,contribution_primaire,2023,0.3
BCEAO/IMECO/ZZZSR1047A0BP,uemoa,contribution_primaire,2024,1.5
BCEAO/IMECO/BBBSR1048A0BP,benin,contribution_secondaire,2001,2.52
BCEAO/IMECO/BBBSR1048A0BP,benin,contribution_secondaire,2002,0.38
BCEAO/IMECO/BBBSR1048A0BP,benin,contribution_secondaire,2003,0.23
BCEAO/IMECO/BBBSR1048A0BP,benin,contribution_secondaire,2004,0.21
BCEAO/IMECO/BBBSR1048A0BP,benin,contribution_secondaire,2005,1.24
BCEAO/IMECO/BBBSR1048A0BP,benin,contribution_secondaire,2006,0.6
BCEAO/IMECO/BBBSR1048A0BP,benin,contribution_secondaire,2007,-0.34
BCEAO/IMECO/BBBSR1048A0BP,benin,contribution_secondaire,2008,-1.61
BCEAO/IMECO/BBBSR1048A0BP,benin,contribution_secondaire,2009,0.24
BCEAO/IMECO/BBBSR1048A0BP,benin,contribution_secondaire,2010,0.5
BCEAO/IMECO/BBBSR1048A0BP,benin,contribution_secondaire,2011,0.0
BCEAO/IMECO/BBBSR1048A0BP,benin,contribution_secondaire,2012,0.6
BCEAO/IMECO/BBBSR1048A0BP,benin,contribution_secondaire,2013,1.0
BCEAO/IMECO/BBBSR1048A0BP,benin,contribution_secondaire,2014,0.6
BCEAO/IMECO/BBBSR1048A0BP,benin,contribution_secondaire,2015,2.0
BCEAO/IMECO/BBBSR1048A0BP,benin,contribution_secondaire,2016,0.1
BCEAO/IMECO/BBBSR1048A0BP,benin,contribution_secondaire,2017,0.1
BCEAO/IMECO/BBBSR1048A0BP,benin,contribution_secondaire,2018,0.7
BCEAO/IMECO/BBBSR1048A0BP,benin,contribution_secondaire,2019,2.0
BCEAO/IMECO/BBBSR1048A0BP,benin,contribution_secondaire,2020,0.8
BCEAO/IMECO/BBBSR1048A0BP,benin,contribution_secondaire,2021,1.5
BCEAO/IMECO/BBBSR1048A0BP,benin,contribution_secondaire,2022,1.3
BCEAO/IMECO/BBBSR1048A0BP,benin,contribution_secondaire,2023,1.2
BCEAO/IMECO/BBBSR1048A0BP,benin,contribution_secondaire,2024,1.4
BCEAO/IMECO/CCCSR1048A0BP,burkina,contribution_secondaire,2001,0.97
BCEAO/IMECO/CCCSR1048A0BP,burkina,contribution_secondaire,2002,1.36
BCEAO/IMECO/CCCSR1048A0BP,burkina,contribution_secondaire,2003,3.23
BCEAO/IMECO/CCCSR1048A0BP,burkina,contribution_secondaire,2004,1.29
BCEAO/IMECO/CCCSR1048A0BP,burkina,contribution_secondaire,2005,1.18
BCEAO/IMECO/CCCSR1048A0BP,burkina,contribution_secondaire,2006,-0.05
BCEAO/IMECO/CCCSR1048A0BP,burkina,contribution_secondaire,2007,3.77
BCEAO/IMECO/CCCSR1048A0BP,burkina,contribution_secondaire,2008,-0.96
BCEAO/IMECO/CCCSR1048A0BP,burkina,contribution_secondaire,2009,3.37
BCEAO/IMECO/CCCSR1048A0BP,burkina,contribution_secondaire,2010,3.5
BCEAO/IMECO/CCCSR1048A0BP,burkina,contribution_secondaire,2011,3.1
BCEAO/IMECO/CCCSR1048A0BP,burkina,contribution_secondaire,2012,-0.4
BCEAO/IMECO/CCCSR1048A0BP,burkina,contribution_secondaire,2013,1.0
BCEAO/IMECO/CCCSR1048A0BP,burkina,contribution_secondaire,2014,2.4
BCEAO/IMECO/CCCSR1048A0BP,burkina,contribution_secondaire,2015,-0.2
BCEAO/IMECO/CCCSR1048A0BP,burkina,contribution_secondaire,2016,1.2
BCEAO/IMECO/CCCSR1048A0BP,burkina,contribution_secondaire,2017,1.5
BCEAO/IMECO/CCCSR1048A0BP,burkina,contribution_secondaire,2018,2.3
BCEAO/IMECO/CCCSR1048A0BP,burkina,contribution_secondaire,2019,2.3
BCEAO/IMECO/CCCSR1048A0BP,burkina,contribution_secondaire,2020,2.4
BCEAO/IMECO/CCCSR1048A0BP,burkina,contribution_secondaire,2021,2.3
BCEAO/IMECO/CCCSR1048A0BP,burkina,contribution_secondaire,2022,-2.1
BCEAO/IMECO/CCCSR1048A0BP,burkina,contribution_secondaire,2023,0.9
BCEAO/IMECO/CCCSR1048A0BP,burkina,contribution_secondaire,2024,0.2
BCEAO/IMECO/AAASR1048A0BP,cote_ivoire,contribution_secondaire,2001,0.92
BCEAO/IMECO/AAASR1048A0BP,cote_ivoire,contribution_secondaire,2002,0.02
BCEAO/IMECO/AAASR1048A0BP,cote_ivoire,contribution_secondaire,2003,-0.55
BCEAO/IMECO/AAASR1048A0BP,cote_ivoire,contribution_secondaire,2004,-0.27
BCEAO/IMECO/AAASR1048A0BP,cote_ivoire,contribution_secondaire,2005,0.1
BCEAO/IMECO/AAASR1048A0BP,cote_ivoire,contribution_secondaire,2006,0.76
BCEAO/IMECO/AAASR1048A0BP,cote_ivoire,contribution_secondaire,2007,0.02
BCEAO/IMECO/AAASR1048A0BP,cote_ivoire,contribution_secondaire,2008,1.26
BCEAO/IMECO/AAASR1048A0BP,cote_ivoire,contribution_secondaire,2009,1.05
BCEAO/IMECO/AAASR1048A0BP,cote_ivoire,contribution_secondaire,2010,-0.5
BCEAO/IMECO/AAASR1048A0BP,cote_ivoire,contribution_secondaire,2011,-2.6
BCEAO/IMECO/AAASR1048A0BP,cote_ivoire,contribution_secondaire,2012,1.7
BCEAO/IMECO/AAASR1048A0BP,cote_ivoire,contribution_secondaire,2013,3.2
BCEAO/IMECO/AAASR1048A0BP,cote_ivoire,contribution_secondaire,2014,1.5
BCEAO/IMECO/AAASR1048A0BP,cote_ivoire,contribution_secondaire,2015,1.7
BCEAO/IMECO/AAASR1048A0BP,cote_ivoire,contribution_secondaire,2016,1.0
BCEAO/IMECO/AAASR1048A0BP,cote_ivoire,contribution_secondaire,2017,1.8
BCEAO/IMECO/AAASR1048A0BP,cote_ivoire,contribution_secondaire,2018,1.8
BCEAO/IMECO/AAASR1048A0BP,cote_ivoire,contribution_secondaire,2019,4.7
BCEAO/IMECO/AAASR1048A0BP,cote_ivoire,contribution_secondaire,2020,-1.0
BCEAO/IMECO/AAASR1048A0BP,cote_ivoire,contribution_secondaire,2021,1.2
BCEAO/IMECO/AAASR1048A0BP,cote_ivoire,contribution_secondaire,2022,1.6
BCEAO/IMECO/AAASR1048A0BP,cote_ivoire,contribution_secondaire,2023,2.1
BCEAO/IMECO/AAASR1048A0BP,cote_ivoire,contribution_secondaire,2024,0.7
BCEAO/IMECO/SSSSR1048A0BP,guinee_bissau,contribution_secondaire,2001,1.64
BCEAO/IMECO/SSSSR1048A0BP,guinee_bissau,contribution_secondaire,2002,5.26
BCEAO/IMECO/SSSSR1048A0BP,guinee_bissau,contribution_secondaire,2003,0.8
BCEAO/IMECO/SSSSR1048A0BP,guinee_bissau,contribution_secondaire,2004,-3.23
BCEAO/IMECO/SSSSR1048A0BP,guinee_bissau,contribution_secondaire,2005,0.56
BCEAO/IMECO/SSSSR1048A0BP,guinee_bissau,contribution_secondaire,2006,0.23
BCEAO/IMECO/SSSSR1048A0BP,guinee_bissau,contribution_secondaire,2007,0.21
BCEAO/IMECO/SSSSR1048A0BP,guinee_bissau,contribution_secondaire,2008,-0.33
BCEAO/IMECO/SSSSR1048A0BP,guinee_bissau,contribution_secondaire,2009,0.91
BCEAO/IMECO/SSSSR1048A0BP,guinee_bissau,contribution_secondaire,2010,1.5
BCEAO/IMECO/SSSSR1048A0BP,guinee_bissau,contribution_secondaire,2011,-0.7
BCEAO/IMECO/SSSSR1048A0BP,guinee_bissau,contribution_secondaire,2012,-0.4
BCEAO/IMECO/SSSSR1048A0BP,guinee_bissau,contribution_secondaire,2013,1.3
BCEAO/IMECO/SSSSR1048A0BP,guinee_bissau,contribution_secondaire,2014,1.4
BCEAO/IMECO/SSSSR1048A0BP,guinee_bissau,contribution_secondaire,2015,-0.8
BCEAO/IMECO/SSSSR1048A0BP,guinee_bissau,contribution_secondaire,2016,0.1
BCEAO/IMECO/SSSSR1048A0BP,guinee_bissau,contribution_secondaire,2017,1.0
BCEAO/IMECO/SSSSR1048A0BP,guinee_bissau,contribution_secondaire,2018,3.8
BCEAO/IMECO/SSSSR1048A0BP,guinee_bissau,contribution_secondaire,2019,0.6
BCEAO/IMECO/SSSSR1048A0BP,guinee_bissau,contribution_secondaire,2020,0.7
BCEAO/IMECO/SSSSR1048A0BP,guinee_bissau,contribution_secondaire,2021,0.0
BCEAO/IMECO/SSSSR1048A0BP,guinee_bissau,contribution_secondaire,2022,0.3
BCEAO/IMECO/SSSSR1048A0BP,guinee_bissau,contribution_secondaire,2023,1.8
BCEAO/IMECO/SSSSR1048A0BP,guinee_bissau,contribution_secondaire,2024,1.2
BCEAO/IMECO/DDDSR1048A0BP,mali,contribution_secondaire,2001,4.77
BCEAO/IMECO/DDDSR1048A0BP,mali,contribution_secondaire,2002,3.87
BCEAO/IMECO/DDDSR1048A0BP,mali,contribution_secondaire,2003,0.64
BCEAO/IMECO/DDDSR1048A0BP,mali,contribution_secondaire,2004,1.1
BCEAO/IMECO/DDDSR1048A0BP,mali,contribution_secondaire,2005,1.83
BCEAO/IMECO/DDDSR1048A0BP,mali,contribution_secondaire,2006,0.33
BCEAO/IMECO/DDDSR1048A0BP,mali,contribution_secondaire,2007,0.53
BCEAO/IMECO/DDDSR1048A0BP,mali,contribution_secondaire,2008,0.39
BCEAO/IMECO/DDDSR1048A0BP,mali,contribution_secondaire,2009,0.27
BCEAO/IMECO/DDDSR1048A0BP,mali,contribution_secondaire,2010,0.2
BCEAO/IMECO/DDDSR1048A0BP,mali,contribution_secondaire,2011,0.8
BCEAO/IMECO/DDDSR1048A0BP,mali,contribution_secondaire,2012,-1.8
BCEAO/IMECO/DDDSR1048A0BP,mali,contribution_secondaire,2013,-0.2
BCEAO/IMECO/DDDSR1048A0BP,mali,contribution_secondaire,2014,1.6
BCEAO/IMECO/DDDSR1048A0BP,mali,contribution_secondaire,2015,-0.1
BCEAO/IMECO/DDDSR1048A0BP,mali,contribution_secondaire,2016,0.6
BCEAO/IMECO/DDDSR1048A0BP,mali,contribution_secondaire,2017,1.5
BCEAO/IMECO/DDDSR1048A0BP,mali,contribution_secondaire,2018,2.0
BCEAO/IMECO/DDDSR1048A0BP,mali,contribution_secondaire,2019,1.1
BCEAO/IMECO/DDDSR1048A0BP,mali,contribution_secondaire,2020,-0.1
BCEAO/IMECO/DDDSR1048A0BP,mali,contribution_secondaire,2021,0.7
BCEAO/IMECO/DDDSR1048A0BP,mali,contribution_secondaire,2022,-0.3
BCEAO/IMECO/DDDSR1048A0BP,mali,contribution_secondaire,2023,0.7
BCEAO/IMECO/DDDSR1048A0BP,mali,contribution_secondaire,2024,-0.1
BCEAO/IMECO/HHHSR1048A0BP,niger,contribution_secondaire,2001,1.12
BCEAO/IMECO/HHHSR1048A0BP,niger,contribution_secondaire,2002,1.07
BCEAO/IMECO/HHHSR1048A0BP,niger,contribution_secondaire,2003,1.02
BCEAO/IMECO/HHHSR1048A0BP,niger,contribution_secondaire,2004,1.34
BCEAO/IMECO/HHHSR1048A0BP,niger,contribution_secondaire,2005,0.36
BCEAO/IMECO/HHHSR1048A0BP,niger,contribution_secondaire,2006,0.65
BCEAO/IMECO/HHHSR1048A0BP,niger,contribution_secondaire,2007,-5.08
BCEAO/IMECO/HHHSR1048A0BP,niger,contribution_secondaire,2008,2.64
BCEAO/IMECO/HHHSR1048A0BP,niger,contribution_secondaire,2009,1.57
BCEAO/IMECO/HHHSR1048A0BP,niger,contribution_secondaire,2010,2.3
BCEAO/IMECO/HHHSR1048A0BP,niger,contribution_secondaire,2011,1.5
BCEAO/IMECO/HHHSR1048A0BP,niger,contribution_secondaire,2012,7.7
BCEAO/IMECO/HHHSR1048A0BP,niger,contribution_secondaire,2013,1.8
BCEAO/IMECO/HHHSR1048A0BP,niger,contribution_secondaire,2014,0.5
BCEAO/IMECO/HHHSR1048A0BP,niger,contribution_secondaire,2015,1.3
BCEAO/IMECO/HHHSR1048A0BP,niger,contribution_secondaire,2016,-0.5
BCEAO/IMECO/HHHSR1048A0BP,niger,contribution_secondaire,2017,1.4
BCEAO/IMECO/HHHSR1048A0BP,niger,contribution_secondaire,2018,1.3
BCEAO/IMECO/HHHSR1048A0BP,niger,contribution_secondaire,2019,1.9
BCEAO/IMECO/HHHSR1048A0BP,niger,contribution_secondaire,2020,0.4
BCEAO/IMECO/HHHSR1048A0BP,niger,contribution_secondaire,2021,0.9
BCEAO/IMECO/HHHSR1048A0BP,niger,contribution_secondaire,2022,0.5
BCEAO/IMECO/HHHSR1048A0BP,niger,contribution_secondaire,2023,0.5
BCEAO/IMECO/HHHSR1048A0BP,niger,contribution_secondaire,2024,3.3
BCEAO/IMECO/KKKSR1048A0BP,senegal,contribution_secondaire,2001,1.46
BCEAO/IMECO/KKKSR1048A0BP,senegal,contribution_secondaire,2002,1.5
BCEAO/IMECO/KKKSR1048A0BP,senegal,contribution_secondaire,2003,0.38
BCEAO/IMECO/KKKSR1048A0BP,senegal,contribution_secondaire,2004,1.07
BCEAO/IMECO/KKKSR1048A0BP,senegal,contribution_secondaire,2005,0.04
BCEAO/IMECO/KKKSR1048A0BP,senegal,contribution_secondaire,2006,0.27
BCEAO/IMECO/KKKSR1048A0BP,senegal,contribution_secondaire,2007,0.77
BCEAO/IMECO/KKKSR1048A0BP,senegal,contribution_secondaire,2008,-0.47
BCEAO/IMECO/KKKSR1048A0BP,senegal,contribution_secondaire,2009,1.08
BCEAO/IMECO/KKKSR1048A0BP,senegal,contribution_secondaire,2010,0.4
BCEAO/IMECO/KKKSR1048A0BP,senegal,contribution_secondaire,2011,2.0
BCEAO/IMECO/KKKSR1048A0BP,senegal,contribution_secondaire,2012,0.2
BCEAO/IMECO/KKKSR1048A0BP,senegal,contribution_secondaire,2013,0.9
BCEAO/IMECO/KKKSR1048A0BP,senegal,contribution_secondaire,2014,0.8
BCEAO/IMECO/KKKSR1048A0BP,senegal,contribution_secondaire,2015,2.3
BCEAO/IMECO/KKKSR1048A0BP,senegal,contribution_secondaire,2016,0.9
BCEAO/IMECO/KKKSR1048A0BP,senegal,contribution_secondaire,2017,1.6
BCEAO/IMECO/KKKSR1048A0BP,senegal,contribution_secondaire,2018,1.5
BCEAO/IMECO/KKKSR1048A0BP,senegal,contribution_secondaire,2019,1.2
BCEAO/IMECO/KKKSR1048A0BP,senegal,contribution_secondaire,2020,-0.4
BCEAO/IMECO/KKKSR1048A0BP,senegal,contribution_secondaire,2021,1.6
BCEAO/IMECO/KKKSR1048A0BP,senegal,contribution_secondaire,2022,0.6
BCEAO/IMECO/KKKSR1048A0BP,senegal,contribution_secondaire,2023,0.8
BCEAO/IMECO/KKKSR1048A0BP,senegal,contribution_secondaire,2024,3.5
BCEAO/IMECO/TTTSR1048A0BP,togo,contribution_secondaire,2001,0.28
BCEAO/IMECO/TTTSR1048A0BP,togo,contribution_secondaire,2002,0.74
BCEAO/IMECO/TTTSR1048A0BP,togo,contribution_secondaire,2003,3.08
BCEAO/IMECO/TTTSR1048A0BP,togo,contribution_secondaire,2004,-1.35
BCEAO/IMECO/TTTSR1048A0BP,togo,contribution_secondaire,2005,-0.96
BCEAO/IMECO/TTTSR1048A0BP,togo,contribution_secondaire,2006,0.85
BCEAO/IMECO/TTTSR1048A0BP,togo,contribution_secondaire,2007,-0.76
BCEAO/IMECO/TTTSR1048A0BP,togo,contribution_secondaire,2008,-1.08
BCEAO/IMECO/TTTSR1048A0BP,togo,contribution_secondaire,2009,-1.08
BCEAO/IMECO/TTTSR1048A0BP,togo,contribution_secondaire,2010,2.8
BCEAO/IMECO/TTTSR1048A0BP,togo,contribution_secondaire,2011,2.7
BCEAO/IMECO/TTTSR1048A0BP,togo,contribution_secondaire,2012,-0.5
BCEAO/IMECO/TTTSR1048A0BP,togo,contribution_secondaire,2013,3.6
BCEAO/IMECO/TTTSR1048A0BP,togo,contribution_secondaire,2014,2.0
BCEAO/IMECO/TTTSR1048A0BP,togo,contribution_secondaire,2015,-0.2
BCEAO/IMECO/TTTSR1048A0BP,togo,contribution_secondaire,2016,-0.8
BCEAO/IMECO/TTTSR1048A0BP,togo,contribution_secondaire,2017,0.3
BCEAO/IMECO/TTTSR1048A0BP,togo,contribution_secondaire,2018,1.7
BCEAO/IMECO/TTTSR1048A0BP,togo,contribution_secondaire,2019,-0.3
BCEAO/IMECO/TTTSR1048A0BP,togo,contribution_secondaire,2020,0.8
BCEAO/IMECO/TTTSR1048A0BP,togo,contribution_secondaire,2021,1.2
BCEAO/IMECO/TTTSR1048A0BP,togo,contribution_secondaire,2022,1.3
BCEAO/IMECO/TTTSR1048A0BP,togo,contribution_secondaire,2023,1.4
BCEAO/IMECO/TTTSR1048A0BP,togo,contribution_secondaire,2024,1.2
BCEAO/IMECO/ZZZSR1048A0BP,uemoa,contribution_secondaire,2007,0.05
BCEAO/IMECO/ZZZSR1048A0BP,uemoa,contribution_secondaire,2008,0.38
BCEAO/IMECO/ZZZSR1048A0BP,uemoa,contribution_secondaire,2009,1.09
BCEAO/IMECO/ZZZSR1048A0BP,uemoa,contribution_secondaire,2010,0.5
BCEAO/IMECO/ZZZSR1048A0BP,uemoa,contribution_secondaire,2011,0.2
BCEAO/IMECO/ZZZSR1048A0BP,uemoa,contribution_secondaire,2012,0.9
BCEAO/IMECO/ZZZSR1048A0BP,uemoa,contribution_secondaire,2013,1.7
BCEAO/IMECO/ZZZSR1048A0BP,uemoa,contribution_secondaire,2014,1.4
BCEAO/IMECO/ZZZSR1048A0BP,uemoa,contribution_secondaire,2015,1.2
BCEAO/IMECO/ZZZSR1048A0BP,uemoa,contribution_secondaire,2016,0.6
BCEAO/IMECO/ZZZSR1048A0BP,uemoa,contribution_secondaire,2017,1.6
BCEAO/IMECO/ZZZSR1048A0BP,uemoa,contribution_secondaire,2018,1.8
BCEAO/IMECO/ZZZSR1048A0BP,uemoa,contribution_secondaire,2019,2.5
BCEAO/IMECO/ZZZSR1048A0BP,uemoa,contribution_secondaire,2020,0.0
BCEAO/IMECO/ZZZSR1048A0BP,uemoa,contribution_secondaire,2021,1.1
BCEAO/IMECO/ZZZSR1048A0BP,uemoa,contribution_secondaire,2022,0.7
BCEAO/IMECO/ZZZSR1048A0BP,uemoa,contribution_secondaire,2023,1.3
BCEAO/IMECO/ZZZSR1048A0BP,uemoa,contribution_secondaire,2024,1.4
BCEAO/IMECO/BBBSR1049A0BP,benin,contribution_tertiaire,2001,0.56
BCEAO/IMECO/BBBSR1049A0BP,benin,contribution_tertiaire,2002,3.46
BCEAO/IMECO/BBBSR1049A0BP,benin,contribution_tertiaire,2003,2.75
BCEAO/IMECO/BBBSR1049A0BP,benin,contribution_tertiaire,2004,2.39
BCEAO/IMECO/BBBSR1049A0BP,benin,contribution_tertiaire,2005,0.1
BCEAO/IMECO/BBBSR1049A0BP,benin,contribution_tertiaire,2006,1.48
BCEAO/IMECO/BBBSR1049A0BP,benin,contribution_tertiaire,2007,4.69
BCEAO/IMECO/BBBSR1049A0BP,benin,contribution_tertiaire,2008,5.93
BCEAO/IMECO/BBBSR1049A0BP,benin,contribution_tertiaire,2009,0.02
BCEAO/IMECO/BBBSR1049A0BP,benin,contribution_tertiaire,2010,1.8
BCEAO/IMECO/BBBSR1049A0BP,benin,contribution_tertiaire,2011,2.7
BCEAO/IMECO/BBBSR1049A0BP,benin,contribution_tertiaire,2012,2.8
BCEAO/IMECO/BBBSR1049A0BP,benin,contribution_tertiaire,2013,4.6
BCEAO/IMECO/BBBSR1049A0BP,benin,contribution_tertiaire,2014,3.6
BCEAO/IMECO/BBBSR1049A0BP,benin,contribution_tertiaire,2015,-0.3
BCEAO/IMECO/BBBSR1049A0BP,benin,contribution_tertiaire,2016,0.8
BCEAO/IMECO/BBBSR1049A0BP,benin,contribution_tertiaire,2017,3.5
BCEAO/IMECO/BBBSR1049A0BP,benin,contribution_tertiaire,2018,3.9
BCEAO/IMECO/BBBSR1049A0BP,benin,contribution_tertiaire,2019,3.4
BCEAO/IMECO/BBBSR1049A0BP,benin,contribution_tertiaire,2020,2.5
BCEAO/IMECO/BBBSR1049A0BP,benin,contribution_tertiaire,2021,4.3
BCEAO/IMECO/BBBSR1049A0BP,benin,contribution_tertiaire,2022,3.7
BCEAO/IMECO/BBBSR1049A0BP,benin,contribution_tertiaire,2023,3.8
BCEAO/IMECO/BBBSR1049A0BP,benin,contribution_tertiaire,2024,3.8
BCEAO/IMECO/CCCSR1049A0BP,burkina,contribution_tertiaire,2001,3.1
BCEAO/IMECO/CCCSR1049A0BP,burkina,contribution_tertiaire,2002,3.27
BCEAO/IMECO/CCCSR1049A0BP,burkina,contribution_tertiaire,2003,1.77
BCEAO/IMECO/CCCSR1049A0BP,burkina,contribution_tertiaire,2004,4.77
BCEAO/IMECO/CCCSR1049A0BP,burkina,contribution_tertiaire,2005,4.1
BCEAO/IMECO/CCCSR1049A0BP,burkina,contribution_tertiaire,2006,5.83
BCEAO/IMECO/CCCSR1049A0BP,burkina,contribution_tertiaire,2007,1.75
BCEAO/IMECO/CCCSR1049A0BP,burkina,contribution_tertiaire,2008,2.73
BCEAO/IMECO/CCCSR1049A0BP,burkina,contribution_tertiaire,2009,2.45
BCEAO/IMECO/CCCSR1049A0BP,burkina,contribution_tertiaire,2010,1.4
BCEAO/IMECO/CCCSR1049A0BP,burkina,contribution_tertiaire,2011,4.1
BCEAO/IMECO/CCCSR1049A0BP,burkina,contribution_tertiaire,2012,4.9
BCEAO/IMECO/CCCSR1049A0BP,burkina,contribution_tertiaire,2013,3.3
BCEAO/IMECO/CCCSR1049A0BP,burkina,contribution_tertiaire,2014,0.9
BCEAO/IMECO/CCCSR1049A0BP,burkina,contribution_tertiaire,2015,2.5
BCEAO/IMECO/CCCSR1049A0BP,burkina,contribution_tertiaire,2016,3.8
BCEAO/IMECO/CCCSR1049A0BP,burkina,contribution_tertiaire,2017,4.7
BCEAO/IMECO/CCCSR1049A0BP,burkina,contribution_tertiaire,2018,2.5
BCEAO/IMECO/CCCSR1049A0BP,burkina,contribution_tertiaire,2019,3.7
BCEAO/IMECO/CCCSR1049A0BP,burkina,contribution_tertiaire,2020,-0.6
BCEAO/IMECO/CCCSR1049A0BP,burkina,contribution_tertiaire,2021,6.0
BCEAO/IMECO/CCCSR1049A0BP,burkina,contribution_tertiaire,2022,2.6
BCEAO/IMECO/CCCSR1049A0BP,burkina,contribution_tertiaire,2023,1.9
BCEAO/IMECO/CCCSR1049A0BP,burkina,contribution_tertiaire,2024,2.3
BCEAO/IMECO/AAASR1049A0BP,cote_ivoire,contribution_tertiaire,2001,1.0
BCEAO/IMECO/AAASR1049A0BP,cote_ivoire,contribution_tertiaire,2002,-0.89
BCEAO/IMECO/AAASR1049A0BP,cote_ivoire,contribution_tertiaire,2003,-0.91
BCEAO/IMECO/AAASR1049A0BP,cote_ivoire,contribution_tertiaire,2004,1.41
BCEAO/IMECO/AAASR1049A0BP,cote_ivoire,contribution_tertiaire,2005,0.91
BCEAO/IMECO/AAASR1049A0BP,cote_ivoire,contribution_tertiaire,2006,0.38
BCEAO/IMECO/AAASR1049A0BP,cote_ivoire,contribution_tertiaire,2007,1.61
BCEAO/IMECO/AAASR1049A0BP,cote_ivoire,contribution_tertiaire,2008,1.65
BCEAO/IMECO/AAASR1049A0BP,cote_ivoire,contribution_tertiaire,2009,3.58
BCEAO/IMECO/AAASR1049A0BP,cote_ivoire,contribution_tertiaire,2010,3.2
BCEAO/IMECO/AAASR1049A0BP,cote_ivoire,contribution_tertiaire,2011,-1.7
BCEAO/IMECO/AAASR1049A0BP,cote_ivoire,contribution_tertiaire,2012,8.1
BCEAO/IMECO/AAASR1049A0BP,cote_ivoire,contribution_tertiaire,2013,3.4
BCEAO/IMECO/AAASR1049A0BP,cote_ivoire,contribution_tertiaire,2014,5.4
BCEAO/IMECO/AAASR1049A0BP,cote_ivoire,contribution_tertiaire,2015,6.1
BCEAO/IMECO/AAASR1049A0BP,cote_ivoire,contribution_tertiaire,2016,5.6
BCEAO/IMECO/AAASR1049A0BP,cote_ivoire,contribution_tertiaire,2017,3.2
BCEAO/IMECO/AAASR1049A0BP,cote_ivoire,contribution_tertiaire,2018,0.9
BCEAO/IMECO/AAASR1049A0BP,cote_ivoire,contribution_tertiaire,2019,3.3
BCEAO/IMECO/AAASR1049A0BP,cote_ivoire,contribution_tertiaire,2020,1.2
BCEAO/IMECO/AAASR1049A0BP,cote_ivoire,contribution_tertiaire,2021,4.5
BCEAO/IMECO/AAASR1049A0BP,cote_ivoire,contribution_tertiaire,2022,3.8
BCEAO/IMECO/AAASR1049A0BP,cote_ivoire,contribution_tertiaire,2023,5.5
BCEAO/IMECO/AAASR1049A0BP,cote_ivoire,contribution_tertiaire,2024,4.2
BCEAO/IMECO/SSSSR1049A0BP,guinee_bissau,contribution_tertiaire,2001,1.71
BCEAO/IMECO/SSSSR1049A0BP,guinee_bissau,contribution_tertiaire,2002,-2.16
BCEAO/IMECO/SSSSR1049A0BP,guinee_bissau,contribution_tertiaire,2003,-2.65
BCEAO/IMECO/SSSSR1049A0BP,guinee_bissau,contribution_tertiaire,2004,4.31
BCEAO/IMECO/SSSSR1049A0BP,guinee_bissau,contribution_tertiaire,2005,0.31
BCEAO/IMECO/SSSSR1049A0BP,guinee_bissau,contribution_tertiaire,2006,2.47
BCEAO/IMECO/SSSSR1049A0BP,guinee_bissau,contribution_tertiaire,2007,1.98
BCEAO/IMECO/SSSSR1049A0BP,guinee_bissau,contribution_tertiaire,2008,2.93
BCEAO/IMECO/SSSSR1049A0BP,guinee_bissau,contribution_tertiaire,2009,-0.23
BCEAO/IMECO/SSSSR1049A0BP,guinee_bissau,contribution_tertiaire,2010,2.9
BCEAO/IMECO/SSSSR1049A0BP,guinee_bissau,contribution_tertiaire,2011,6.1
BCEAO/IMECO/SSSSR1049A0BP,guinee_bissau,contribution_tertiaire,2012,-1.3
BCEAO/IMECO/SSSSR1049A0BP,guinee_bissau,contribution_tertiaire,2013,0.0
BCEAO/IMECO/SSSSR1049A0BP,guinee_bissau,contribution_tertiaire,2014,2.8
BCEAO/IMECO/SSSSR1049A0BP,guinee_bissau,contribution_tertiaire,2015,4.8
BCEAO/IMECO/SSSSR1049A0BP,guinee_bissau,contribution_tertiaire,2016,3.0
BCEAO/IMECO/SSSSR1049A0BP,guinee_bissau,contribution_tertiaire,2017,2.4
BCEAO/IMECO/SSSSR1049A0BP,guinee_bissau,contribution_tertiaire,2018,0.7
BCEAO/IMECO/SSSSR1049A0BP,guinee_bissau,contribution_tertiaire,2019,2.9
BCEAO/IMECO/SSSSR1049A0BP,guinee_bissau,contribution_tertiaire,2020,0.0
BCEAO/IMECO/SSSSR1049A0BP,guinee_bissau,contribution_tertiaire,2021,2.2
BCEAO/IMECO/SSSSR1049A0BP,guinee_bissau,contribution_tertiaire,2022,4.8
BCEAO/IMECO/SSSSR1049A0BP,guinee_bissau,contribution_tertiaire,2023,1.0
BCEAO/IMECO/SSSSR1049A0BP,guinee_bissau,contribution_tertiaire,2024,2.3
BCEAO/IMECO/DDDSR1049A0BP,mali,contribution_tertiaire,2001,6.65
BCEAO/IMECO/DDDSR1049A0BP,mali,contribution_tertiaire,2002,0.49
BCEAO/IMECO/DDDSR1049A0BP,mali,contribution_tertiaire,2003,3.66
BCEAO/IMECO/DDDSR1049A0BP,mali,contribution_tertiaire,2004,1.37
BCEAO/IMECO/DDDSR1049A0BP,mali,contribution_tertiaire,2005,2.68
BCEAO/IMECO/DDDSR1049A0BP,mali,contribution_tertiaire,2006,2.76
BCEAO/IMECO/DDDSR1049A0BP,mali,contribution_tertiaire,2007,2.45
BCEAO/IMECO/DDDSR1049A0BP,mali,contribution_tertiaire,2008,1.23
BCEAO/IMECO/DDDSR1049A0BP,mali,contribution_tertiaire,2009,3.11
BCEAO/IMECO/DDDSR1049A0BP,mali,contribution_tertiaire,2010,2.9
BCEAO/IMECO/DDDSR1049A0BP,mali,contribution_tertiaire,2011,3.5
BCEAO/IMECO/DDDSR1049A0BP,mali,contribution_tertiaire,2012,-1.7
BCEAO/IMECO/DDDSR1049A0BP,mali,contribution_tertiaire,2013,3.5
BCEAO/IMECO/DDDSR1049A0BP,mali,contribution_tertiaire,2014,2.4
BCEAO/IMECO/DDDSR1049A0BP,mali,contribution_tertiaire,2015,4.2
BCEAO/IMECO/DDDSR1049A0BP,mali,contribution_tertiaire,2016,3.5
BCEAO/IMECO/DDDSR1049A0BP,mali,contribution_tertiaire,2017,2.2
BCEAO/IMECO/DDDSR1049A0BP,mali,contribution_tertiaire,2018,0.7
BCEAO/IMECO/DDDSR1049A0BP,mali,contribution_tertiaire,2019,3.2
BCEAO/IMECO/DDDSR1049A0BP,mali,contribution_tertiaire,2020,-0.1
BCEAO/IMECO/DDDSR1049A0BP,mali,contribution_tertiaire,2021,2.4
BCEAO/IMECO/DDDSR1049A0BP,mali,contribution_tertiaire,2022,2.1
BCEAO/IMECO/DDDSR1049A0BP,mali,contribution_tertiaire,2023,3.2
BCEAO/IMECO/DDDSR1049A0BP,mali,contribution_tertiaire,2024,2.9
BCEAO/IMECO/HHHSR1049A0BP,niger,contribution_tertiaire,2001,2.47
BCEAO/IMECO/HHHSR1049A0BP,niger,contribution_tertiaire,2002,1.81
BCEAO/IMECO/HHHSR1049A0BP,niger,contribution_tertiaire,2003,2.06
BCEAO/IMECO/HHHSR1049A0BP,niger,contribution_tertiaire,2004,1.29
BCEAO/IMECO/HHHSR1049A0BP,niger,contribution_tertiaire,2005,4.57
BCEAO/IMECO/HHHSR1049A0BP,niger,contribution_tertiaire,2006,1.02
BCEAO/IMECO/HHHSR1049A0BP,niger,contribution_tertiaire,2007,1.71
BCEAO/IMECO/HHHSR1049A0BP,niger,contribution_tertiaire,2008,1.7
BCEAO/IMECO/HHHSR1049A0BP,niger,contribution_tertiaire,2009,2.6
BCEAO/IMECO/HHHSR1049A0BP,niger,contribution_tertiaire,2010,1.2
BCEAO/IMECO/HHHSR1049A0BP,niger,contribution_tertiaire,2011,3.0
BCEAO/IMECO/HHHSR1049A0BP,niger,contribution_tertiaire,2012,-0.3
BCEAO/IMECO/HHHSR1049A0BP,niger,contribution_tertiaire,2013,3.5
BCEAO/IMECO/HHHSR1049A0BP,niger,contribution_tertiaire,2014,4.1
BCEAO/IMECO/HHHSR1049A0BP,niger,contribution_tertiaire,2015,2.8
BCEAO/IMECO/HHHSR1049A0BP,niger,contribution_tertiaire,2016,0.6
BCEAO/IMECO/HHHSR1049A0BP,niger,contribution_tertiaire,2017,1.6
BCEAO/IMECO/HHHSR1049A0BP,niger,contribution_tertiaire,2018,3.1
BCEAO/IMECO/HHHSR1049A0BP,niger,contribution_tertiaire,2019,2.8
BCEAO/IMECO/HHHSR1049A0BP,niger,contribution_tertiaire,2020,0.4
BCEAO/IMECO/HHHSR1049A0BP,niger,contribution_tertiaire,2021,2.4
BCEAO/IMECO/HHHSR1049A0BP,niger,contribution_tertiaire,2022,2.6
BCEAO/IMECO/HHHSR1049A0BP,niger,contribution_tertiaire,2023,0.3
BCEAO/IMECO/HHHSR1049A0BP,niger,contribution_tertiaire,2024,1.9
BCEAO/IMECO/KKKSR1049A0BP,senegal,contribution_tertiaire,2001,2.54
BCEAO/IMECO/KKKSR1049A0BP,senegal,contribution_tertiaire,2002,2.38
BCEAO/IMECO/KKKSR1049A0BP,senegal,contribution_tertiaire,2003,2.89
BCEAO/IMECO/KKKSR1049A0BP,senegal,contribution_tertiaire,2004,3.08
BCEAO/IMECO/KKKSR1049A0BP,senegal,contribution_tertiaire,2005,2.63
BCEAO/IMECO/KKKSR1049A0BP,senegal,contribution_tertiaire,2006,3.41
BCEAO/IMECO/KKKSR1049A0BP,senegal,contribution_tertiaire,2007,3.01
BCEAO/IMECO/KKKSR1049A0BP,senegal,contribution_tertiaire,2008,1.59
BCEAO/IMECO/KKKSR1049A0BP,senegal,contribution_tertiaire,2009,-0.32
BCEAO/IMECO/KKKSR1049A0BP,senegal,contribution_tertiaire,2010,2.3
BCEAO/IMECO/KKKSR1049A0BP,senegal,contribution_tertiaire,2011,1.8
BCEAO/IMECO/KKKSR1049A0BP,senegal,contribution_tertiaire,2012,2.5
BCEAO/IMECO/KKKSR1049A0BP,senegal,contribution_tertiaire,2013,1.3
BCEAO/IMECO/KKKSR1049A0BP,senegal,contribution_tertiaire,2014,5.2
BCEAO/IMECO/KKKSR1049A0BP,senegal,contribution_tertiaire,2015,2.7
BCEAO/IMECO/KKKSR1049A0BP,senegal,contribution_tertiaire,2016,4.8
BCEAO/IMECO/KKKSR1049A0BP,senegal,contribution_tertiaire,2017,4.2
BCEAO/IMECO/KKKSR1049A0BP,senegal,contribution_tertiaire,2018,3.5
BCEAO/IMECO/KKKSR1049A0BP,senegal,contribution_tertiaire,2019,2.8
BCEAO/IMECO/KKKSR1049A0BP,senegal,contribution_tertiaire,2020,-0.1
BCEAO/IMECO/KKKSR1049A0BP,senegal,contribution_tertiaire,2021,4.8
BCEAO/IMECO/KKKSR1049A0BP,senegal,contribution_tertiaire,2022,3.1
BCEAO/IMECO/KKKSR1049A0BP,senegal,contribution_tertiaire,2023,2.4
BCEAO/IMECO/KKKSR1049A0BP,senegal,contribution_tertiaire,2024,2.6
BCEAO/IMECO/TTTSR1049A0BP,togo,contribution_tertiaire,2001,0.7
BCEAO/IMECO/TTTSR1049A0BP,togo,contribution_tertiaire,2002,-0.43
BCEAO/IMECO/TTTSR1049A0BP,togo,contribution_tertiaire,2003,0.29
BCEAO/IMECO/TTTSR1049A0BP,togo,contribution_tertiaire,2004,0.19
BCEAO/IMECO/TTTSR1049A0BP,togo,contribution_tertiaire,2005,-0.73
BCEAO/IMECO/TTTSR1049A0BP,togo,contribution_tertiaire,2006,0.47
BCEAO/IMECO/TTTSR1049A0BP,togo,contribution_tertiaire,2007,-1.04
BCEAO/IMECO/TTTSR1049A0BP,togo,contribution_tertiaire,2008,6.3
BCEAO/IMECO/TTTSR1049A0BP,togo,contribution_tertiaire,2009,4.43
BCEAO/IMECO/TTTSR1049A0BP,togo,contribution_tertiaire,2010,2.0
BCEAO/IMECO/TTTSR1049A0BP,togo,contribution_tertiaire,2011,3.3
BCEAO/IMECO/TTTSR1049A0BP,togo,contribution_tertiaire,2012,5.2
BCEAO/IMECO/TTTSR1049A0BP,togo,contribution_tertiaire,2013,3.3
BCEAO/IMECO/TTTSR1049A0BP,togo,contribution_tertiaire,2014,0.8
BCEAO/IMECO/TTTSR1049A0BP,togo,contribution_tertiaire,2015,5.9
BCEAO/IMECO/TTTSR1049A0BP,togo,contribution_tertiaire,2016,3.9
BCEAO/IMECO/TTTSR1049A0BP,togo,contribution_tertiaire,2017,2.3
BCEAO/IMECO/TTTSR1049A0BP,togo,contribution_tertiaire,2018,2.1
BCEAO/IMECO/TTTSR1049A0BP,togo,contribution_tertiaire,2019,4.1
BCEAO/IMECO/TTTSR1049A0BP,togo,contribution_tertiaire,2020,0.5
BCEAO/IMECO/TTTSR1049A0BP,togo,contribution_tertiaire,2021,4.1
BCEAO/IMECO/TTTSR1049A0BP,togo,contribution_tertiaire,2022,3.5
BCEAO/IMECO/TTTSR1049A0BP,togo,contribution_tertiaire,2023,4.2
BCEAO/IMECO/TTTSR1049A0BP,togo,contribution_tertiaire,2024,4.2
BCEAO/IMECO/ZZZSR1049A0BP,uemoa,contribution_tertiaire,2007,2.45
BCEAO/IMECO/ZZZSR1049A0BP,uemoa,contribution_tertiaire,2008,2.49
BCEAO/IMECO/ZZZSR1049A0BP,uemoa,contribution_tertiaire,2009,2.63
BCEAO/IMECO/ZZZSR1049A0BP,uemoa,contribution_tertiaire,2010,3.0
BCEAO/IMECO/ZZZSR1049A0BP,uemoa,contribution_tertiaire,2011,1.5
BCEAO/IMECO/ZZZSR1049A0BP,uemoa,contribution_tertiaire,2012,4.3
BCEAO/IMECO/ZZZSR1049A0BP,uemoa,contribution_tertiaire,2013,3.3
BCEAO/IMECO/ZZZSR1049A0BP,uemoa,contribution_tertiaire,2014,3.7
BCEAO/IMECO/ZZZSR1049A0BP,uemoa,contribution_tertiaire,2015,3.9
BCEAO/IMECO/ZZZSR1049A0BP,uemoa,contribution_tertiaire,2016,4.1
BCEAO/IMECO/ZZZSR1049A0BP,uemoa,contribution_tertiaire,2017,3.1
BCEAO/IMECO/ZZZSR1049A0BP,uemoa,contribution_tertiaire,2018,2.1
BCEAO/IMECO/ZZZSR1049A0BP,uemoa,contribution_tertiaire,2019,3.4
BCEAO/IMECO/ZZZSR1049A0BP,uemoa,contribution_tertiaire,2020,0.7
BCEAO/IMECO/ZZZSR1049A0BP,uemoa,contribution_tertiaire,2021,4.5
BCEAO/IMECO/ZZZSR1049A0BP,uemoa,contribution_tertiaire,2022,3.6
BCEAO/IMECO/ZZZSR1049A0BP,uemoa,contribution_tertiaire,2023,3.7
BCEAO/IMECO/ZZZSR1049A0BP,uemoa,contribution_tertiaire,2024,3.3
BCEAO/IMECO/BBBSR1043A0BP,benin,taux_epargne,1990,7.68
BCEAO/IMECO/BBBSR1043A0BP,benin,taux_epargne,1991,-1.18
BCEAO/IMECO/BBBSR1043A0BP,benin,taux_epargne,1992,1.77
BCEAO/IMECO/BBBSR1043A0BP,benin,taux_epargne,1993,-0.15
BCEAO/IMECO/BBBSR1043A0BP,benin,taux_epargne,1994,4.91
BCEAO/IMECO/BBBSR1043A0BP,benin,taux_epargne,1995,-3.84
BCEAO/IMECO/BBBSR1043A0BP,benin,taux_epargne,1996,5.44
BCEAO/IMECO/BBBSR1043A0BP,benin,taux_epargne,1997,1.83
BCEAO/IMECO/BBBSR1043A0BP,benin,taux_epargne,1998,3.9
BCEAO/IMECO/BBBSR1043A0BP,benin,taux_epargne,1999,11.37
BCEAO/IMECO/BBBSR1043A0BP,benin,taux_epargne,2000,10.9
BCEAO/IMECO/BBBSR1043A0BP,benin,taux_epargne,2001,11.63
BCEAO/IMECO/BBBSR1043A0BP,benin,taux_epargne,2002,7.94
BCEAO/IMECO/BBBSR1043A0BP,benin,taux_epargne,2003,8.43
BCEAO/IMECO/BBBSR1043A0BP,benin,taux_epargne,2004,9.64
BCEAO/IMECO/BBBSR1043A0BP,benin,taux_epargne,2005,6.41
BCEAO/IMECO/BBBSR1043A0BP,benin,taux_epargne,2006,6.54
BCEAO/IMECO/BBBSR1043A0BP,benin,taux_epargne,2007,7.13
BCEAO/IMECO/BBBSR1043A0BP,benin,taux_epargne,2008,5.85
BCEAO/IMECO/BBBSR1043A0BP,benin,taux_epargne,2009,6.74
BCEAO/IMECO/BBBSR1043A0BP,benin,taux_epargne,2010,8.97
BCEAO/IMECO/BBBSR1043A0BP,benin,taux_epargne,2011,10.45
BCEAO/IMECO/BBBSR1043A0BP,benin,taux_epargne,2012,8.9
BCEAO/IMECO/BBBSR1043A0BP,benin,taux_epargne,2013,12.0
BCEAO/IMECO/BBBSR1043A0BP,benin,taux_epargne,2014,10.24
BCEAO/IMECO/BBBSR1043A0BP,benin,taux_epargne,2015,13.56
BCEAO/IMECO/BBBSR1043A0BP,benin,taux_epargne,2016,12.0
BCEAO/IMECO/BBBSR1043A0BP,benin,taux_epargne,2017,15.3
BCEAO/IMECO/BBBSR1043A0BP,benin,taux_epargne,2018,19.1
BCEAO/IMECO/BBBSR1043A0BP,benin,taux_epargne,2019,20.6
BCEAO/IMECO/BBBSR1043A0BP,benin,taux_epargne,2020,22.9
BCEAO/IMECO/BBBSR1043A0BP,benin,taux_epargne,2021,24.49
BCEAO/IMECO/BBBSR1043A0BP,benin,taux_epargne,2022,28.9
BCEAO/IMECO/BBBSR1043A0BP,benin,taux_epargne,2023,31.5
BCEAO/IMECO/BBBSR1043A0BP,benin,taux_epargne,2024,32.7
BCEAO/IMECO/CCCSR1043A0BP,burkina,taux_epargne,1990,3.85
BCEAO/IMECO/CCCSR1043A0BP,burkina,taux_epargne,1991,5.97
BCEAO/IMECO/CCCSR1043A0BP,burkina,taux_epargne,1992,6.13
BCEAO/IMECO/CCCSR1043A0BP,burkina,taux_epargne,1993,5.22
BCEAO/IMECO/CCCSR1043A0BP,burkina,taux_epargne,1994,12.47
BCEAO/IMECO/CCCSR1043A0BP,burkina,taux_epargne,1995,19.7
BCEAO/IMECO/CCCSR1043A0BP,burkina,taux_epargne,1996,5.18
BCEAO/IMECO/CCCSR1043A0BP,burkina,taux_epargne,1997,8.39
BCEAO/IMECO/CCCSR1043A0BP,burkina,taux_epargne,1998,6.11
BCEAO/IMECO/CCCSR1043A0BP,burkina,taux_epargne,1999,4.26
BCEAO/IMECO/CCCSR1043A0BP,burkina,taux_epargne,2000,7.73
BCEAO/IMECO/CCCSR1043A0BP,burkina,taux_epargne,2001,1.3
BCEAO/IMECO/CCCSR1043A0BP,burkina,taux_epargne,2002,2.17
BCEAO/IMECO/CCCSR1043A0BP,burkina,taux_epargne,2003,3.78
BCEAO/IMECO/CCCSR1043A0BP,burkina,taux_epargne,2004,2.85
BCEAO/IMECO/CCCSR1043A0BP,burkina,taux_epargne,2005,3.75
BCEAO/IMECO/CCCSR1043A0BP,burkina,taux_epargne,2006,4.16
BCEAO/IMECO/CCCSR1043A0BP,burkina,taux_epargne,2007,5.63
BCEAO/IMECO/CCCSR1043A0BP,burkina,taux_epargne,2008,6.19
BCEAO/IMECO/CCCSR1043A0BP,burkina,taux_epargne,2009,10.55
BCEAO/IMECO/CCCSR1043A0BP,burkina,taux_epargne,2010,15.38
BCEAO/IMECO/CCCSR1043A0BP,burkina,taux_epargne,2011,16.35
BCEAO/IMECO/CCCSR1043A0BP,burkina,taux_epargne,2012,19.99
BCEAO/IMECO/CCCSR1043A0BP,burkina,taux_epargne,2013,11.84
BCEAO/IMECO/CCCSR1043A0BP,burkina,taux_epargne,2014,11.25
BCEAO/IMECO/CCCSR1043A0BP,burkina,taux_epargne,2015,10.81
BCEAO/IMECO/CCCSR1043A0BP,burkina,taux_epargne,2016,14.6
BCEAO/IMECO/CCCSR1043A0BP,burkina,taux_epargne,2017,15.7
BCEAO/IMECO/CCCSR1043A0BP,burkina,taux_epargne,2018,17.6
BCEAO/IMECO/CCCSR1043A0BP,burkina,taux_epargne,2019,16.3
BCEAO/IMECO/CCCSR1043A0BP,burkina,taux_epargne,2020,19.0
BCEAO/IMECO/CCCSR1043A0BP,burkina,taux_epargne,2021,17.53
BCEAO/IMECO/CCCSR1043A0BP,burkina,taux_epargne,2022,13.7
BCEAO/IMECO/CCCSR1043A0BP,burkina,taux_epargne,2023,16.5
BCEAO/IMECO/CCCSR1043A0BP,burkina,taux_epargne,2024,15.6
BCEAO/IMECO/AAASR1043A0BP,cote_ivoire,taux_epargne,1990,9.35
BCEAO/IMECO/AAASR1043A0BP,cote_ivoire,taux_epargne,1991,10.36
BCEAO/IMECO/AAASR1043A0BP,cote_ivoire,taux_epargne,1992,10.3
BCEAO/IMECO/AAASR1043A0BP,cote_ivoire,taux_epargne,1993,9.26
BCEAO/IMECO/AAASR1043A0BP,cote_ivoire,taux_epargne,1994,19.66
BCEAO/IMECO/AAASR1043A0BP,cote_ivoire,taux_epargne,1995,16.45
BCEAO/IMECO/AAASR1043A0BP,cote_ivoire,taux_epargne,1996,18.3
BCEAO/IMECO/AAASR1043A0BP,cote_ivoire,taux_epargne,1997,18.51
BCEAO/IMECO/AAASR1043A0BP,cote_ivoire,taux_epargne,1998,18.05
BCEAO/IMECO/AAASR1043A0BP,cote_ivoire,taux_epargne,1999,18.97
BCEAO/IMECO/AAASR1043A0BP,cote_ivoire,taux_epargne,2000,16.43
BCEAO/IMECO/AAASR1043A0BP,cote_ivoire,taux_epargne,2001,17.35
BCEAO/IMECO/AAASR1043A0BP,cote_ivoire,taux_epargne,2002,23.58
BCEAO/IMECO/AAASR1043A0BP,cote_ivoire,taux_epargne,2003,17.42
BCEAO/IMECO/AAASR1043A0BP,cote_ivoire,taux_epargne,2004,17.2
BCEAO/IMECO/AAASR1043A0BP,cote_ivoire,taux_epargne,2005,16.03
BCEAO/IMECO/AAASR1043A0BP,cote_ivoire,taux_epargne,2006,18.72
BCEAO/IMECO/AAASR1043A0BP,cote_ivoire,taux_epargne,2007,17.55
BCEAO/IMECO/AAASR1043A0BP,cote_ivoire,taux_epargne,2008,18.28
BCEAO/IMECO/AAASR1043A0BP,cote_ivoire,taux_epargne,2009,20.94
BCEAO/IMECO/AAASR1043A0BP,cote_ivoire,taux_epargne,2010,20.19
BCEAO/IMECO/AAASR1043A0BP,cote_ivoire,taux_epargne,2011,22.29
BCEAO/IMECO/AAASR1043A0BP,cote_ivoire,taux_epargne,2012,18.6
BCEAO/IMECO/AAASR1043A0BP,cote_ivoire,taux_epargne,2013,22.77
BCEAO/IMECO/AAASR1043A0BP,cote_ivoire,taux_epargne,2014,26.32
BCEAO/IMECO/AAASR1043A0BP,cote_ivoire,taux_epargne,2015,25.9
BCEAO/IMECO/AAASR1043A0BP,cote_ivoire,taux_epargne,2016,25.4
BCEAO/IMECO/AAASR1043A0BP,cote_ivoire,taux_epargne,2017,22.7
BCEAO/IMECO/AAASR1043A0BP,cote_ivoire,taux_epargne,2018,22.4
BCEAO/IMECO/AAASR1043A0BP,cote_ivoire,taux_epargne,2019,23.5
BCEAO/IMECO/AAASR1043A0BP,cote_ivoire,taux_epargne,2020,22.6
BCEAO/IMECO/AAASR1043A0BP,cote_ivoire,taux_epargne,2021,23.63
BCEAO/IMECO/AAASR1043A0BP,cote_ivoire,taux_epargne,2022,22.5
BCEAO/IMECO/AAASR1043A0BP,cote_ivoire,taux_epargne,2023,21.7
BCEAO/IMECO/AAASR1043A0BP,cote_ivoire,taux_epargne,2024,25.8
BCEAO/IMECO/SSSSR1043A0BP,guinee_bissau,taux_epargne,1990,-7.67
BCEAO/IMECO/SSSSR1043A0BP,guinee_bissau,taux_epargne,1991,-10.94
BCEAO/IMECO/SSSSR1043A0BP,guinee_bissau,taux_epargne,1992,-47.28
BCEAO/IMECO/SSSSR1043A0BP,guinee_bissau,taux_epargne,1993,-9.53
BCEAO/IMECO/SSSSR1043A0BP,guinee_bissau,taux_epargne,1994,37.41
BCEAO/IMECO/SSSSR1043A0BP,guinee_bissau,taux_epargne,1995,29.52
BCEAO/IMECO/SSSSR1043A0BP,guinee_bissau,taux_epargne,1996,29.89
BCEAO/IMECO/SSSSR1043A0BP,guinee_bissau,taux_epargne,1997,46.13
BCEAO/IMECO/SSSSR1043A0BP,guinee_bissau,taux_epargne,1998,30.61
BCEAO/IMECO/SSSSR1043A0BP,guinee_bissau,taux_epargne,1999,21.94
BCEAO/IMECO/SSSSR1043A0BP,guinee_bissau,taux_epargne,2000,20.06
BCEAO/IMECO/SSSSR1043A0BP,guinee_bissau,taux_epargne,2001,10.73
BCEAO/IMECO/SSSSR1043A0BP,guinee_bissau,taux_epargne,2002,15.84
BCEAO/IMECO/SSSSR1043A0BP,guinee_bissau,taux_epargne,2003,9.49
BCEAO/IMECO/SSSSR1043A0BP,guinee_bissau,taux_epargne,2004,-3.09
BCEAO/IMECO/SSSSR1043A0BP,guinee_bissau,taux_epargne,2005,2.58
BCEAO/IMECO/SSSSR1043A0BP,guinee_bissau,taux_epargne,2006,-6.78
BCEAO/IMECO/SSSSR1043A0BP,guinee_bissau,taux_epargne,2007,-2.27
BCEAO/IMECO/SSSSR1043A0BP,guinee_bissau,taux_epargne,2008,-9.04
BCEAO/IMECO/SSSSR1043A0BP,guinee_bissau,taux_epargne,2009,-13.75
BCEAO/IMECO/SSSSR1043A0BP,guinee_bissau,taux_epargne,2010,-8.14
BCEAO/IMECO/SSSSR1043A0BP,guinee_bissau,taux_epargne,2011,10.78
BCEAO/IMECO/SSSSR1043A0BP,guinee_bissau,taux_epargne,2012,9.72
BCEAO/IMECO/SSSSR1043A0BP,guinee_bissau,taux_epargne,2013,12.1
BCEAO/IMECO/SSSSR1043A0BP,guinee_bissau,taux_epargne,2014,9.75
BCEAO/IMECO/SSSSR1043A0BP,guinee_bissau,taux_epargne,2015,10.7
BCEAO/IMECO/SSSSR1043A0BP,guinee_bissau,taux_epargne,2016,13.6
BCEAO/IMECO/SSSSR1043A0BP,guinee_bissau,taux_epargne,2017,13.2
BCEAO/IMECO/SSSSR1043A0BP,guinee_bissau,taux_epargne,2018,14.7
BCEAO/IMECO/SSSSR1043A0BP,guinee_bissau,taux_epargne,2019,9.4
BCEAO/IMECO/SSSSR1043A0BP,guinee_bissau,taux_epargne,2020,12.6
BCEAO/IMECO/SSSSR1043A0BP,guinee_bissau,taux_epargne,2021,9.86
BCEAO/IMECO/SSSSR1043A0BP,guinee_bissau,taux_epargne,2022,4.8
BCEAO/IMECO/SSSSR1043A0BP,guinee_bissau,taux_epargne,2023,6.2
BCEAO/IMECO/SSSSR1043A0BP,guinee_bissau,taux_epargne,2024,5.5
BCEAO/IMECO/DDDSR1043A0BP,mali,taux_epargne,1990,6.23
BCEAO/IMECO/DDDSR1043A0BP,mali,taux_epargne,1991,5.15
BCEAO/IMECO/DDDSR1043A0BP,mali,taux_epargne,1992,5.97
BCEAO/IMECO/DDDSR1043A0BP,mali,taux_epargne,1993,3.65
BCEAO/IMECO/DDDSR1043A0BP,mali,taux_epargne,1994,5.9
BCEAO/IMECO/DDDSR1043A0BP,mali,taux_epargne,1995,9.9
BCEAO/IMECO/DDDSR1043A0BP,mali,taux_epargne,1996,10.1
BCEAO/IMECO/DDDSR1043A0BP,mali,taux_epargne,1997,14.7
BCEAO/IMECO/DDDSR1043A0BP,mali,taux_epargne,1998,11.32
BCEAO/IMECO/DDDSR1043A0BP,mali,taux_epargne,1999,8.69
BCEAO/IMECO/DDDSR1043A0BP,mali,taux_epargne,2000,7.64
BCEAO/IMECO/DDDSR1043A0BP,mali,taux_epargne,2001,12.42
BCEAO/IMECO/DDDSR1043A0BP,mali,taux_epargne,2002,14.33
BCEAO/IMECO/DDDSR1043A0BP,mali,taux_epargne,2003,14.04
BCEAO/IMECO/DDDSR1043A0BP,mali,taux_epargne,2004,14.15
BCEAO/IMECO/DDDSR1043A0BP,mali,taux_epargne,2005,13.54
BCEAO/IMECO/DDDSR1043A0BP,mali,taux_epargne,2006,17.04
BCEAO/IMECO/DDDSR1043A0BP,mali,taux_epargne,2007,15.41
BCEAO/IMECO/DDDSR1043A0BP,mali,taux_epargne,2008,11.87
BCEAO/IMECO/DDDSR1043A0BP,mali,taux_epargne,2009,15.3
BCEAO/IMECO/DDDSR1043A0BP,mali,taux_epargne,2010,11.77
BCEAO/IMECO/DDDSR1043A0BP,mali,taux_epargne,2011,11.63
BCEAO/IMECO/DDDSR1043A0BP,mali,taux_epargne,2012,13.78
BCEAO/IMECO/DDDSR1043A0BP,mali,taux_epargne,2013,4.39
BCEAO/IMECO/DDDSR1043A0BP,mali,taux_epargne,2014,12.86
BCEAO/IMECO/DDDSR1043A0BP,mali,taux_epargne,2015,11.82
BCEAO/IMECO/DDDSR1043A0BP,mali,taux_epargne,2016,13.2
BCEAO/IMECO/DDDSR1043A0BP,mali,taux_epargne,2017,13.5
BCEAO/IMECO/DDDSR1043A0BP,mali,taux_epargne,2018,15.2
BCEAO/IMECO/DDDSR1043A0BP,mali,taux_epargne,2019,16.2
BCEAO/IMECO/DDDSR1043A0BP,mali,taux_epargne,2020,14.9
BCEAO/IMECO/DDDSR1043A0BP,mali,taux_epargne,2021,13.79
BCEAO/IMECO/DDDSR1043A0BP,mali,taux_epargne,2022,12.4
BCEAO/IMECO/DDDSR1043A0BP,mali,taux_epargne,2023,14.4
BCEAO/IMECO/DDDSR1043A0BP,mali,taux_epargne,2024,16.5
BCEAO/IMECO/HHHSR1043A0BP,niger,taux_epargne,1990,6.49
BCEAO/IMECO/HHHSR1043A0BP,niger,taux_epargne,1991,1.62
BCEAO/IMECO/HHHSR1043A0BP,niger,taux_epargne,1992,2.44
BCEAO/IMECO/HHHSR1043A0BP,niger,taux_epargne,1993,1.05
BCEAO/IMECO/HHHSR1043A0BP,niger,taux_epargne,1994,-4.29
BCEAO/IMECO/HHHSR1043A0BP,niger,taux_epargne,1995,5.54
BCEAO/IMECO/HHHSR1043A0BP,niger,taux_epargne,1996,7.95
BCEAO/IMECO/HHHSR1043A0BP,niger,taux_epargne,1997,7.03
BCEAO/IMECO/HHHSR1043A0BP,niger,taux_epargne,1998,6.72
BCEAO/IMECO/HHHSR1043A0BP,niger,taux_epargne,1999,4.39
BCEAO/IMECO/HHHSR1043A0BP,niger,taux_epargne,2000,5.84
BCEAO/IMECO/HHHSR1043A0BP,niger,taux_epargne,2001,6.68
BCEAO/IMECO/HHHSR1043A0BP,niger,taux_epargne,2002,6.74
BCEAO/IMECO/HHHSR1043A0BP,niger,taux_epargne,2003,5.45
BCEAO/IMECO/HHHSR1043A0BP,niger,taux_epargne,2004,3.28
BCEAO/IMECO/HHHSR1043A0BP,niger,taux_epargne,2005,8.32
BCEAO/IMECO/HHHSR1043A0BP,niger,taux_epargne,2006,9.65
BCEAO/IMECO/HHHSR1043A0BP,niger,taux_epargne,2007,9.2
BCEAO/IMECO/HHHSR1043A0BP,niger,taux_epargne,2008,13.68
BCEAO/IMECO/HHHSR1043A0BP,niger,taux_epargne,2009,8.22
BCEAO/IMECO/HHHSR1043A0BP,niger,taux_epargne,2010,12.49
BCEAO/IMECO/HHHSR1043A0BP,niger,taux_epargne,2011,11.06
BCEAO/IMECO/HHHSR1043A0BP,niger,taux_epargne,2012,17.37
BCEAO/IMECO/HHHSR1043A0BP,niger,taux_epargne,2013,17.05
BCEAO/IMECO/HHHSR1043A0BP,niger,taux_epargne,2014,16.83
BCEAO/IMECO/HHHSR1043A0BP,niger,taux_epargne,2015,15.52
BCEAO/IMECO/HHHSR1043A0BP,niger,taux_epargne,2016,15.1
BCEAO/IMECO/HHHSR1043A0BP,niger,taux_epargne,2017,12.6
BCEAO/IMECO/HHHSR1043A0BP,niger,taux_epargne,2018,14.0
BCEAO/IMECO/HHHSR1043A0BP,niger,taux_epargne,2019,15.1
BCEAO/IMECO/HHHSR1043A0BP,niger,taux_epargne,2020,12.5
BCEAO/IMECO/HHHSR1043A0BP,niger,taux_epargne,2021,10.53
BCEAO/IMECO/HHHSR1043A0BP,niger,taux_epargne,2022,7.5
BCEAO/IMECO/HHHSR1043A0BP,niger,taux_epargne,2023,8.2
BCEAO/IMECO/HHHSR1043A0BP,niger,taux_epargne,2024,11.0
BCEAO/IMECO/KKKSR1043A0BP,senegal,taux_epargne,1990,14.39
BCEAO/IMECO/KKKSR1043A0BP,senegal,taux_epargne,1991,16.31
BCEAO/IMECO/KKKSR1043A0BP,senegal,taux_epargne,1992,16.94
BCEAO/IMECO/KKKSR1043A0BP,senegal,taux_epargne,1993,14.0
BCEAO/IMECO/KKKSR1043A0BP,senegal,taux_epargne,1994,21.28
BCEAO/IMECO/KKKSR1043A0BP,senegal,taux_epargne,1995,15.38
BCEAO/IMECO/KKKSR1043A0BP,senegal,taux_epargne,1996,19.31
BCEAO/IMECO/KKKSR1043A0BP,senegal,taux_epargne,1997,14.93
BCEAO/IMECO/KKKSR1043A0BP,senegal,taux_epargne,1998,20.05
BCEAO/IMECO/KKKSR1043A0BP,senegal,taux_epargne,1999,16.56
BCEAO/IMECO/KKKSR1043A0BP,senegal,taux_epargne,2000,15.1
BCEAO/IMECO/KKKSR1043A0BP,senegal,taux_epargne,2001,18.8
BCEAO/IMECO/KKKSR1043A0BP,senegal,taux_epargne,2002,15.14
BCEAO/IMECO/KKKSR1043A0BP,senegal,taux_epargne,2003,14.46
BCEAO/IMECO/KKKSR1043A0BP,senegal,taux_epargne,2004,13.49
BCEAO/IMECO/KKKSR1043A0BP,senegal,taux_epargne,2005,9.28
BCEAO/IMECO/KKKSR1043A0BP,senegal,taux_epargne,2006,6.78
BCEAO/IMECO/KKKSR1043A0BP,senegal,taux_epargne,2007,6.46
BCEAO/IMECO/KKKSR1043A0BP,senegal,taux_epargne,2008,5.16
BCEAO/IMECO/KKKSR1043A0BP,senegal,taux_epargne,2009,6.88
BCEAO/IMECO/KKKSR1043A0BP,senegal,taux_epargne,2010,7.59
BCEAO/IMECO/KKKSR1043A0BP,senegal,taux_epargne,2011,6.03
BCEAO/IMECO/KKKSR1043A0BP,senegal,taux_epargne,2012,7.6
BCEAO/IMECO/KKKSR1043A0BP,senegal,taux_epargne,2013,8.14
BCEAO/IMECO/KKKSR1043A0BP,senegal,taux_epargne,2014,11.06
BCEAO/IMECO/KKKSR1043A0BP,senegal,taux_epargne,2015,13.05
BCEAO/IMECO/KKKSR1043A0BP,senegal,taux_epargne,2016,14.4
BCEAO/IMECO/KKKSR1043A0BP,senegal,taux_epargne,2017,16.0
BCEAO/IMECO/KKKSR1043A0BP,senegal,taux_epargne,2018,16.8
BCEAO/IMECO/KKKSR1043A0BP,senegal,taux_epargne,2019,17.7
BCEAO/IMECO/KKKSR1043A0BP,senegal,taux_epargne,2020,17.0
BCEAO/IMECO/KKKSR1043A0BP,senegal,taux_epargne,2021,18.38
BCEAO/IMECO/KKKSR1043A0BP,senegal,taux_epargne,2022,19.2
BCEAO/IMECO/KKKSR1043A0BP,senegal,taux_epargne,2023,9.3
BCEAO/IMECO/KKKSR1043A0BP,senegal,taux_epargne,2024,14.4
BCEAO/IMECO/TTTSR1043A0BP,togo,taux_epargne,1990,28.86
BCEAO/IMECO/TTTSR1043A0BP,togo,taux_epargne,1991,28.52
BCEAO/IMECO/TTTSR1043A0BP,togo,taux_epargne,1992,28.92
BCEAO/IMECO/TTTSR1043A0BP,togo,taux_epargne,1993,0.07
BCEAO/IMECO/TTTSR1043A0BP,togo,taux_epargne,1994,27.34
BCEAO/IMECO/TTTSR1043A0BP,togo,taux_epargne,1995,27.64
BCEAO/IMECO/TTTSR1043A0BP,togo,taux_epargne,1996,17.85
BCEAO/IMECO/TTTSR1043A0BP,togo,taux_epargne,1997,17.94
BCEAO/IMECO/TTTSR1043A0BP,togo,taux_epargne,1998,11.37
BCEAO/IMECO/TTTSR1043A0BP,togo,taux_epargne,1999,12.97
BCEAO/IMECO/TTTSR1043A0BP,togo,taux_epargne,2000,21.0
BCEAO/IMECO/TTTSR1043A0BP,togo,taux_epargne,2001,18.95
BCEAO/IMECO/TTTSR1043A0BP,togo,taux_epargne,2002,21.94
BCEAO/IMECO/TTTSR1043A0BP,togo,taux_epargne,2003,23.16
BCEAO/IMECO/TTTSR1043A0BP,togo,taux_epargne,2004,24.84
BCEAO/IMECO/TTTSR1043A0BP,togo,taux_epargne,2005,14.02
BCEAO/IMECO/TTTSR1043A0BP,togo,taux_epargne,2006,7.51
BCEAO/IMECO/TTTSR1043A0BP,togo,taux_epargne,2007,6.41
BCEAO/IMECO/TTTSR1043A0BP,togo,taux_epargne,2008,5.45
BCEAO/IMECO/TTTSR1043A0BP,togo,taux_epargne,2009,4.0
BCEAO/IMECO/TTTSR1043A0BP,togo,taux_epargne,2010,4.62
BCEAO/IMECO/TTTSR1043A0BP,togo,taux_epargne,2011,5.03
BCEAO/IMECO/TTTSR1043A0BP,togo,taux_epargne,2012,7.68
BCEAO/IMECO/TTTSR1043A0BP,togo,taux_epargne,2013,7.9
BCEAO/IMECO/TTTSR1043A0BP,togo,taux_epargne,2014,9.47
BCEAO/IMECO/TTTSR1043A0BP,togo,taux_epargne,2015,9.23
BCEAO/IMECO/TTTSR1043A0BP,togo,taux_epargne,2016,6.6
BCEAO/IMECO/TTTSR1043A0BP,togo,taux_epargne,2017,9.0
BCEAO/IMECO/TTTSR1043A0BP,togo,taux_epargne,2018,10.2
BCEAO/IMECO/TTTSR1043A0BP,togo,taux_epargne,2019,10.1
BCEAO/IMECO/TTTSR1043A0BP,togo,taux_epargne,2020,12.3
BCEAO/IMECO/TTTSR1043A0BP,togo,taux_epargne,2021,9.54
BCEAO/IMECO/TTTSR1043A0BP,togo,taux_epargne,2022,9.3
BCEAO/IMECO/TTTSR1043A0BP,togo,taux_epargne,2023,10.2
BCEAO/IMECO/TTTSR1043A0BP,togo,taux_epargne,2024,11.5
BCEAO/IMECO/ZZZSR1043A0BP,uemoa,taux_epargne,1991,9.75
BCEAO/IMECO/ZZZSR1043A0BP,uemoa,taux_epargne,1992,14.62
BCEAO/IMECO/ZZZSR1043A0BP,uemoa,taux_epargne,1993,11.54
BCEAO/IMECO/ZZZSR1043A0BP,uemoa,taux_epargne,1994,15.93
BCEAO/IMECO/ZZZSR1043A0BP,uemoa,taux_epargne,1995,15.63
BCEAO/IMECO/ZZZSR1043A0BP,uemoa,taux_epargne,1996,15.32
BCEAO/IMECO/ZZZSR1043A0BP,uemoa,taux_epargne,1997,15.58
BCEAO/IMECO/ZZZSR1043A0BP,uemoa,taux_epargne,1998,13.98
BCEAO/IMECO/ZZZSR1043A0BP,uemoa,taux_epargne,1999,13.9
BCEAO/IMECO/ZZZSR1043A0BP,uemoa,taux_epargne,2000,17.17
BCEAO/IMECO/ZZZSR1043A0BP,uemoa,taux_epargne,2001,14.64
BCEAO/IMECO/ZZZSR1043A0BP,uemoa,taux_epargne,2002,13.91
BCEAO/IMECO/ZZZSR1043A0BP,uemoa,taux_epargne,2003,13.31
BCEAO/IMECO/ZZZSR1043A0BP,uemoa,taux_epargne,2004,14.09
BCEAO/IMECO/ZZZSR1043A0BP,uemoa,taux_epargne,2005,12.28
BCEAO/IMECO/ZZZSR1043A0BP,uemoa,taux_epargne,2006,12.37
BCEAO/IMECO/ZZZSR1043A0BP,uemoa,taux_epargne,2007,13.35
BCEAO/IMECO/ZZZSR1043A0BP,uemoa,taux_epargne,2008,11.37
BCEAO/IMECO/ZZZSR1043A0BP,uemoa,taux_epargne,2009,13.08
BCEAO/IMECO/ZZZSR1043A0BP,uemoa,taux_epargne,2010,13.73
BCEAO/IMECO/ZZZSR1043A0BP,uemoa,taux_epargne,2011,14.33
BCEAO/IMECO/ZZZSR1043A0BP,uemoa,taux_epargne,2012,14.61
BCEAO/IMECO/ZZZSR1043A0BP,uemoa,taux_epargne,2013,14.66
BCEAO/IMECO/ZZZSR1043A0BP,uemoa,taux_epargne,2014,17.3
BCEAO/IMECO/ZZZSR1043A0BP,uemoa,taux_epargne,2015,17.66
BCEAO/IMECO/ZZZSR1043A0BP,uemoa,taux_epargne,2016,17.9
BCEAO/IMECO/ZZZSR1043A0BP,uemoa,taux_epargne,2017,17.5
BCEAO/IMECO/ZZZSR1043A0BP,uemoa,taux_epargne,2018,18.5
BCEAO/IMECO/ZZZSR1043A0BP,uemoa,taux_epargne,2019,19.2
BCEAO/IMECO/ZZZSR1043A0BP,uemoa,taux_epargne,2020,19.0
BCEAO/IMECO/ZZZSR1043A0BP,uemoa,taux_epargne,2021,19.25
BCEAO/IMECO/ZZZSR1043A0BP,uemoa,taux_epargne,2022,18.4
BCEAO/IMECO/ZZZSR1043A0BP,uemoa,taux_epargne,2023,17.6
BCEAO/IMECO/ZZZSR1043A0BP,uemoa,taux_epargne,2024,22.7
BCEAO/IMECO/BBBSR1051A0BP,benin,investissement_public_pib,2001,3.72
BCEAO/IMECO/BBBSR1051A0BP,benin,investissement_public_pib,2002,4.15
BCEAO/IMECO/BBBSR1051A0BP,benin,investissement_public_pib,2003,4.67
BCEAO/IMECO/BBBSR1051A0BP,benin,investissement_public_pib,2004,4.01
BCEAO/IMECO/BBBSR1051A0BP,benin,investissement_public_pib,2005,4.16
BCEAO/IMECO/BBBSR1051A0BP,benin,investissement_public_pib,2006,3.09
BCEAO/IMECO/BBBSR1051A0BP,benin,investissement_public_pib,2007,5.07
BCEAO/IMECO/BBBSR1051A0BP,benin,investissement_public_pib,2008,4.0
BCEAO/IMECO/BBBSR1051A0BP,benin,investissement_public_pib,2009,6.6
BCEAO/IMECO/BBBSR1051A0BP,benin,investissement_public_pib,2010,3.8
BCEAO/IMECO/BBBSR1051A0BP,benin,investissement_public_pib,2011,4.3
BCEAO/IMECO/BBBSR1051A0BP,benin,investissement_public_pib,2012,3.8
BCEAO/IMECO/BBBSR1051A0BP,benin,investissement_public_pib,2013,4.7
BCEAO/IMECO/BBBSR1051A0BP,benin,investissement_public_pib,2014,3.8
BCEAO/IMECO/BBBSR1051A0BP,benin,investissement_public_pib,2015,5.6
BCEAO/IMECO/BBBSR1051A0BP,benin,investissement_public_pib,2016,4.3
BCEAO/IMECO/BBBSR1051A0BP,benin,investissement_public_pib,2017,6.7
BCEAO/IMECO/BBBSR1051A0BP,benin,investissement_public_pib,2018,5.6
BCEAO/IMECO/BBBSR1051A0BP,benin,investissement_public_pib,2019,3.9
BCEAO/IMECO/BBBSR1051A0BP,benin,investissement_public_pib,2020,6.9
BCEAO/IMECO/BBBSR1051A0BP,benin,investissement_public_pib,2021,8.2
BCEAO/IMECO/BBBSR1051A0BP,benin,investissement_public_pib,2022,8.8
BCEAO/IMECO/BBBSR1051A0BP,benin,investissement_public_pib,2023,8.5
BCEAO/IMECO/BBBSR1051A0BP,benin,investissement_public_pib,2024,7.9
BCEAO/IMECO/CCCSR1051A0BP,burkina,investissement_public_pib,2001,7.13
BCEAO/IMECO/CCCSR1051A0BP,burkina,investissement_public_pib,2002,9.16
BCEAO/IMECO/CCCSR1051A0BP,burkina,investissement_public_pib,2003,8.1
BCEAO/IMECO/CCCSR1051A0BP,burkina,investissement_public_pib,2004,9.97
BCEAO/IMECO/CCCSR1051A0BP,burkina,investissement_public_pib,2005,9.63
BCEAO/IMECO/CCCSR1051A0BP,burkina,investissement_public_pib,2006,10.5
BCEAO/IMECO/CCCSR1051A0BP,burkina,investissement_public_pib,2007,9.6
BCEAO/IMECO/CCCSR1051A0BP,burkina,investissement_public_pib,2008,7.56
BCEAO/IMECO/CCCSR1051A0BP,burkina,investissement_public_pib,2009,9.72
BCEAO/IMECO/CCCSR1051A0BP,burkina,investissement_public_pib,2010,9.6
BCEAO/IMECO/CCCSR1051A0BP,burkina,investissement_public_pib,2011,9.3
BCEAO/IMECO/CCCSR1051A0BP,burkina,investissement_public_pib,2012,9.7
BCEAO/IMECO/CCCSR1051A0BP,burkina,investissement_public_pib,2013,11.5
BCEAO/IMECO/CCCSR1051A0BP,burkina,investissement_public_pib,2014,8.0
BCEAO/IMECO/CCCSR1051A0BP,burkina,investissement_public_pib,2015,7.2
BCEAO/IMECO/CCCSR1051A0BP,burkina,investissement_public_pib,2016,6.9
BCEAO/IMECO/CCCSR1051A0BP,burkina,investissement_public_pib,2017,10.1
BCEAO/IMECO/CCCSR1051A0BP,burkina,investissement_public_pib,2018,8.5
BCEAO/IMECO/CCCSR1051A0BP,burkina,investissement_public_pib,2019,5.9
BCEAO/IMECO/CCCSR1051A0BP,burkina,investissement_public_pib,2020,7.6
BCEAO/IMECO/CCCSR1051A0BP,burkina,investissement_public_pib,2021,8.8
BCEAO/IMECO/CCCSR1051A0BP,burkina,investissement_public_pib,2022,10.7
BCEAO/IMECO/CCCSR1051A0BP,burkina,investissement_public_pib,2023,11.0
BCEAO/IMECO/CCCSR1051A0BP,burkina,investissement_public_pib,2024,10.3
BCEAO/IMECO/AAASR1051A0BP,cote_ivoire,investissement_public_pib,2001,1.2
BCEAO/IMECO/AAASR1051A0BP,cote_ivoire,investissement_public_pib,2002,2.13
BCEAO/IMECO/AAASR1051A0BP,cote_ivoire,investissement_public_pib,2003,1.72
BCEAO/IMECO/AAASR1051A0BP,cote_ivoire,investissement_public_pib,2004,2.01
BCEAO/IMECO/AAASR1051A0BP,cote_ivoire,investissement_public_pib,2005,1.75
BCEAO/IMECO/AAASR1051A0BP,cote_ivoire,investissement_public_pib,2006,1.59
BCEAO/IMECO/AAASR1051A0BP,cote_ivoire,investissement_public_pib,2007,1.6
BCEAO/IMECO/AAASR1051A0BP,cote_ivoire,investissement_public_pib,2008,2.0
BCEAO/IMECO/AAASR1051A0BP,cote_ivoire,investissement_public_pib,2009,2.08
BCEAO/IMECO/AAASR1051A0BP,cote_ivoire,investissement_public_pib,2010,2.1
BCEAO/IMECO/AAASR1051A0BP,cote_ivoire,investissement_public_pib,2011,1.9
BCEAO/IMECO/AAASR1051A0BP,cote_ivoire,investissement_public_pib,2012,3.3
BCEAO/IMECO/AAASR1051A0BP,cote_ivoire,investissement_public_pib,2013,4.5
BCEAO/IMECO/AAASR1051A0BP,cote_ivoire,investissement_public_pib,2014,4.3
BCEAO/IMECO/AAASR1051A0BP,cote_ivoire,investissement_public_pib,2015,4.7
BCEAO/IMECO/AAASR1051A0BP,cote_ivoire,investissement_public_pib,2016,5.1
BCEAO/IMECO/AAASR1051A0BP,cote_ivoire,investissement_public_pib,2017,5.0
BCEAO/IMECO/AAASR1051A0BP,cote_ivoire,investissement_public_pib,2018,4.8
BCEAO/IMECO/AAASR1051A0BP,cote_ivoire,investissement_public_pib,2019,4.2
BCEAO/IMECO/AAASR1051A0BP,cote_ivoire,investissement_public_pib,2020,5.4
BCEAO/IMECO/AAASR1051A0BP,cote_ivoire,investissement_public_pib,2021,5.5
BCEAO/IMECO/AAASR1051A0BP,cote_ivoire,investissement_public_pib,2022,7.3
BCEAO/IMECO/AAASR1051A0BP,cote_ivoire,investissement_public_pib,2023,6.9
BCEAO/IMECO/AAASR1051A0BP,cote_ivoire,investissement_public_pib,2024,7.3
BCEAO/IMECO/SSSSR1051A0BP,guinee_bissau,investissement_public_pib,2001,2.99
BCEAO/IMECO/SSSSR1051A0BP,guinee_bissau,investissement_public_pib,2002,4.82
BCEAO/IMECO/SSSSR1051A0BP,guinee_bissau,investissement_public_pib,2003,5.56
BCEAO/IMECO/SSSSR1051A0BP,guinee_bissau,investissement_public_pib,2004,3.75
BCEAO/IMECO/SSSSR1051A0BP,guinee_bissau,investissement_public_pib,2005,2.43
BCEAO/IMECO/SSSSR1051A0BP,guinee_bissau,investissement_public_pib,2006,1.85
BCEAO/IMECO/SSSSR1051A0BP,guinee_bissau,investissement_public_pib,2007,4.93
BCEAO/IMECO/SSSSR1051A0BP,guinee_bissau,investissement_public_pib,2008,3.23
BCEAO/IMECO/SSSSR1051A0BP,guinee_bissau,investissement_public_pib,2009,4.09
BCEAO/IMECO/SSSSR1051A0BP,guinee_bissau,investissement_public_pib,2010,3.9
BCEAO/IMECO/SSSSR1051A0BP,guinee_bissau,investissement_public_pib,2011,2.4
BCEAO/IMECO/SSSSR1051A0BP,guinee_bissau,investissement_public_pib,2012,2.0
BCEAO/IMECO/SSSSR1051A0BP,guinee_bissau,investissement_public_pib,2013,2.9
BCEAO/IMECO/SSSSR1051A0BP,guinee_bissau,investissement_public_pib,2014,7.1
BCEAO/IMECO/SSSSR1051A0BP,guinee_bissau,investissement_public_pib,2015,7.1
BCEAO/IMECO/SSSSR1051A0BP,guinee_bissau,investissement_public_pib,2016,8.0
BCEAO/IMECO/SSSSR1051A0BP,guinee_bissau,investissement_public_pib,2017,7.2
BCEAO/IMECO/SSSSR1051A0BP,guinee_bissau,investissement_public_pib,2018,6.2
BCEAO/IMECO/SSSSR1051A0BP,guinee_bissau,investissement_public_pib,2019,4.5
BCEAO/IMECO/SSSSR1051A0BP,guinee_bissau,investissement_public_pib,2020,7.4
BCEAO/IMECO/SSSSR1051A0BP,guinee_bissau,investissement_public_pib,2021,6.3
BCEAO/IMECO/SSSSR1051A0BP,guinee_bissau,investissement_public_pib,2022,5.9
BCEAO/IMECO/SSSSR1051A0BP,guinee_bissau,investissement_public_pib,2023,6.0
BCEAO/IMECO/SSSSR1051A0BP,guinee_bissau,investissement_public_pib,2024,5.5
BCEAO/IMECO/DDDSR1051A0BP,mali,investissement_public_pib,2001,9.33
BCEAO/IMECO/DDDSR1051A0BP,mali,investissement_public_pib,2002,7.49
BCEAO/IMECO/DDDSR1051A0BP,mali,investissement_public_pib,2003,7.75
BCEAO/IMECO/DDDSR1051A0BP,mali,investissement_public_pib,2004,8.97
BCEAO/IMECO/DDDSR1051A0BP,mali,investissement_public_pib,2005,8.3
BCEAO/IMECO/DDDSR1051A0BP,mali,investissement_public_pib,2006,9.45
BCEAO/IMECO/DDDSR1051A0BP,mali,investissement_public_pib,2007,9.96
BCEAO/IMECO/DDDSR1051A0BP,mali,investissement_public_pib,2008,6.75
BCEAO/IMECO/DDDSR1051A0BP,mali,investissement_public_pib,2009,9.47
BCEAO/IMECO/DDDSR1051A0BP,mali,investissement_public_pib,2010,7.0
BCEAO/IMECO/DDDSR1051A0BP,mali,investissement_public_pib,2011,7.3
BCEAO/IMECO/DDDSR1051A0BP,mali,investissement_public_pib,2012,2.7
BCEAO/IMECO/DDDSR1051A0BP,mali,investissement_public_pib,2013,6.0
BCEAO/IMECO/DDDSR1051A0BP,mali,investissement_public_pib,2014,6.5
BCEAO/IMECO/DDDSR1051A0BP,mali,investissement_public_pib,2015,7.3
BCEAO/IMECO/DDDSR1051A0BP,mali,investissement_public_pib,2016,7.5
BCEAO/IMECO/DDDSR1051A0BP,mali,investissement_public_pib,2017,7.4
BCEAO/IMECO/DDDSR1051A0BP,mali,investissement_public_pib,2018,5.4
BCEAO/IMECO/DDDSR1051A0BP,mali,investissement_public_pib,2019,5.5
BCEAO/IMECO/DDDSR1051A0BP,mali,investissement_public_pib,2020,5.2
BCEAO/IMECO/DDDSR1051A0BP,mali,investissement_public_pib,2021,5.0
BCEAO/IMECO/DDDSR1051A0BP,mali,investissement_public_pib,2022,3.3
BCEAO/IMECO/DDDSR1051A0BP,mali,investissement_public_pib,2023,3.1
BCEAO/IMECO/DDDSR1051A0BP,mali,investissement_public_pib,2024,3.8
BCEAO/IMECO/HHHSR1051A0BP,niger,investissement_public_pib,2001,4.93
BCEAO/IMECO/HHHSR1051A0BP,niger,investissement_public_pib,2002,5.92
BCEAO/IMECO/HHHSR1051A0BP,niger,investissement_public_pib,2003,5.59
BCEAO/IMECO/HHHSR1051A0BP,niger,investissement_public_pib,2004,6.94
BCEAO/IMECO/HHHSR1051A0BP,niger,investissement_public_pib,2005,7.99
BCEAO/IMECO/HHHSR1051A0BP,niger,investissement_public_pib,2006,7.79
BCEAO/IMECO/HHHSR1051A0BP,niger,investissement_public_pib,2007,7.5
BCEAO/IMECO/HHHSR1051A0BP,niger,investissement_public_pib,2008,8.73
BCEAO/IMECO/HHHSR1051A0BP,niger,investissement_public_pib,2009,9.81
BCEAO/IMECO/HHHSR1051A0BP,niger,investissement_public_pib,2010,5.8
BCEAO/IMECO/HHHSR1051A0BP,niger,investissement_public_pib,2011,4.9
BCEAO/IMECO/HHHSR1051A0BP,niger,investissement_public_pib,2012,8.4
BCEAO/IMECO/HHHSR1051A0BP,niger,investissement_public_pib,2013,10.4
BCEAO/IMECO/HHHSR1051A0BP,niger,investissement_public_pib,2014,12.4
BCEAO/IMECO/HHHSR1051A0BP,niger,investissement_public_pib,2015,12.7
BCEAO/IMECO/HHHSR1051A0BP,niger,investissement_public_pib,2016,9.0
BCEAO/IMECO/HHHSR1051A0BP,niger,investissement_public_pib,2017,9.2
BCEAO/IMECO/HHHSR1051A0BP,niger,investissement_public_pib,2018,11.2
BCEAO/IMECO/HHHSR1051A0BP,niger,investissement_public_pib,2019,12.0
BCEAO/IMECO/HHHSR1051A0BP,niger,investissement_public_pib,2020,12.1
BCEAO/IMECO/HHHSR1051A0BP,niger,investissement_public_pib,2021,13.0
BCEAO/IMECO/HHHSR1051A0BP,niger,investissement_public_pib,2022,10.8
BCEAO/IMECO/HHHSR1051A0BP,niger,investissement_public_pib,2023,5.7
BCEAO/IMECO/HHHSR1051A0BP,niger,investissement_public_pib,2024,6.8
BCEAO/IMECO/KKKSR1051A0BP,senegal,investissement_public_pib,2001,4.56
BCEAO/IMECO/KKKSR1051A0BP,senegal,investissement_public_pib,2002,5.68
BCEAO/IMECO/KKKSR1051A0BP,senegal,investissement_public_pib,2003,6.66
BCEAO/IMECO/KKKSR1051A0BP,senegal,investissement_public_pib,2004,7.72
BCEAO/IMECO/KKKSR1051A0BP,senegal,investissement_public_pib,2005,7.83
BCEAO/IMECO/KKKSR1051A0BP,senegal,investissement_public_pib,2006,7.77
BCEAO/IMECO/KKKSR1051A0BP,senegal,investissement_public_pib,2007,8.44
BCEAO/IMECO/KKKSR1051A0BP,senegal,investissement_public_pib,2008,7.91
BCEAO/IMECO/KKKSR1051A0BP,senegal,investissement_public_pib,2009,7.99
BCEAO/IMECO/KKKSR1051A0BP,senegal,investissement_public_pib,2010,9.2
BCEAO/IMECO/KKKSR1051A0BP,senegal,investissement_public_pib,2011,8.6
BCEAO/IMECO/KKKSR1051A0BP,senegal,investissement_public_pib,2012,9.0
BCEAO/IMECO/KKKSR1051A0BP,senegal,investissement_public_pib,2013,8.6
BCEAO/IMECO/KKKSR1051A0BP,senegal,investissement_public_pib,2014,9.2
BCEAO/IMECO/KKKSR1051A0BP,senegal,investissement_public_pib,2015,8.6
BCEAO/IMECO/KKKSR1051A0BP,senegal,investissement_public_pib,2016,9.7
BCEAO/IMECO/KKKSR1051A0BP,senegal,investissement_public_pib,2017,8.8
BCEAO/IMECO/KKKSR1051A0BP,senegal,investissement_public_pib,2018,8.0
BCEAO/IMECO/KKKSR1051A0BP,senegal,investissement_public_pib,2019,11.9
BCEAO/IMECO/KKKSR1051A0BP,senegal,investissement_public_pib,2020,12.1
BCEAO/IMECO/KKKSR1051A0BP,senegal,investissement_public_pib,2021,12.0
BCEAO/IMECO/KKKSR1051A0BP,senegal,investissement_public_pib,2022,12.7
BCEAO/IMECO/KKKSR1051A0BP,senegal,investissement_public_pib,2023,11.5
BCEAO/IMECO/KKKSR1051A0BP,senegal,investissement_public_pib,2024,10.4
BCEAO/IMECO/TTTSR1051A0BP,togo,investissement_public_pib,2001,1.49
BCEAO/IMECO/TTTSR1051A0BP,togo,investissement_public_pib,2002,0.86
BCEAO/IMECO/TTTSR1051A0BP,togo,investissement_public_pib,2003,0.6
BCEAO/IMECO/TTTSR1051A0BP,togo,investissement_public_pib,2004,0.94
BCEAO/IMECO/TTTSR1051A0BP,togo,investissement_public_pib,2005,2.15
BCEAO/IMECO/TTTSR1051A0BP,togo,investissement_public_pib,2006,2.73
BCEAO/IMECO/TTTSR1051A0BP,togo,investissement_public_pib,2007,1.34
BCEAO/IMECO/TTTSR1051A0BP,togo,investissement_public_pib,2008,2.44
BCEAO/IMECO/TTTSR1051A0BP,togo,investissement_public_pib,2009,4.15
BCEAO/IMECO/TTTSR1051A0BP,togo,investissement_public_pib,2010,5.3
BCEAO/IMECO/TTTSR1051A0BP,togo,investissement_public_pib,2011,5.7
BCEAO/IMECO/TTTSR1051A0BP,togo,investissement_public_pib,2012,6.3
BCEAO/IMECO/TTTSR1051A0BP,togo,investissement_public_pib,2013,5.5
BCEAO/IMECO/TTTSR1051A0BP,togo,investissement_public_pib,2014,6.6
BCEAO/IMECO/TTTSR1051A0BP,togo,investissement_public_pib,2015,8.2
BCEAO/IMECO/TTTSR1051A0BP,togo,investissement_public_pib,2016,9.2
BCEAO/IMECO/TTTSR1051A0BP,togo,investissement_public_pib,2017,4.7
BCEAO/IMECO/TTTSR1051A0BP,togo,investissement_public_pib,2018,5.2
BCEAO/IMECO/TTTSR1051A0BP,togo,investissement_public_pib,2019,3.2
BCEAO/IMECO/TTTSR1051A0BP,togo,investissement_public_pib,2020,9.3
BCEAO/IMECO/TTTSR1051A0BP,togo,investissement_public_pib,2021,8.2
BCEAO/IMECO/TTTSR1051A0BP,togo,investissement_public_pib,2022,9.7
BCEAO/IMECO/TTTSR1051A0BP,togo,investissement_public_pib,2023,9.3
BCEAO/IMECO/TTTSR1051A0BP,togo,investissement_public_pib,2024,10.4
BCEAO/IMECO/ZZZSR1051A0BP,uemoa,investissement_public_pib,2001,3.5
BCEAO/IMECO/ZZZSR1051A0BP,uemoa,investissement_public_pib,2002,4.25
BCEAO/IMECO/ZZZSR1051A0BP,uemoa,investissement_public_pib,2003,4.22
BCEAO/IMECO/ZZZSR1051A0BP,uemoa,investissement_public_pib,2004,4.85
BCEAO/IMECO/ZZZSR1051A0BP,uemoa,investissement_public_pib,2005,4.91
BCEAO/IMECO/ZZZSR1051A0BP,uemoa,investissement_public_pib,2006,4.89
BCEAO/IMECO/ZZZSR1051A0BP,uemoa,investissement_public_pib,2007,5.15
BCEAO/IMECO/ZZZSR1051A0BP,uemoa,investissement_public_pib,2008,4.93
BCEAO/IMECO/ZZZSR1051A0BP,uemoa,investissement_public_pib,2009,5.93
BCEAO/IMECO/ZZZSR1051A0BP,uemoa,investissement_public_pib,2010,5.31
BCEAO/IMECO/ZZZSR1051A0BP,uemoa,investissement_public_pib,2011,5.27
BCEAO/IMECO/ZZZSR1051A0BP,uemoa,investissement_public_pib,2012,5.57
BCEAO/IMECO/ZZZSR1051A0BP,uemoa,investissement_public_pib,2013,6.64
BCEAO/IMECO/ZZZSR1051A0BP,uemoa,investissement_public_pib,2014,6.45
BCEAO/IMECO/ZZZSR1051A0BP,uemoa,investissement_public_pib,2015,6.8
BCEAO/IMECO/ZZZSR1051A0BP,uemoa,investissement_public_pib,2016,6.8
BCEAO/IMECO/ZZZSR1051A0BP,uemoa,investissement_public_pib,2017,6.9
BCEAO/IMECO/ZZZSR1051A0BP,uemoa,investissement_public_pib,2018,6.4
BCEAO/IMECO/ZZZSR1051A0BP,uemoa,investissement_public_pib,2019,6.3
BCEAO/IMECO/ZZZSR1051A0BP,uemoa,investissement_public_pib,2020,7.5
BCEAO/IMECO/ZZZSR1051A0BP,uemoa,investissement_public_pib,2021,7.7
BCEAO/IMECO/ZZZSR1051A0BP,uemoa,investissement_public_pib,2022,8.5
BCEAO/IMECO/ZZZSR1051A0BP,uemoa,investissement_public_pib,2023,7.7
BCEAO/IMECO/ZZZSR1051A0BP,uemoa,investissement_public_pib,2024,7.8
BCEAO/IMECO/BBBSR3073A0BP,benin,inflation_glissement,1998,5.63
BCEAO/IMECO/BBBSR3073A0BP,benin,inflation_glissement,1999,-3.25
BCEAO/IMECO/BBBSR3073A0BP,benin,inflation_glissement,2000,9.84
BCEAO/IMECO/BBBSR3073A0BP,benin,inflation_glissement,2001,2.35
BCEAO/IMECO/BBBSR3073A0BP,benin,inflation_glissement,2002,1.21
BCEAO/IMECO/BBBSR3073A0BP,benin,inflation_glissement,2003,0.75
BCEAO/IMECO/BBBSR3073A0BP,benin,inflation_glissement,2004,2.65
BCEAO/IMECO/BBBSR3073A0BP,benin,inflation_glissement,2005,3.76
BCEAO/IMECO/BBBSR3073A0BP,benin,inflation_glissement,2006,5.21
BCEAO/IMECO/BBBSR3073A0BP,benin,inflation_glissement,2007,0.29
BCEAO/IMECO/BBBSR3073A0BP,benin,inflation_glissement,2008,8.96
BCEAO/IMECO/BBBSR3073A0BP,benin,inflation_glissement,2009,-0.95
BCEAO/IMECO/BBBSR3073A0BP,benin,inflation_glissement,2010,4.0
BCEAO/IMECO/BBBSR3073A0BP,benin,inflation_glissement,2011,1.8
BCEAO/IMECO/BBBSR3073A0BP,benin,inflation_glissement,2012,6.8
BCEAO/IMECO/BBBSR3073A0BP,benin,inflation_glissement,2013,-1.8
BCEAO/IMECO/BBBSR3073A0BP,benin,inflation_glissement,2014,-0.8
BCEAO/IMECO/BBBSR3073A0BP,benin,inflation_glissement,2015,2.3
BCEAO/IMECO/BBBSR3073A0BP,benin,inflation_glissement,2016,-2.8
BCEAO/IMECO/BBBSR3073A0BP,benin,inflation_glissement,2017,3.0
BCEAO/IMECO/BBBSR3073A0BP,benin,inflation_glissement,2018,-0.1
BCEAO/IMECO/BBBSR3073A0BP,benin,inflation_glissement,2019,0.3
BCEAO/IMECO/BBBSR3073A0BP,benin,inflation_glissement,2020,1.1
BCEAO/IMECO/BBBSR3073A0BP,benin,inflation_glissement,2021,0.5
BCEAO/IMECO/BBBSR3073A0BP,benin,inflation_glissement,2022,2.8
BCEAO/IMECO/BBBSR3073A0BP,benin,inflation_glissement,2023,0.4
BCEAO/IMECO/BBBSR3073A0BP,benin,inflation_glissement,2024,-0.4
BCEAO/IMECO/CCCSR3073A0BP,burkina,inflation_glissement,1998,0.97
BCEAO/IMECO/CCCSR3073A0BP,burkina,inflation_glissement,1999,0.66
BCEAO/IMECO/CCCSR3073A0BP,burkina,inflation_glissement,2000,2.41
BCEAO/IMECO/CCCSR3073A0BP,burkina,inflation_glissement,2001,1.01
BCEAO/IMECO/CCCSR3073A0BP,burkina,inflation_glissement,2002,3.91
BCEAO/IMECO/CCCSR3073A0BP,burkina,inflation_glissement,2003,3.18
BCEAO/IMECO/CCCSR3073A0BP,burkina,inflation_glissement,2004,0.68
BCEAO/IMECO/CCCSR3073A0BP,burkina,inflation_glissement,2005,4.47
BCEAO/IMECO/CCCSR3073A0BP,burkina,inflation_glissement,2006,1.53
BCEAO/IMECO/CCCSR3073A0BP,burkina,inflation_glissement,2007,2.26
BCEAO/IMECO/CCCSR3073A0BP,burkina,inflation_glissement,2008,9.89
BCEAO/IMECO/CCCSR3073A0BP,burkina,inflation_glissement,2009,-0.33
BCEAO/IMECO/CCCSR3073A0BP,burkina,inflation_glissement,2010,-0.3
BCEAO/IMECO/CCCSR3073A0BP,burkina,inflation_glissement,2011,5.1
BCEAO/IMECO/CCCSR3073A0BP,burkina,inflation_glissement,2012,1.7
BCEAO/IMECO/CCCSR3073A0BP,burkina,inflation_glissement,2013,0.1
BCEAO/IMECO/CCCSR3073A0BP,burkina,inflation_glissement,2014,-0.2
BCEAO/IMECO/CCCSR3073A0BP,burkina,inflation_glissement,2015,1.3
BCEAO/IMECO/CCCSR3073A0BP,burkina,inflation_glissement,2016,-1.7
BCEAO/IMECO/CCCSR3073A0BP,burkina,inflation_glissement,2017,4.7
BCEAO/IMECO/CCCSR3073A0BP,burkina,inflation_glissement,2018,0.3
BCEAO/IMECO/CCCSR3073A0BP,burkina,inflation_glissement,2019,-2.6
BCEAO/IMECO/CCCSR3073A0BP,burkina,inflation_glissement,2020,2.3
BCEAO/IMECO/CCCSR3073A0BP,burkina,inflation_glissement,2021,8.0
BCEAO/IMECO/CCCSR3073A0BP,burkina,inflation_glissement,2022,9.6
BCEAO/IMECO/CCCSR3073A0BP,burkina,inflation_glissement,2023,1.0
BCEAO/IMECO/CCCSR3073A0BP,burkina,inflation_glissement,2024,4.9
BCEAO/IMECO/AAASR3073A0BP,cote_ivoire,inflation_glissement,1998,2.0
BCEAO/IMECO/AAASR3073A0BP,cote_ivoire,inflation_glissement,1999,1.58
BCEAO/IMECO/AAASR3073A0BP,cote_ivoire,inflation_glissement,2000,3.58
BCEAO/IMECO/AAASR3073A0BP,cote_ivoire,inflation_glissement,2001,4.78
BCEAO/IMECO/AAASR3073A0BP,cote_ivoire,inflation_glissement,2002,4.39
BCEAO/IMECO/AAASR3073A0BP,cote_ivoire,inflation_glissement,2003,-0.1
BCEAO/IMECO/AAASR3073A0BP,cote_ivoire,inflation_glissement,2004,4.4
BCEAO/IMECO/AAASR3073A0BP,cote_ivoire,inflation_glissement,2005,2.56
BCEAO/IMECO/AAASR3073A0BP,cote_ivoire,inflation_glissement,2006,2.04
BCEAO/IMECO/AAASR3073A0BP,cote_ivoire,inflation_glissement,2007,1.48
BCEAO/IMECO/AAASR3073A0BP,cote_ivoire,inflation_glissement,2008,7.14
BCEAO/IMECO/AAASR3073A0BP,cote_ivoire,inflation_glissement,2009,-0.12
BCEAO/IMECO/AAASR3073A0BP,cote_ivoire,inflation_glissement,2010,5.1
BCEAO/IMECO/AAASR3073A0BP,cote_ivoire,inflation_glissement,2011,2.0
BCEAO/IMECO/AAASR3073A0BP,cote_ivoire,inflation_glissement,2012,3.4
BCEAO/IMECO/AAASR3073A0BP,cote_ivoire,inflation_glissement,2013,0.4
BCEAO/IMECO/AAASR3073A0BP,cote_ivoire,inflation_glissement,2014,0.9
BCEAO/IMECO/AAASR3073A0BP,cote_ivoire,inflation_glissement,2015,1.4
BCEAO/IMECO/AAASR3073A0BP,cote_ivoire,inflation_glissement,2016,-0.2
BCEAO/IMECO/AAASR3073A0BP,cote_ivoire,inflation_glissement,2017,1.2
BCEAO/IMECO/AAASR3073A0BP,cote_ivoire,inflation_glissement,2018,0.6
BCEAO/IMECO/AAASR3073A0BP,cote_ivoire,inflation_glissement,2019,1.6
BCEAO/IMECO/AAASR3073A0BP,cote_ivoire,inflation_glissement,2020,2.3
BCEAO/IMECO/AAASR3073A0BP,cote_ivoire,inflation_glissement,2021,5.6
BCEAO/IMECO/AAASR3073A0BP,cote_ivoire,inflation_glissement,2022,5.1
BCEAO/IMECO/AAASR3073A0BP,cote_ivoire,inflation_glissement,2023,3.9
BCEAO/IMECO/AAASR3073A0BP,cote_ivoire,inflation_glissement,2024,2.1
BCEAO/IMECO/SSSSR3073A0BP,guinee_bissau,inflation_glissement,1998,0.0
BCEAO/IMECO/SSSSR3073A0BP,guinee_bissau,inflation_glissement,1999,0.0
BCEAO/IMECO/SSSSR3073A0BP,guinee_bissau,inflation_glissement,2000,0.0
BCEAO/IMECO/SSSSR3073A0BP,guinee_bissau,inflation_glissement,2001,-1.5
BCEAO/IMECO/SSSSR3073A0BP,guinee_bissau,inflation_glissement,2002,7.3
BCEAO/IMECO/SSSSR3073A0BP,guinee_bissau,inflation_glissement,2003,0.73
BCEAO/IMECO/SSSSR3073A0BP,guinee_bissau,inflation_glissement,2004,2.89
BCEAO/IMECO/SSSSR3073A0BP,guinee_bissau,inflation_glissement,2005,0.3
BCEAO/IMECO/SSSSR3073A0BP,guinee_bissau,inflation_glissement,2006,3.2
BCEAO/IMECO/SSSSR3073A0BP,guinee_bissau,inflation_glissement,2007,9.29
BCEAO/IMECO/SSSSR3073A0BP,guinee_bissau,inflation_glissement,2008,4.56
BCEAO/IMECO/SSSSR3073A0BP,guinee_bissau,inflation_glissement,2009,-4.81
BCEAO/IMECO/SSSSR3073A0BP,guinee_bissau,inflation_glissement,2010,5.6
BCEAO/IMECO/SSSSR3073A0BP,guinee_bissau,inflation_glissement,2011,3.4
BCEAO/IMECO/SSSSR3073A0BP,guinee_bissau,inflation_glissement,2012,1.7
BCEAO/IMECO/SSSSR3073A0BP,guinee_bissau,inflation_glissement,2013,-0.1
BCEAO/IMECO/SSSSR3073A0BP,guinee_bissau,inflation_glissement,2014,-0.1
BCEAO/IMECO/SSSSR3073A0BP,guinee_bissau,inflation_glissement,2015,2.4
BCEAO/IMECO/SSSSR3073A0BP,guinee_bissau,inflation_glissement,2016,1.6
BCEAO/IMECO/SSSSR3073A0BP,guinee_bissau,inflation_glissement,2017,-1.2
BCEAO/IMECO/SSSSR3073A0BP,guinee_bissau,inflation_glissement,2018,2.4
BCEAO/IMECO/SSSSR3073A0BP,guinee_bissau,inflation_glissement,2019,-0.1
BCEAO/IMECO/SSSSR3073A0BP,guinee_bissau,inflation_glissement,2020,1.5
BCEAO/IMECO/SSSSR3073A0BP,guinee_bissau,inflation_glissement,2021,5.8
BCEAO/IMECO/SSSSR3073A0BP,guinee_bissau,inflation_glissement,2022,9.5
BCEAO/IMECO/SSSSR3073A0BP,guinee_bissau,inflation_glissement,2023,3.1
BCEAO/IMECO/SSSSR3073A0BP,guinee_bissau,inflation_glissement,2024,5.7
BCEAO/IMECO/DDDSR3073A0BP,mali,inflation_glissement,1998,3.07
BCEAO/IMECO/DDDSR3073A0BP,mali,inflation_glissement,1999,-1.36
BCEAO/IMECO/DDDSR3073A0BP,mali,inflation_glissement,2000,2.52
BCEAO/IMECO/DDDSR3073A0BP,mali,inflation_glissement,2001,5.2
BCEAO/IMECO/DDDSR3073A0BP,mali,inflation_glissement,2002,4.1
BCEAO/IMECO/DDDSR3073A0BP,mali,inflation_glissement,2003,-5.0
BCEAO/IMECO/DDDSR3073A0BP,mali,inflation_glissement,2004,1.49
BCEAO/IMECO/DDDSR3073A0BP,mali,inflation_glissement,2005,3.4
BCEAO/IMECO/DDDSR3073A0BP,mali,inflation_glissement,2006,3.56
BCEAO/IMECO/DDDSR3073A0BP,mali,inflation_glissement,2007,2.23
BCEAO/IMECO/DDDSR3073A0BP,mali,inflation_glissement,2008,8.13
BCEAO/IMECO/DDDSR3073A0BP,mali,inflation_glissement,2009,1.48
BCEAO/IMECO/DDDSR3073A0BP,mali,inflation_glissement,2010,1.8
BCEAO/IMECO/DDDSR3073A0BP,mali,inflation_glissement,2011,5.3
BCEAO/IMECO/DDDSR3073A0BP,mali,inflation_glissement,2012,2.4
BCEAO/IMECO/DDDSR3073A0BP,mali,inflation_glissement,2013,0.0
BCEAO/IMECO/DDDSR3073A0BP,mali,inflation_glissement,2014,1.1
BCEAO/IMECO/DDDSR3073A0BP,mali,inflation_glissement,2015,1.0
BCEAO/IMECO/DDDSR3073A0BP,mali,inflation_glissement,2016,-0.8
BCEAO/IMECO/DDDSR3073A0BP,mali,inflation_glissement,2017,0.2
BCEAO/IMECO/DDDSR3073A0BP,mali,inflation_glissement,2018,0.8
BCEAO/IMECO/DDDSR3073A0BP,mali,inflation_glissement,2019,-3.3
BCEAO/IMECO/DDDSR3073A0BP,mali,inflation_glissement,2020,0.7
BCEAO/IMECO/DDDSR3073A0BP,mali,inflation_glissement,2021,8.9
BCEAO/IMECO/DDDSR3073A0BP,mali,inflation_glissement,2022,7.8
BCEAO/IMECO/DDDSR3073A0BP,mali,inflation_glissement,2023,-0.5
BCEAO/IMECO/DDDSR3073A0BP,mali,inflation_glissement,2024,4.9
BCEAO/IMECO/HHHSR3073A0BP,niger,inflation_glissement,1998,3.34
BCEAO/IMECO/HHHSR3073A0BP,niger,inflation_glissement,1999,-1.43
BCEAO/IMECO/HHHSR3073A0BP,niger,inflation_glissement,2000,4.22
BCEAO/IMECO/HHHSR3073A0BP,niger,inflation_glissement,2001,3.2
BCEAO/IMECO/HHHSR3073A0BP,niger,inflation_glissement,2002,0.6
BCEAO/IMECO/HHHSR3073A0BP,niger,inflation_glissement,2003,-1.5
BCEAO/IMECO/HHHSR3073A0BP,niger,inflation_glissement,2004,3.6
BCEAO/IMECO/HHHSR3073A0BP,niger,inflation_glissement,2005,4.19
BCEAO/IMECO/HHHSR3073A0BP,niger,inflation_glissement,2006,0.33
BCEAO/IMECO/HHHSR3073A0BP,niger,inflation_glissement,2007,4.75
BCEAO/IMECO/HHHSR3073A0BP,niger,inflation_glissement,2008,10.16
BCEAO/IMECO/HHHSR3073A0BP,niger,inflation_glissement,2009,-1.32
BCEAO/IMECO/HHHSR3073A0BP,niger,inflation_glissement,2010,2.6
BCEAO/IMECO/HHHSR3073A0BP,niger,inflation_glissement,2011,1.4
BCEAO/IMECO/HHHSR3073A0BP,niger,inflation_glissement,2012,0.7
BCEAO/IMECO/HHHSR3073A0BP,niger,inflation_glissement,2013,1.1
BCEAO/IMECO/HHHSR3073A0BP,niger,inflation_glissement,2014,-0.6
BCEAO/IMECO/HHHSR3073A0BP,niger,inflation_glissement,2015,2.2
BCEAO/IMECO/HHHSR3073A0BP,niger,inflation_glissement,2016,-2.2
BCEAO/IMECO/HHHSR3073A0BP,niger,inflation_glissement,2017,1.7
BCEAO/IMECO/HHHSR3073A0BP,niger,inflation_glissement,2018,1.6
BCEAO/IMECO/HHHSR3073A0BP,niger,inflation_glissement,2019,-2.3
BCEAO/IMECO/HHHSR3073A0BP,niger,inflation_glissement,2020,3.1
BCEAO/IMECO/HHHSR3073A0BP,niger,inflation_glissement,2021,4.9
BCEAO/IMECO/HHHSR3073A0BP,niger,inflation_glissement,2022,3.1
BCEAO/IMECO/HHHSR3073A0BP,niger,inflation_glissement,2023,7.2
BCEAO/IMECO/HHHSR3073A0BP,niger,inflation_glissement,2024,4.7
BCEAO/IMECO/KKKSR3073A0BP,senegal,inflation_glissement,1998,0.98
BCEAO/IMECO/KKKSR3073A0BP,senegal,inflation_glissement,1999,0.48
BCEAO/IMECO/KKKSR3073A0BP,senegal,inflation_glissement,2000,1.34
BCEAO/IMECO/KKKSR3073A0BP,senegal,inflation_glissement,2001,4.0
BCEAO/IMECO/KKKSR3073A0BP,senegal,inflation_glissement,2002,1.4
BCEAO/IMECO/KKKSR3073A0BP,senegal,inflation_glissement,2003,-1.5
BCEAO/IMECO/KKKSR3073A0BP,senegal,inflation_glissement,2004,1.7
BCEAO/IMECO/KKKSR3073A0BP,senegal,inflation_glissement,2005,1.39
BCEAO/IMECO/KKKSR3073A0BP,senegal,inflation_glissement,2006,3.99
BCEAO/IMECO/KKKSR3073A0BP,senegal,inflation_glissement,2007,6.14
BCEAO/IMECO/KKKSR3073A0BP,senegal,inflation_glissement,2008,4.97
BCEAO/IMECO/KKKSR3073A0BP,senegal,inflation_glissement,2009,-4.54
BCEAO/IMECO/KKKSR3073A0BP,senegal,inflation_glissement,2010,4.3
BCEAO/IMECO/KKKSR3073A0BP,senegal,inflation_glissement,2011,2.7
BCEAO/IMECO/KKKSR3073A0BP,senegal,inflation_glissement,2012,1.1
BCEAO/IMECO/KKKSR3073A0BP,senegal,inflation_glissement,2013,-0.1
BCEAO/IMECO/KKKSR3073A0BP,senegal,inflation_glissement,2014,-0.8
BCEAO/IMECO/KKKSR3073A0BP,senegal,inflation_glissement,2015,0.4
BCEAO/IMECO/KKKSR3073A0BP,senegal,inflation_glissement,2016,2.1
BCEAO/IMECO/KKKSR3073A0BP,senegal,inflation_glissement,2017,0.5
BCEAO/IMECO/KKKSR3073A0BP,senegal,inflation_glissement,2018,1.1
BCEAO/IMECO/KKKSR3073A0BP,senegal,inflation_glissement,2019,0.6
BCEAO/IMECO/KKKSR3073A0BP,senegal,inflation_glissement,2020,2.4
BCEAO/IMECO/KKKSR3073A0BP,senegal,inflation_glissement,2021,3.8
BCEAO/IMECO/KKKSR3073A0BP,senegal,inflation_glissement,2022,12.8
BCEAO/IMECO/KKKSR3073A0BP,senegal,inflation_glissement,2023,0.8
BCEAO/IMECO/KKKSR3073A0BP,senegal,inflation_glissement,2024,0.3
BCEAO/IMECO/TTTSR3073A0BP,togo,inflation_glissement,1998,-1.39
BCEAO/IMECO/TTTSR3073A0BP,togo,inflation_glissement,1999,4.52
BCEAO/IMECO/TTTSR3073A0BP,togo,inflation_glissement,2000,-2.49
BCEAO/IMECO/TTTSR3073A0BP,togo,inflation_glissement,2001,6.9
BCEAO/IMECO/TTTSR3073A0BP,togo,inflation_glissement,2002,1.6
BCEAO/IMECO/TTTSR3073A0BP,togo,inflation_glissement,2003,-1.7
BCEAO/IMECO/TTTSR3073A0BP,togo,inflation_glissement,2004,3.9
BCEAO/IMECO/TTTSR3073A0BP,togo,inflation_glissement,2005,5.47
BCEAO/IMECO/TTTSR3073A0BP,togo,inflation_glissement,2006,1.46
BCEAO/IMECO/TTTSR3073A0BP,togo,inflation_glissement,2007,3.42
BCEAO/IMECO/TTTSR3073A0BP,togo,inflation_glissement,2008,9.28
BCEAO/IMECO/TTTSR3073A0BP,togo,inflation_glissement,2009,1.51
BCEAO/IMECO/TTTSR3073A0BP,togo,inflation_glissement,2010,3.8
BCEAO/IMECO/TTTSR3073A0BP,togo,inflation_glissement,2011,1.5
BCEAO/IMECO/TTTSR3073A0BP,togo,inflation_glissement,2012,2.8
BCEAO/IMECO/TTTSR3073A0BP,togo,inflation_glissement,2013,-0.5
BCEAO/IMECO/TTTSR3073A0BP,togo,inflation_glissement,2014,1.8
BCEAO/IMECO/TTTSR3073A0BP,togo,inflation_glissement,2015,1.6
BCEAO/IMECO/TTTSR3073A0BP,togo,inflation_glissement,2016,0.4
BCEAO/IMECO/TTTSR3073A0BP,togo,inflation_glissement,2017,-0.7
BCEAO/IMECO/TTTSR3073A0BP,togo,inflation_glissement,2018,2.0
BCEAO/IMECO/TTTSR3073A0BP,togo,inflation_glissement,2019,-0.3
BCEAO/IMECO/TTTSR3073A0BP,togo,inflation_glissement,2020,3.6
BCEAO/IMECO/TTTSR3073A0BP,togo,inflation_glissement,2021,6.1
BCEAO/IMECO/TTTSR3073A0BP,togo,inflation_glissement,2022,7.7
BCEAO/IMECO/TTTSR3073A0BP,togo,inflation_glissement,2023,3.5
BCEAO/IMECO/TTTSR3073A0BP,togo,inflation_glissement,2024,1.2
BCEAO/IMECO/ZZZSR3073A0BP,uemoa,inflation_glissement,1998,1.96
BCEAO/IMECO/ZZZSR3073A0BP,uemoa,inflation_glissement,1999,0.57
BCEAO/IMECO/ZZZSR3073A0BP,uemoa,inflation_glissement,2000,3.09
BCEAO/IMECO/ZZZSR3073A0BP,uemoa,inflation_glissement,2001,4.2
BCEAO/IMECO/ZZZSR3073A0BP,uemoa,inflation_glissement,2002,2.9
BCEAO/IMECO/ZZZSR3073A0BP,uemoa,inflation_glissement,2003,-0.7
BCEAO/IMECO/ZZZSR3073A0BP,uemoa,inflation_glissement,2004,3.07
BCEAO/IMECO/ZZZSR3073A0BP,uemoa,inflation_glissement,2005,2.86
BCEAO/IMECO/ZZZSR3073A0BP,uemoa,inflation_glissement,2006,2.7
BCEAO/IMECO/ZZZSR3073A0BP,uemoa,inflation_glissement,2007,2.94
BCEAO/IMECO/ZZZSR3073A0BP,uemoa,inflation_glissement,2008,7.49
BCEAO/IMECO/ZZZSR3073A0BP,uemoa,inflation_glissement,2009,-1.0
BCEAO/IMECO/ZZZSR3073A0BP,uemoa,inflation_glissement,2010,3.9
BCEAO/IMECO/ZZZSR3073A0BP,uemoa,inflation_glissement,2011,2.5
BCEAO/IMECO/ZZZSR3073A0BP,uemoa,inflation_glissement,2012,2.8
BCEAO/IMECO/ZZZSR3073A0BP,uemoa,inflation_glissement,2013,0.0
BCEAO/IMECO/ZZZSR3073A0BP,uemoa,inflation_glissement,2014,0.4
BCEAO/IMECO/ZZZSR3073A0BP,uemoa,inflation_glissement,2015,1.3
BCEAO/IMECO/ZZZSR3073A0BP,uemoa,inflation_glissement,2016,-0.2
BCEAO/IMECO/ZZZSR3073A0BP,uemoa,inflation_glissement,2017,1.1
BCEAO/IMECO/ZZZSR3073A0BP,uemoa,inflation_glissement,2018,0.8
BCEAO/IMECO/ZZZSR3073A0BP,uemoa,inflation_glissement,2019,-0.5
BCEAO/IMECO/ZZZSR3073A0BP,uemoa,inflation_glissement,2020,2.2
BCEAO/IMECO/ZZZSR3073A0BP,uemoa,inflation_glissement,2021,6.0
BCEAO/IMECO/ZZZSR3073A0BP,uemoa,inflation_glissement,2022,7.1
BCEAO/IMECO/ZZZSR3073A0BP,uemoa,inflation_glissement,2023,2.5
BCEAO/IMECO/ZZZSR3073A0BP,uemoa,inflation_glissement,2024,2.6
BCEAO/IMECO/BBBFP1090A0AP,benin,solde_hors_dons_pib,2001,-1.89
BCEAO/IMECO/BBBFP1090A0AP,benin,solde_hors_dons_pib,2002,-2.23
BCEAO/IMECO/BBBFP1090A0AP,benin,solde_hors_dons_pib,2003,-3.01
BCEAO/IMECO/BBBFP1090A0AP,benin,solde_hors_dons_pib,2004,-2.39
BCEAO/IMECO/BBBFP1090A0AP,benin,solde_hors_dons_pib,2005,-3.06
BCEAO/IMECO/BBBFP1090A0AP,benin,solde_hors_dons_pib,2006,-1.82
BCEAO/IMECO/BBBFP1090A0AP,benin,solde_hors_dons_pib,2007,-1.18
BCEAO/IMECO/BBBFP1090A0AP,benin,solde_hors_dons_pib,2008,-2.37
BCEAO/IMECO/BBBFP1090A0AP,benin,solde_hors_dons_pib,2009,-5.01
BCEAO/IMECO/BBBFP1090A0AP,benin,solde_hors_dons_pib,2010,-2.1
BCEAO/IMECO/BBBFP1090A0AP,benin,solde_hors_dons_pib,2011,-2.7
BCEAO/IMECO/BBBFP1090A0AP,benin,solde_hors_dons_pib,2012,-1.6
BCEAO/IMECO/BBBFP1090A0AP,benin,solde_hors_dons_pib,2013,-2.5
BCEAO/IMECO/BBBFP1090A0AP,benin,solde_hors_dons_pib,2014,-2.1
BCEAO/IMECO/BBBFP1090A0AP,benin,solde_hors_dons_pib,2015,-6.3
BCEAO/IMECO/BBBFP1090A0AP,benin,solde_hors_dons_pib,2016,-4.9
BCEAO/IMECO/BBBFP1090A0AP,benin,solde_hors_dons_pib,2017,-5.1
BCEAO/IMECO/BBBFP1090A0AP,benin,solde_hors_dons_pib,2018,-3.5
BCEAO/IMECO/BBBFP1090A0AP,benin,solde_hors_dons_pib,2019,-1.7
BCEAO/IMECO/BBBFP1090A0AP,benin,solde_hors_dons_pib,2020,-6.4
BCEAO/IMECO/BBBFP1090A0AP,benin,solde_hors_dons_pib,2021,-6.7
BCEAO/IMECO/BBBFP1090A0AP,benin,solde_hors_dons_pib,2022,-6.0
BCEAO/IMECO/BBBFP1090A0AP,benin,solde_hors_dons_pib,2023,-4.9
BCEAO/IMECO/BBBFP1090A0AP,benin,solde_hors_dons_pib,2024,-4.4
BCEAO/IMECO/CCCFP1090A0AP,burkina,solde_hors_dons_pib,2001,-7.41
BCEAO/IMECO/CCCFP1090A0AP,burkina,solde_hors_dons_pib,2002,-9.84
BCEAO/IMECO/CCCFP1090A0AP,burkina,solde_hors_dons_pib,2003,-8.3
BCEAO/IMECO/CCCFP1090A0AP,burkina,solde_hors_dons_pib,2004,-8.55
BCEAO/IMECO/CCCFP1090A0AP,burkina,solde_hors_dons_pib,2005,-8.04
BCEAO/IMECO/CCCFP1090A0AP,burkina,solde_hors_dons_pib,2006,-9.97
BCEAO/IMECO/CCCFP1090A0AP,burkina,solde_hors_dons_pib,2007,-10.81
BCEAO/IMECO/CCCFP1090A0AP,burkina,solde_hors_dons_pib,2008,-7.3
BCEAO/IMECO/CCCFP1090A0AP,burkina,solde_hors_dons_pib,2009,-9.46
BCEAO/IMECO/CCCFP1090A0AP,burkina,solde_hors_dons_pib,2010,-7.9
BCEAO/IMECO/CCCFP1090A0AP,burkina,solde_hors_dons_pib,2011,-6.5
BCEAO/IMECO/CCCFP1090A0AP,burkina,solde_hors_dons_pib,2012,-7.1
BCEAO/IMECO/CCCFP1090A0AP,burkina,solde_hors_dons_pib,2013,-8.1
BCEAO/IMECO/CCCFP1090A0AP,burkina,solde_hors_dons_pib,2014,-5.4
BCEAO/IMECO/CCCFP1090A0AP,burkina,solde_hors_dons_pib,2015,-5.2
BCEAO/IMECO/CCCFP1090A0AP,burkina,solde_hors_dons_pib,2016,-5.3
BCEAO/IMECO/CCCFP1090A0AP,burkina,solde_hors_dons_pib,2017,-9.2
BCEAO/IMECO/CCCFP1090A0AP,burkina,solde_hors_dons_pib,2018,-6.8
BCEAO/IMECO/CCCFP1090A0AP,burkina,solde_hors_dons_pib,2019,-4.1
BCEAO/IMECO/CCCFP1090A0AP,burkina,solde_hors_dons_pib,2020,-8.6
BCEAO/IMECO/CCCFP1090A0AP,burkina,solde_hors_dons_pib,2021,-8.5
BCEAO/IMECO/CCCFP1090A0AP,burkina,solde_hors_dons_pib,2022,-12.9
BCEAO/IMECO/CCCFP1090A0AP,burkina,solde_hors_dons_pib,2023,-8.3
BCEAO/IMECO/CCCFP1090A0AP,burkina,solde_hors_dons_pib,2024,-6.5
BCEAO/IMECO/AAAFP1090A0AP,cote_ivoire,solde_hors_dons_pib,2001,0.26
BCEAO/IMECO/AAAFP1090A0AP,cote_ivoire,solde_hors_dons_pib,2002,-1.37
BCEAO/IMECO/AAAFP1090A0AP,cote_ivoire,solde_hors_dons_pib,2003,-2.11
BCEAO/IMECO/AAAFP1090A0AP,cote_ivoire,solde_hors_dons_pib,2004,-1.88
BCEAO/IMECO/AAAFP1090A0AP,cote_ivoire,solde_hors_dons_pib,2005,-1.95
BCEAO/IMECO/AAAFP1090A0AP,cote_ivoire,solde_hors_dons_pib,2006,-1.1
BCEAO/IMECO/AAAFP1090A0AP,cote_ivoire,solde_hors_dons_pib,2007,-0.98
BCEAO/IMECO/AAAFP1090A0AP,cote_ivoire,solde_hors_dons_pib,2008,-1.5
BCEAO/IMECO/AAAFP1090A0AP,cote_ivoire,solde_hors_dons_pib,2009,-1.46
BCEAO/IMECO/AAAFP1090A0AP,cote_ivoire,solde_hors_dons_pib,2010,-1.9
BCEAO/IMECO/AAAFP1090A0AP,cote_ivoire,solde_hors_dons_pib,2011,-3.1
BCEAO/IMECO/AAAFP1090A0AP,cote_ivoire,solde_hors_dons_pib,2012,-2.7
BCEAO/IMECO/AAAFP1090A0AP,cote_ivoire,solde_hors_dons_pib,2013,-2.6
BCEAO/IMECO/AAAFP1090A0AP,cote_ivoire,solde_hors_dons_pib,2014,-2.8
BCEAO/IMECO/AAAFP1090A0AP,cote_ivoire,solde_hors_dons_pib,2015,-3.1
BCEAO/IMECO/AAAFP1090A0AP,cote_ivoire,solde_hors_dons_pib,2016,-3.8
BCEAO/IMECO/AAAFP1090A0AP,cote_ivoire,solde_hors_dons_pib,2017,-4.1
BCEAO/IMECO/AAAFP1090A0AP,cote_ivoire,solde_hors_dons_pib,2018,-3.7
BCEAO/IMECO/AAAFP1090A0AP,cote_ivoire,solde_hors_dons_pib,2019,-3.0
BCEAO/IMECO/AAAFP1090A0AP,cote_ivoire,solde_hors_dons_pib,2020,-6.5
BCEAO/IMECO/AAAFP1090A0AP,cote_ivoire,solde_hors_dons_pib,2021,-5.3
BCEAO/IMECO/AAAFP1090A0AP,cote_ivoire,solde_hors_dons_pib,2022,-7.4
BCEAO/IMECO/AAAFP1090A0AP,cote_ivoire,solde_hors_dons_pib,2023,-5.9
BCEAO/IMECO/AAAFP1090A0AP,cote_ivoire,solde_hors_dons_pib,2024,-4.5
BCEAO/IMECO/SSSFP1090A0AP,guinee_bissau,solde_hors_dons_pib,2001,-11.62
BCEAO/IMECO/SSSFP1090A0AP,guinee_bissau,solde_hors_dons_pib,2002,-7.63
BCEAO/IMECO/SSSFP1090A0AP,guinee_bissau,solde_hors_dons_pib,2003,-11.59
BCEAO/IMECO/SSSFP1090A0AP,guinee_bissau,solde_hors_dons_pib,2004,-16.58
BCEAO/IMECO/SSSFP1090A0AP,guinee_bissau,solde_hors_dons_pib,2005,-11.59
BCEAO/IMECO/SSSFP1090A0AP,guinee_bissau,solde_hors_dons_pib,2006,-8.2
BCEAO/IMECO/SSSFP1090A0AP,guinee_bissau,solde_hors_dons_pib,2007,-9.88
BCEAO/IMECO/SSSFP1090A0AP,guinee_bissau,solde_hors_dons_pib,2008,-10.87
BCEAO/IMECO/SSSFP1090A0AP,guinee_bissau,solde_hors_dons_pib,2009,-12.25
BCEAO/IMECO/SSSFP1090A0AP,guinee_bissau,solde_hors_dons_pib,2010,-9.9
BCEAO/IMECO/SSSFP1090A0AP,guinee_bissau,solde_hors_dons_pib,2011,-5.2
BCEAO/IMECO/SSSFP1090A0AP,guinee_bissau,solde_hors_dons_pib,2012,-7.2
BCEAO/IMECO/SSSFP1090A0AP,guinee_bissau,solde_hors_dons_pib,2013,-6.5
BCEAO/IMECO/SSSFP1090A0AP,guinee_bissau,solde_hors_dons_pib,2014,-10.1
BCEAO/IMECO/SSSFP1090A0AP,guinee_bissau,solde_hors_dons_pib,2015,-13.4
BCEAO/IMECO/SSSFP1090A0AP,guinee_bissau,solde_hors_dons_pib,2016,-9.2
BCEAO/IMECO/SSSFP1090A0AP,guinee_bissau,solde_hors_dons_pib,2017,-6.4
BCEAO/IMECO/SSSFP1090A0AP,guinee_bissau,solde_hors_dons_pib,2018,-7.9
BCEAO/IMECO/SSSFP1090A0AP,guinee_bissau,solde_hors_dons_pib,2019,-7.2
BCEAO/IMECO/SSSFP1090A0AP,guinee_bissau,solde_hors_dons_pib,2020,-12.4
BCEAO/IMECO/SSSFP1090A0AP,guinee_bissau,solde_hors_dons_pib,2021,-10.7
BCEAO/IMECO/SSSFP1090A0AP,guinee_bissau,solde_hors_dons_pib,2022,-9.9
BCEAO/IMECO/SSSFP1090A0AP,guinee_bissau,solde_hors_dons_pib,2023,-10.6
BCEAO/IMECO/SSSFP1090A0AP,guinee_bissau,solde_hors_dons_pib,2024,-8.6
BCEAO/IMECO/DDDFP1090A0AP,mali,solde_hors_dons_pib,2001,-8.36
BCEAO/IMECO/DDDFP1090A0AP,mali,solde_hors_dons_pib,2002,-6.26
BCEAO/IMECO/DDDFP1090A0AP,mali,solde_hors_dons_pib,2003,-4.74
BCEAO/IMECO/DDDFP1090A0AP,mali,solde_hors_dons_pib,2004,-6.39
BCEAO/IMECO/DDDFP1090A0AP,mali,solde_hors_dons_pib,2005,-6.41
BCEAO/IMECO/DDDFP1090A0AP,mali,solde_hors_dons_pib,2006,-6.71
BCEAO/IMECO/DDDFP1090A0AP,mali,solde_hors_dons_pib,2007,-6.9
BCEAO/IMECO/DDDFP1090A0AP,mali,solde_hors_dons_pib,2008,-5.06
BCEAO/IMECO/DDDFP1090A0AP,mali,solde_hors_dons_pib,2009,-7.75
BCEAO/IMECO/DDDFP1090A0AP,mali,solde_hors_dons_pib,2010,-4.9
BCEAO/IMECO/DDDFP1090A0AP,mali,solde_hors_dons_pib,2011,-6.6
BCEAO/IMECO/DDDFP1090A0AP,mali,solde_hors_dons_pib,2012,-1.3
BCEAO/IMECO/DDDFP1090A0AP,mali,solde_hors_dons_pib,2013,-5.2
BCEAO/IMECO/DDDFP1090A0AP,mali,solde_hors_dons_pib,2014,-5.1
BCEAO/IMECO/DDDFP1090A0AP,mali,solde_hors_dons_pib,2015,-4.5
BCEAO/IMECO/DDDFP1090A0AP,mali,solde_hors_dons_pib,2016,-4.6
BCEAO/IMECO/DDDFP1090A0AP,mali,solde_hors_dons_pib,2017,-3.8
BCEAO/IMECO/DDDFP1090A0AP,mali,solde_hors_dons_pib,2018,-5.0
BCEAO/IMECO/DDDFP1090A0AP,mali,solde_hors_dons_pib,2019,-3.0
BCEAO/IMECO/DDDFP1090A0AP,mali,solde_hors_dons_pib,2020,-5.6
BCEAO/IMECO/DDDFP1090A0AP,mali,solde_hors_dons_pib,2021,-4.6
BCEAO/IMECO/DDDFP1090A0AP,mali,solde_hors_dons_pib,2022,-4.4
BCEAO/IMECO/DDDFP1090A0AP,mali,solde_hors_dons_pib,2023,-3.7
BCEAO/IMECO/DDDFP1090A0AP,mali,solde_hors_dons_pib,2024,-2.4
BCEAO/IMECO/HHHFP1090A0AP,niger,solde_hors_dons_pib,2001,-6.19
BCEAO/IMECO/HHHFP1090A0AP,niger,solde_hors_dons_pib,2002,-5.94
BCEAO/IMECO/HHHFP1090A0AP,niger,solde_hors_dons_pib,2003,-5.77
BCEAO/IMECO/HHHFP1090A0AP,niger,solde_hors_dons_pib,2004,-6.88
BCEAO/IMECO/HHHFP1090A0AP,niger,solde_hors_dons_pib,2005,-7.0
BCEAO/IMECO/HHHFP1090A0AP,niger,solde_hors_dons_pib,2006,-4.98
BCEAO/IMECO/HHHFP1090A0AP,niger,solde_hors_dons_pib,2007,-4.98
BCEAO/IMECO/HHHFP1090A0AP,niger,solde_hors_dons_pib,2008,-4.03
BCEAO/IMECO/HHHFP1090A0AP,niger,solde_hors_dons_pib,2009,-7.93
BCEAO/IMECO/HHHFP1090A0AP,niger,solde_hors_dons_pib,2010,-5.3
BCEAO/IMECO/HHHFP1090A0AP,niger,solde_hors_dons_pib,2011,-4.3
BCEAO/IMECO/HHHFP1090A0AP,niger,solde_hors_dons_pib,2012,-5.5
BCEAO/IMECO/HHHFP1090A0AP,niger,solde_hors_dons_pib,2013,-8.0
BCEAO/IMECO/HHHFP1090A0AP,niger,solde_hors_dons_pib,2014,-10.2
BCEAO/IMECO/HHHFP1090A0AP,niger,solde_hors_dons_pib,2015,-10.9
BCEAO/IMECO/HHHFP1090A0AP,niger,solde_hors_dons_pib,2016,-8.8
BCEAO/IMECO/HHHFP1090A0AP,niger,solde_hors_dons_pib,2017,-9.0
BCEAO/IMECO/HHHFP1090A0AP,niger,solde_hors_dons_pib,2018,-9.0
BCEAO/IMECO/HHHFP1090A0AP,niger,solde_hors_dons_pib,2019,-10.4
BCEAO/IMECO/HHHFP1090A0AP,niger,solde_hors_dons_pib,2020,-12.1
BCEAO/IMECO/HHHFP1090A0AP,niger,solde_hors_dons_pib,2021,-13.4
BCEAO/IMECO/HHHFP1090A0AP,niger,solde_hors_dons_pib,2022,-11.5
BCEAO/IMECO/HHHFP1090A0AP,niger,solde_hors_dons_pib,2023,-7.2
BCEAO/IMECO/HHHFP1090A0AP,niger,solde_hors_dons_pib,2024,-6.7
BCEAO/IMECO/KKKFP1090A0AP,senegal,solde_hors_dons_pib,2001,-2.73
BCEAO/IMECO/KKKFP1090A0AP,senegal,solde_hors_dons_pib,2002,-1.35
BCEAO/IMECO/KKKFP1090A0AP,senegal,solde_hors_dons_pib,2003,-2.55
BCEAO/IMECO/KKKFP1090A0AP,senegal,solde_hors_dons_pib,2004,-4.35
BCEAO/IMECO/KKKFP1090A0AP,senegal,solde_hors_dons_pib,2005,-3.64
BCEAO/IMECO/KKKFP1090A0AP,senegal,solde_hors_dons_pib,2006,-5.76
BCEAO/IMECO/KKKFP1090A0AP,senegal,solde_hors_dons_pib,2007,-4.75
BCEAO/IMECO/KKKFP1090A0AP,senegal,solde_hors_dons_pib,2008,-5.5
BCEAO/IMECO/KKKFP1090A0AP,senegal,solde_hors_dons_pib,2009,-6.28
BCEAO/IMECO/KKKFP1090A0AP,senegal,solde_hors_dons_pib,2010,-6.2
BCEAO/IMECO/KKKFP1090A0AP,senegal,solde_hors_dons_pib,2011,-7.2
BCEAO/IMECO/KKKFP1090A0AP,senegal,solde_hors_dons_pib,2012,-6.9
BCEAO/IMECO/KKKFP1090A0AP,senegal,solde_hors_dons_pib,2013,-6.3
BCEAO/IMECO/KKKFP1090A0AP,senegal,solde_hors_dons_pib,2014,-6.6
BCEAO/IMECO/KKKFP1090A0AP,senegal,solde_hors_dons_pib,2015,-5.9
BCEAO/IMECO/KKKFP1090A0AP,senegal,solde_hors_dons_pib,2016,-5.4
BCEAO/IMECO/KKKFP1090A0AP,senegal,solde_hors_dons_pib,2017,-5.1
BCEAO/IMECO/KKKFP1090A0AP,senegal,solde_hors_dons_pib,2018,-5.7
BCEAO/IMECO/KKKFP1090A0AP,senegal,solde_hors_dons_pib,2019,-10.4
BCEAO/IMECO/KKKFP1090A0AP,senegal,solde_hors_dons_pib,2020,-12.8
BCEAO/IMECO/KKKFP1090A0AP,senegal,solde_hors_dons_pib,2021,-11.0
BCEAO/IMECO/KKKFP1090A0AP,senegal,solde_hors_dons_pib,2022,-13.6
BCEAO/IMECO/KKKFP1090A0AP,senegal,solde_hors_dons_pib,2023,-13.3
BCEAO/IMECO/KKKFP1090A0AP,senegal,solde_hors_dons_pib,2024,-11.4
BCEAO/IMECO/TTTFP1090A0AP,togo,solde_hors_dons_pib,2001,-1.6
BCEAO/IMECO/TTTFP1090A0AP,togo,solde_hors_dons_pib,2002,-0.63
BCEAO/IMECO/TTTFP1090A0AP,togo,solde_hors_dons_pib,2003,0.66
BCEAO/IMECO/TTTFP1090A0AP,togo,solde_hors_dons_pib,2004,0.35
BCEAO/IMECO/TTTFP1090A0AP,togo,solde_hors_dons_pib,2005,-2.65
BCEAO/IMECO/TTTFP1090A0AP,togo,solde_hors_dons_pib,2006,-2.78
BCEAO/IMECO/TTTFP1090A0AP,togo,solde_hors_dons_pib,2007,-1.57
BCEAO/IMECO/TTTFP1090A0AP,togo,solde_hors_dons_pib,2008,-1.6
BCEAO/IMECO/TTTFP1090A0AP,togo,solde_hors_dons_pib,2009,-3.33
BCEAO/IMECO/TTTFP1090A0AP,togo,solde_hors_dons_pib,2010,-2.5
BCEAO/IMECO/TTTFP1090A0AP,togo,solde_hors_dons_pib,2011,-4.1
BCEAO/IMECO/TTTFP1090A0AP,togo,solde_hors_dons_pib,2012,-5.9
BCEAO/IMECO/TTTFP1090A0AP,togo,solde_hors_dons_pib,2013,-5.6
BCEAO/IMECO/TTTFP1090A0AP,togo,solde_hors_dons_pib,2014,-3.8
BCEAO/IMECO/TTTFP1090A0AP,togo,solde_hors_dons_pib,2015,-6.2
BCEAO/IMECO/TTTFP1090A0AP,togo,solde_hors_dons_pib,2016,-8.2
BCEAO/IMECO/TTTFP1090A0AP,togo,solde_hors_dons_pib,2017,-2.6
BCEAO/IMECO/TTTFP1090A0AP,togo,solde_hors_dons_pib,2018,-3.3
BCEAO/IMECO/TTTFP1090A0AP,togo,solde_hors_dons_pib,2019,-1.3
BCEAO/IMECO/TTTFP1090A0AP,togo,solde_hors_dons_pib,2020,-9.5
BCEAO/IMECO/TTTFP1090A0AP,togo,solde_hors_dons_pib,2021,-6.5
BCEAO/IMECO/TTTFP1090A0AP,togo,solde_hors_dons_pib,2022,-10.8
BCEAO/IMECO/TTTFP1090A0AP,togo,solde_hors_dons_pib,2023,-9.6
BCEAO/IMECO/TTTFP1090A0AP,togo,solde_hors_dons_pib,2024,-8.5
BCEAO/IMECO/ZZZFP1090A0AP,uemoa,solde_hors_dons_pib,2001,-2.43
BCEAO/IMECO/ZZZFP1090A0AP,uemoa,solde_hors_dons_pib,2002,-2.9
BCEAO/IMECO/ZZZFP1090A0AP,uemoa,solde_hors_dons_pib,2003,-3.18
BCEAO/IMECO/ZZZFP1090A0AP,uemoa,solde_hors_dons_pib,2004,-3.65
BCEAO/IMECO/ZZZFP1090A0AP,uemoa,solde_hors_dons_pib,2005,-3.83
BCEAO/IMECO/ZZZFP1090A0AP,uemoa,solde_hors_dons_pib,2006,-3.7
BCEAO/IMECO/ZZZFP1090A0AP,uemoa,solde_hors_dons_pib,2007,-3.5
BCEAO/IMECO/ZZZFP1090A0AP,uemoa,solde_hors_dons_pib,2008,-3.59
BCEAO/IMECO/ZZZFP1090A0AP,uemoa,solde_hors_dons_pib,2009,-4.91
BCEAO/IMECO/ZZZFP1090A0AP,uemoa,solde_hors_dons_pib,2010,-4.0
BCEAO/IMECO/ZZZFP1090A0AP,uemoa,solde_hors_dons_pib,2011,-4.8
BCEAO/IMECO/ZZZFP1090A0AP,uemoa,solde_hors_dons_pib,2012,-4.1
BCEAO/IMECO/ZZZFP1090A0AP,uemoa,solde_hors_dons_pib,2013,-4.7
BCEAO/IMECO/ZZZFP1090A0AP,uemoa,solde_hors_dons_pib,2014,-4.6
BCEAO/IMECO/ZZZFP1090A0AP,uemoa,solde_hors_dons_pib,2015,-5.1
BCEAO/IMECO/ZZZFP1090A0AP,uemoa,solde_hors_dons_pib,2016,-5.1
BCEAO/IMECO/ZZZFP1090A0AP,uemoa,solde_hors_dons_pib,2017,-5.2
BCEAO/IMECO/ZZZFP1090A0AP,uemoa,solde_hors_dons_pib,2018,-4.9
BCEAO/IMECO/ZZZFP1090A0AP,uemoa,solde_hors_dons_pib,2019,-4.7
BCEAO/IMECO/ZZZFP1090A0AP,uemoa,solde_hors_dons_pib,2020,-8.2
BCEAO/IMECO/ZZZFP1090A0AP,uemoa,solde_hors_dons_pib,2021,-7.3
BCEAO/IMECO/ZZZFP1090A0AP,uemoa,solde_hors_dons_pib,2022,-8.9
BCEAO/IMECO/ZZZFP1090A0AP,uemoa,solde_hors_dons_pib,2023,-7.2
BCEAO/IMECO/ZZZFP1090A0AP,uemoa,solde_hors_dons_pib,2024,-5.9
BCEAO/IMECO/BBBFP1093A0AP,benin,depenses_courantes_pib,2001,8.63
BCEAO/IMECO/BBBFP1093A0AP,benin,depenses_courantes_pib,2002,8.91
BCEAO/IMECO/BBBFP1093A0AP,benin,depenses_courantes_pib,2003,9.46
BCEAO/IMECO/BBBFP1093A0AP,benin,depenses_courantes_pib,2004,9.12
BCEAO/IMECO/BBBFP1093A0AP,benin,depenses_courantes_pib,2005,9.99
BCEAO/IMECO/BBBFP1093A0AP,benin,depenses_courantes_pib,2006,10.05
BCEAO/IMECO/BBBFP1093A0AP,benin,depenses_courantes_pib,2007,10.12
BCEAO/IMECO/BBBFP1093A0AP,benin,depenses_courantes_pib,2008,10.66
BCEAO/IMECO/BBBFP1093A0AP,benin,depenses_courantes_pib,2009,10.71
BCEAO/IMECO/BBBFP1093A0AP,benin,depenses_courantes_pib,2010,10.7
BCEAO/IMECO/BBBFP1093A0AP,benin,depenses_courantes_pib,2011,10.2
BCEAO/IMECO/BBBFP1093A0AP,benin,depenses_courantes_pib,2012,10.4
BCEAO/IMECO/BBBFP1093A0AP,benin,depenses_courantes_pib,2013,10.2
BCEAO/IMECO/BBBFP1093A0AP,benin,depenses_courantes_pib,2014,10.4
BCEAO/IMECO/BBBFP1093A0AP,benin,depenses_courantes_pib,2015,12.6
BCEAO/IMECO/BBBFP1093A0AP,benin,depenses_courantes_pib,2016,11.2
BCEAO/IMECO/BBBFP1093A0AP,benin,depenses_courantes_pib,2017,11.1
BCEAO/IMECO/BBBFP1093A0AP,benin,depenses_courantes_pib,2018,10.8
BCEAO/IMECO/BBBFP1093A0AP,benin,depenses_courantes_pib,2019,10.7
BCEAO/IMECO/BBBFP1093A0AP,benin,depenses_courantes_pib,2020,12.2
BCEAO/IMECO/BBBFP1093A0AP,benin,depenses_courantes_pib,2021,11.7
BCEAO/IMECO/BBBFP1093A0AP,benin,depenses_courantes_pib,2022,11.0
BCEAO/IMECO/BBBFP1093A0AP,benin,depenses_courantes_pib,2023,10.7
BCEAO/IMECO/BBBFP1093A0AP,benin,depenses_courantes_pib,2024,11.1
BCEAO/IMECO/CCCFP1093A0AP,burkina,depenses_courantes_pib,2001,9.21
BCEAO/IMECO/CCCFP1093A0AP,burkina,depenses_courantes_pib,2002,10.25
BCEAO/IMECO/CCCFP1093A0AP,burkina,depenses_courantes_pib,2003,9.44
BCEAO/IMECO/CCCFP1093A0AP,burkina,depenses_courantes_pib,2004,10.21
BCEAO/IMECO/CCCFP1093A0AP,burkina,depenses_courantes_pib,2005,10.18
BCEAO/IMECO/CCCFP1093A0AP,burkina,depenses_courantes_pib,2006,11.29
BCEAO/IMECO/CCCFP1093A0AP,burkina,depenses_courantes_pib,2007,12.34
BCEAO/IMECO/CCCFP1093A0AP,burkina,depenses_courantes_pib,2008,10.8
BCEAO/IMECO/CCCFP1093A0AP,burkina,depenses_courantes_pib,2009,11.23
BCEAO/IMECO/CCCFP1093A0AP,burkina,depenses_courantes_pib,2010,10.6
BCEAO/IMECO/CCCFP1093A0AP,burkina,depenses_courantes_pib,2011,11.0
BCEAO/IMECO/CCCFP1093A0AP,burkina,depenses_courantes_pib,2012,12.9
BCEAO/IMECO/CCCFP1093A0AP,burkina,depenses_courantes_pib,2013,12.3
BCEAO/IMECO/CCCFP1093A0AP,burkina,depenses_courantes_pib,2014,12.9
BCEAO/IMECO/CCCFP1093A0AP,burkina,depenses_courantes_pib,2015,13.2
BCEAO/IMECO/CCCFP1093A0AP,burkina,depenses_courantes_pib,2016,14.7
BCEAO/IMECO/CCCFP1093A0AP,burkina,depenses_courantes_pib,2017,16.1
BCEAO/IMECO/CCCFP1093A0AP,burkina,depenses_courantes_pib,2018,15.7
BCEAO/IMECO/CCCFP1093A0AP,burkina,depenses_courantes_pib,2019,17.6
BCEAO/IMECO/CCCFP1093A0AP,burkina,depenses_courantes_pib,2020,17.3
BCEAO/IMECO/CCCFP1093A0AP,burkina,depenses_courantes_pib,2021,17.3
BCEAO/IMECO/CCCFP1093A0AP,burkina,depenses_courantes_pib,2022,21.5
BCEAO/IMECO/CCCFP1093A0AP,burkina,depenses_courantes_pib,2023,17.7
BCEAO/IMECO/CCCFP1093A0AP,burkina,depenses_courantes_pib,2024,17.3
BCEAO/IMECO/AAAFP1093A0AP,cote_ivoire,depenses_courantes_pib,2001,10.14
BCEAO/IMECO/AAAFP1093A0AP,cote_ivoire,depenses_courantes_pib,2002,10.57
BCEAO/IMECO/AAAFP1093A0AP,cote_ivoire,depenses_courantes_pib,2003,10.48
BCEAO/IMECO/AAAFP1093A0AP,cote_ivoire,depenses_courantes_pib,2004,10.74
BCEAO/IMECO/AAAFP1093A0AP,cote_ivoire,depenses_courantes_pib,2005,11.09
BCEAO/IMECO/AAAFP1093A0AP,cote_ivoire,depenses_courantes_pib,2006,10.8
BCEAO/IMECO/AAAFP1093A0AP,cote_ivoire,depenses_courantes_pib,2007,11.62
BCEAO/IMECO/AAAFP1093A0AP,cote_ivoire,depenses_courantes_pib,2008,11.62
BCEAO/IMECO/AAAFP1093A0AP,cote_ivoire,depenses_courantes_pib,2009,11.71
BCEAO/IMECO/AAAFP1093A0AP,cote_ivoire,depenses_courantes_pib,2010,12.2
BCEAO/IMECO/AAAFP1093A0AP,cote_ivoire,depenses_courantes_pib,2011,11.1
BCEAO/IMECO/AAAFP1093A0AP,cote_ivoire,depenses_courantes_pib,2012,12.8
BCEAO/IMECO/AAAFP1093A0AP,cote_ivoire,depenses_courantes_pib,2013,11.4
BCEAO/IMECO/AAAFP1093A0AP,cote_ivoire,depenses_courantes_pib,2014,11.0
BCEAO/IMECO/AAAFP1093A0AP,cote_ivoire,depenses_courantes_pib,2015,11.8
BCEAO/IMECO/AAAFP1093A0AP,cote_ivoire,depenses_courantes_pib,2016,12.3
BCEAO/IMECO/AAAFP1093A0AP,cote_ivoire,depenses_courantes_pib,2017,12.1
BCEAO/IMECO/AAAFP1093A0AP,cote_ivoire,depenses_courantes_pib,2018,11.9
BCEAO/IMECO/AAAFP1093A0AP,cote_ivoire,depenses_courantes_pib,2019,11.7
BCEAO/IMECO/AAAFP1093A0AP,cote_ivoire,depenses_courantes_pib,2020,13.5
BCEAO/IMECO/AAAFP1093A0AP,cote_ivoire,depenses_courantes_pib,2021,13.5
BCEAO/IMECO/AAAFP1093A0AP,cote_ivoire,depenses_courantes_pib,2022,13.1
BCEAO/IMECO/AAAFP1093A0AP,cote_ivoire,depenses_courantes_pib,2023,13.0
BCEAO/IMECO/AAAFP1093A0AP,cote_ivoire,depenses_courantes_pib,2024,12.4
BCEAO/IMECO/SSSFP1093A0AP,guinee_bissau,depenses_courantes_pib,2001,13.6
BCEAO/IMECO/SSSFP1093A0AP,guinee_bissau,depenses_courantes_pib,2002,10.41
BCEAO/IMECO/SSSFP1093A0AP,guinee_bissau,depenses_courantes_pib,2003,12.46
BCEAO/IMECO/SSSFP1093A0AP,guinee_bissau,depenses_courantes_pib,2004,15.34
BCEAO/IMECO/SSSFP1093A0AP,guinee_bissau,depenses_courantes_pib,2005,13.04
BCEAO/IMECO/SSSFP1093A0AP,guinee_bissau,depenses_courantes_pib,2006,11.76
BCEAO/IMECO/SSSFP1093A0AP,guinee_bissau,depenses_courantes_pib,2007,10.6
BCEAO/IMECO/SSSFP1093A0AP,guinee_bissau,depenses_courantes_pib,2008,12.59
BCEAO/IMECO/SSSFP1093A0AP,guinee_bissau,depenses_courantes_pib,2009,10.89
BCEAO/IMECO/SSSFP1093A0AP,guinee_bissau,depenses_courantes_pib,2010,10.8
BCEAO/IMECO/SSSFP1093A0AP,guinee_bissau,depenses_courantes_pib,2011,10.1
BCEAO/IMECO/SSSFP1093A0AP,guinee_bissau,depenses_courantes_pib,2012,11.7
BCEAO/IMECO/SSSFP1093A0AP,guinee_bissau,depenses_courantes_pib,2013,9.2
BCEAO/IMECO/SSSFP1093A0AP,guinee_bissau,depenses_courantes_pib,2014,13.9
BCEAO/IMECO/SSSFP1093A0AP,guinee_bissau,depenses_courantes_pib,2015,13.6
BCEAO/IMECO/SSSFP1093A0AP,guinee_bissau,depenses_courantes_pib,2016,13.5
BCEAO/IMECO/SSSFP1093A0AP,guinee_bissau,depenses_courantes_pib,2017,11.8
BCEAO/IMECO/SSSFP1093A0AP,guinee_bissau,depenses_courantes_pib,2018,12.2
BCEAO/IMECO/SSSFP1093A0AP,guinee_bissau,depenses_courantes_pib,2019,14.4
BCEAO/IMECO/SSSFP1093A0AP,guinee_bissau,depenses_courantes_pib,2020,15.3
BCEAO/IMECO/SSSFP1093A0AP,guinee_bissau,depenses_courantes_pib,2021,14.9
BCEAO/IMECO/SSSFP1093A0AP,guinee_bissau,depenses_courantes_pib,2022,14.6
BCEAO/IMECO/SSSFP1093A0AP,guinee_bissau,depenses_courantes_pib,2023,15.5
BCEAO/IMECO/SSSFP1093A0AP,guinee_bissau,depenses_courantes_pib,2024,13.9
BCEAO/IMECO/DDDFP1093A0AP,mali,depenses_courantes_pib,2001,10.97
BCEAO/IMECO/DDDFP1093A0AP,mali,depenses_courantes_pib,2002,11.39
BCEAO/IMECO/DDDFP1093A0AP,mali,depenses_courantes_pib,2003,11.66
BCEAO/IMECO/DDDFP1093A0AP,mali,depenses_courantes_pib,2004,11.95
BCEAO/IMECO/DDDFP1093A0AP,mali,depenses_courantes_pib,2005,11.41
BCEAO/IMECO/DDDFP1093A0AP,mali,depenses_courantes_pib,2006,11.41
BCEAO/IMECO/DDDFP1093A0AP,mali,depenses_courantes_pib,2007,11.2
BCEAO/IMECO/DDDFP1093A0AP,mali,depenses_courantes_pib,2008,10.51
BCEAO/IMECO/DDDFP1093A0AP,mali,depenses_courantes_pib,2009,11.42
BCEAO/IMECO/DDDFP1093A0AP,mali,depenses_courantes_pib,2010,11.4
BCEAO/IMECO/DDDFP1093A0AP,mali,depenses_courantes_pib,2011,11.7
BCEAO/IMECO/DDDFP1093A0AP,mali,depenses_courantes_pib,2012,11.3
BCEAO/IMECO/DDDFP1093A0AP,mali,depenses_courantes_pib,2013,12.2
BCEAO/IMECO/DDDFP1093A0AP,mali,depenses_courantes_pib,2014,12.0
BCEAO/IMECO/DDDFP1093A0AP,mali,depenses_courantes_pib,2015,11.9
BCEAO/IMECO/DDDFP1093A0AP,mali,depenses_courantes_pib,2016,10.2
BCEAO/IMECO/DDDFP1093A0AP,mali,depenses_courantes_pib,2017,10.4
BCEAO/IMECO/DDDFP1093A0AP,mali,depenses_courantes_pib,2018,10.1
BCEAO/IMECO/DDDFP1093A0AP,mali,depenses_courantes_pib,2019,10.7
BCEAO/IMECO/DDDFP1093A0AP,mali,depenses_courantes_pib,2020,13.2
BCEAO/IMECO/DDDFP1093A0AP,mali,depenses_courantes_pib,2021,13.2
BCEAO/IMECO/DDDFP1093A0AP,mali,depenses_courantes_pib,2022,13.2
BCEAO/IMECO/DDDFP1093A0AP,mali,depenses_courantes_pib,2023,14.1
BCEAO/IMECO/DDDFP1093A0AP,mali,depenses_courantes_pib,2024,14.0
BCEAO/IMECO/HHHFP1093A0AP,niger,depenses_courantes_pib,2001,8.14
BCEAO/IMECO/HHHFP1093A0AP,niger,depenses_courantes_pib,2002,7.81
BCEAO/IMECO/HHHFP1093A0AP,niger,depenses_courantes_pib,2003,7.35
BCEAO/IMECO/HHHFP1093A0AP,niger,depenses_courantes_pib,2004,7.72
BCEAO/IMECO/HHHFP1093A0AP,niger,depenses_courantes_pib,2005,6.14
BCEAO/IMECO/HHHFP1093A0AP,niger,depenses_courantes_pib,2006,6.31
BCEAO/IMECO/HHHFP1093A0AP,niger,depenses_courantes_pib,2007,7.22
BCEAO/IMECO/HHHFP1093A0AP,niger,depenses_courantes_pib,2008,7.79
BCEAO/IMECO/HHHFP1093A0AP,niger,depenses_courantes_pib,2009,8.09
BCEAO/IMECO/HHHFP1093A0AP,niger,depenses_courantes_pib,2010,9.2
BCEAO/IMECO/HHHFP1093A0AP,niger,depenses_courantes_pib,2011,8.4
BCEAO/IMECO/HHHFP1093A0AP,niger,depenses_courantes_pib,2012,8.4
BCEAO/IMECO/HHHFP1093A0AP,niger,depenses_courantes_pib,2013,9.9
BCEAO/IMECO/HHHFP1093A0AP,niger,depenses_courantes_pib,2014,10.8
BCEAO/IMECO/HHHFP1093A0AP,niger,depenses_courantes_pib,2015,11.2
BCEAO/IMECO/HHHFP1093A0AP,niger,depenses_courantes_pib,2016,9.9
BCEAO/IMECO/HHHFP1093A0AP,niger,depenses_courantes_pib,2017,9.9
BCEAO/IMECO/HHHFP1093A0AP,niger,depenses_courantes_pib,2018,9.7
BCEAO/IMECO/HHHFP1093A0AP,niger,depenses_courantes_pib,2019,9.1
BCEAO/IMECO/HHHFP1093A0AP,niger,depenses_courantes_pib,2020,9.9
BCEAO/IMECO/HHHFP1093A0AP,niger,depenses_courantes_pib,2021,10.5
BCEAO/IMECO/HHHFP1093A0AP,niger,depenses_courantes_pib,2022,9.9
BCEAO/IMECO/HHHFP1093A0AP,niger,depenses_courantes_pib,2023,9.3
BCEAO/IMECO/HHHFP1093A0AP,niger,depenses_courantes_pib,2024,8.1
BCEAO/IMECO/KKKFP1093A0AP,senegal,depenses_courantes_pib,2001,10.84
BCEAO/IMECO/KKKFP1093A0AP,senegal,depenses_courantes_pib,2002,9.84
BCEAO/IMECO/KKKFP1093A0AP,senegal,depenses_courantes_pib,2003,10.41
BCEAO/IMECO/KKKFP1093A0AP,senegal,depenses_courantes_pib,2004,10.64
BCEAO/IMECO/KKKFP1093A0AP,senegal,depenses_courantes_pib,2005,10.84
BCEAO/IMECO/KKKFP1093A0AP,senegal,depenses_courantes_pib,2006,13.52
BCEAO/IMECO/KKKFP1093A0AP,senegal,depenses_courantes_pib,2007,12.91
BCEAO/IMECO/KKKFP1093A0AP,senegal,depenses_courantes_pib,2008,13.02
BCEAO/IMECO/KKKFP1093A0AP,senegal,depenses_courantes_pib,2009,13.14
BCEAO/IMECO/KKKFP1093A0AP,senegal,depenses_courantes_pib,2010,12.5
BCEAO/IMECO/KKKFP1093A0AP,senegal,depenses_courantes_pib,2011,14.7
BCEAO/IMECO/KKKFP1093A0AP,senegal,depenses_courantes_pib,2012,13.9
BCEAO/IMECO/KKKFP1093A0AP,senegal,depenses_courantes_pib,2013,13.5
BCEAO/IMECO/KKKFP1093A0AP,senegal,depenses_courantes_pib,2014,14.4
BCEAO/IMECO/KKKFP1093A0AP,senegal,depenses_courantes_pib,2015,14.3
BCEAO/IMECO/KKKFP1093A0AP,senegal,depenses_courantes_pib,2016,14.3
BCEAO/IMECO/KKKFP1093A0AP,senegal,depenses_courantes_pib,2017,13.6
BCEAO/IMECO/KKKFP1093A0AP,senegal,depenses_courantes_pib,2018,14.6
BCEAO/IMECO/KKKFP1093A0AP,senegal,depenses_courantes_pib,2019,17.2
BCEAO/IMECO/KKKFP1093A0AP,senegal,depenses_courantes_pib,2020,18.5
BCEAO/IMECO/KKKFP1093A0AP,senegal,depenses_courantes_pib,2021,17.6
BCEAO/IMECO/KKKFP1093A0AP,senegal,depenses_courantes_pib,2022,20.6
BCEAO/IMECO/KKKFP1093A0AP,senegal,depenses_courantes_pib,2023,21.7
BCEAO/IMECO/KKKFP1093A0AP,senegal,depenses_courantes_pib,2024,20.1
BCEAO/IMECO/TTTFP1093A0AP,togo,depenses_courantes_pib,2001,8.38
BCEAO/IMECO/TTTFP1093A0AP,togo,depenses_courantes_pib,2002,7.23
BCEAO/IMECO/TTTFP1093A0AP,togo,depenses_courantes_pib,2003,8.28
BCEAO/IMECO/TTTFP1093A0AP,togo,depenses_courantes_pib,2004,8.91
BCEAO/IMECO/TTTFP1093A0AP,togo,depenses_courantes_pib,2005,10.78
BCEAO/IMECO/TTTFP1093A0AP,togo,depenses_courantes_pib,2006,11.35
BCEAO/IMECO/TTTFP1093A0AP,togo,depenses_courantes_pib,2007,11.53
BCEAO/IMECO/TTTFP1093A0AP,togo,depenses_courantes_pib,2008,9.95
BCEAO/IMECO/TTTFP1093A0AP,togo,depenses_courantes_pib,2009,10.54
BCEAO/IMECO/TTTFP1093A0AP,togo,depenses_courantes_pib,2010,9.8
BCEAO/IMECO/TTTFP1093A0AP,togo,depenses_courantes_pib,2011,10.8
BCEAO/IMECO/TTTFP1093A0AP,togo,depenses_courantes_pib,2012,13.0
BCEAO/IMECO/TTTFP1093A0AP,togo,depenses_courantes_pib,2013,15.2
BCEAO/IMECO/TTTFP1093A0AP,togo,depenses_courantes_pib,2014,13.6
BCEAO/IMECO/TTTFP1093A0AP,togo,depenses_courantes_pib,2015,14.7
BCEAO/IMECO/TTTFP1093A0AP,togo,depenses_courantes_pib,2016,16.1
BCEAO/IMECO/TTTFP1093A0AP,togo,depenses_courantes_pib,2017,14.6
BCEAO/IMECO/TTTFP1093A0AP,togo,depenses_courantes_pib,2018,15.0
BCEAO/IMECO/TTTFP1093A0AP,togo,depenses_courantes_pib,2019,15.2
BCEAO/IMECO/TTTFP1093A0AP,togo,depenses_courantes_pib,2020,17.3
BCEAO/IMECO/TTTFP1093A0AP,togo,depenses_courantes_pib,2021,16.4
BCEAO/IMECO/TTTFP1093A0AP,togo,depenses_courantes_pib,2022,19.3
BCEAO/IMECO/TTTFP1093A0AP,togo,depenses_courantes_pib,2023,20.0
BCEAO/IMECO/TTTFP1093A0AP,togo,depenses_courantes_pib,2024,18.2
BCEAO/IMECO/ZZZFP1093A0AP,uemoa,depenses_courantes_pib,2001,9.58
BCEAO/IMECO/ZZZFP1093A0AP,uemoa,depenses_courantes_pib,2002,9.88
BCEAO/IMECO/ZZZFP1093A0AP,uemoa,depenses_courantes_pib,2003,10.0
BCEAO/IMECO/ZZZFP1093A0AP,uemoa,depenses_courantes_pib,2004,10.09
BCEAO/IMECO/ZZZFP1093A0AP,uemoa,depenses_courantes_pib,2005,10.19
BCEAO/IMECO/ZZZFP1093A0AP,uemoa,depenses_courantes_pib,2006,10.37
BCEAO/IMECO/ZZZFP1093A0AP,uemoa,depenses_courantes_pib,2007,10.68
BCEAO/IMECO/ZZZFP1093A0AP,uemoa,depenses_courantes_pib,2008,11.2
BCEAO/IMECO/ZZZFP1093A0AP,uemoa,depenses_courantes_pib,2009,11.42
BCEAO/IMECO/ZZZFP1093A0AP,uemoa,depenses_courantes_pib,2010,11.5
BCEAO/IMECO/ZZZFP1093A0AP,uemoa,depenses_courantes_pib,2011,11.5
BCEAO/IMECO/ZZZFP1093A0AP,uemoa,depenses_courantes_pib,2012,12.2
BCEAO/IMECO/ZZZFP1093A0AP,uemoa,depenses_courantes_pib,2013,11.9
BCEAO/IMECO/ZZZFP1093A0AP,uemoa,depenses_courantes_pib,2014,11.9
BCEAO/IMECO/ZZZFP1093A0AP,uemoa,depenses_courantes_pib,2015,12.5
BCEAO/IMECO/ZZZFP1093A0AP,uemoa,depenses_courantes_pib,2016,12.5
BCEAO/IMECO/ZZZFP1093A0AP,uemoa,depenses_courantes_pib,2017,12.4
BCEAO/IMECO/ZZZFP1093A0AP,uemoa,depenses_courantes_pib,2018,12.3
BCEAO/IMECO/ZZZFP1093A0AP,uemoa,depenses_courantes_pib,2019,12.9
BCEAO/IMECO/ZZZFP1093A0AP,uemoa,depenses_courantes_pib,2020,14.4
BCEAO/IMECO/ZZZFP1093A0AP,uemoa,depenses_courantes_pib,2021,14.2
BCEAO/IMECO/ZZZFP1093A0AP,uemoa,depenses_courantes_pib,2022,15.0
BCEAO/IMECO/ZZZFP1093A0AP,uemoa,depenses_courantes_pib,2023,14.8
BCEAO/IMECO/ZZZFP1093A0AP,uemoa,depenses_courantes_pib,2024,14.0
BCEAO/IMECO/BBBFP1095A0AP,benin,investissement_ressources_internes_pib,2001,1.74
BCEAO/IMECO/BBBFP1095A0AP,benin,investissement_ressources_internes_pib,2002,1.87
BCEAO/IMECO/BBBFP1095A0AP,benin,investissement_ressources_internes_pib,2003,2.3
BCEAO/IMECO/BBBFP1095A0AP,benin,investissement_ressources_internes_pib,2004,1.87
BCEAO/IMECO/BBBFP1095A0AP,benin,investissement_ressources_internes_pib,2005,2.2
BCEAO/IMECO/BBBFP1095A0AP,benin,investissement_ressources_internes_pib,2006,1.32
BCEAO/IMECO/BBBFP1095A0AP,benin,investissement_ressources_internes_pib,2007,2.18
BCEAO/IMECO/BBBFP1095A0AP,benin,investissement_ressources_internes_pib,2008,2.41
BCEAO/IMECO/BBBFP1095A0AP,benin,investissement_ressources_internes_pib,2009,4.84
BCEAO/IMECO/BBBFP1095A0AP,benin,investissement_ressources_internes_pib,2010,2.1
BCEAO/IMECO/BBBFP1095A0AP,benin,investissement_ressources_internes_pib,2011,2.1
BCEAO/IMECO/BBBFP1095A0AP,benin,investissement_ressources_internes_pib,2012,2.3
BCEAO/IMECO/BBBFP1095A0AP,benin,investissement_ressources_internes_pib,2013,2.2
BCEAO/IMECO/BBBFP1095A0AP,benin,investissement_ressources_internes_pib,2014,1.8
BCEAO/IMECO/BBBFP1095A0AP,benin,investissement_ressources_internes_pib,2015,3.2
BCEAO/IMECO/BBBFP1095A0AP,benin,investissement_ressources_internes_pib,2016,2.5
BCEAO/IMECO/BBBFP1095A0AP,benin,investissement_ressources_internes_pib,2017,4.2
BCEAO/IMECO/BBBFP1095A0AP,benin,investissement_ressources_internes_pib,2018,3.5
BCEAO/IMECO/BBBFP1095A0AP,benin,investissement_ressources_internes_pib,2019,2.7
BCEAO/IMECO/BBBFP1095A0AP,benin,investissement_ressources_internes_pib,2020,4.0
BCEAO/IMECO/BBBFP1095A0AP,benin,investissement_ressources_internes_pib,2021,5.3
BCEAO/IMECO/BBBFP1095A0AP,benin,investissement_ressources_internes_pib,2022,5.5
BCEAO/IMECO/BBBFP1095A0AP,benin,investissement_ressources_internes_pib,2023,4.9
BCEAO/IMECO/BBBFP1095A0AP,benin,investissement_ressources_internes_pib,2024,4.9
BCEAO/IMECO/CCCFP1095A0AP,burkina,investissement_ressources_internes_pib,2001,2.55
BCEAO/IMECO/CCCFP1095A0AP,burkina,investissement_ressources_internes_pib,2002,3.78
BCEAO/IMECO/CCCFP1095A0AP,burkina,investissement_ressources_internes_pib,2003,3.55
BCEAO/IMECO/CCCFP1095A0AP,burkina,investissement_ressources_internes_pib,2004,5.04
BCEAO/IMECO/CCCFP1095A0AP,burkina,investissement_ressources_internes_pib,2005,4.8
BCEAO/IMECO/CCCFP1095A0AP,burkina,investissement_ressources_internes_pib,2006,4.6
BCEAO/IMECO/CCCFP1095A0AP,burkina,investissement_ressources_internes_pib,2007,3.91
BCEAO/IMECO/CCCFP1095A0AP,burkina,investissement_ressources_internes_pib,2008,4.61
BCEAO/IMECO/CCCFP1095A0AP,burkina,investissement_ressources_internes_pib,2009,5.3
BCEAO/IMECO/CCCFP1095A0AP,burkina,investissement_ressources_internes_pib,2010,5.5
BCEAO/IMECO/CCCFP1095A0AP,burkina,investissement_ressources_internes_pib,2011,5.8
BCEAO/IMECO/CCCFP1095A0AP,burkina,investissement_ressources_internes_pib,2012,6.3
BCEAO/IMECO/CCCFP1095A0AP,burkina,investissement_ressources_internes_pib,2013,7.5
BCEAO/IMECO/CCCFP1095A0AP,burkina,investissement_ressources_internes_pib,2014,4.8
BCEAO/IMECO/CCCFP1095A0AP,burkina,investissement_ressources_internes_pib,2015,4.3
BCEAO/IMECO/CCCFP1095A0AP,burkina,investissement_ressources_internes_pib,2016,4.5
BCEAO/IMECO/CCCFP1095A0AP,burkina,investissement_ressources_internes_pib,2017,7.0
BCEAO/IMECO/CCCFP1095A0AP,burkina,investissement_ressources_internes_pib,2018,6.0
BCEAO/IMECO/CCCFP1095A0AP,burkina,investissement_ressources_internes_pib,2019,4.5
BCEAO/IMECO/CCCFP1095A0AP,burkina,investissement_ressources_internes_pib,2020,4.8
BCEAO/IMECO/CCCFP1095A0AP,burkina,investissement_ressources_internes_pib,2021,4.8
BCEAO/IMECO/CCCFP1095A0AP,burkina,investissement_ressources_internes_pib,2022,7.4
BCEAO/IMECO/CCCFP1095A0AP,burkina,investissement_ressources_internes_pib,2023,7.1
BCEAO/IMECO/CCCFP1095A0AP,burkina,investissement_ressources_internes_pib,2024,6.9
BCEAO/IMECO/AAAFP1095A0AP,cote_ivoire,investissement_ressources_internes_pib,2001,0.77
BCEAO/IMECO/AAAFP1095A0AP,cote_ivoire,investissement_ressources_internes_pib,2002,1.23
BCEAO/IMECO/AAAFP1095A0AP,cote_ivoire,investissement_ressources_internes_pib,2003,1.01
BCEAO/IMECO/AAAFP1095A0AP,cote_ivoire,investissement_ressources_internes_pib,2004,1.26
BCEAO/IMECO/AAAFP1095A0AP,cote_ivoire,investissement_ressources_internes_pib,2005,1.07
BCEAO/IMECO/AAAFP1095A0AP,cote_ivoire,investissement_ressources_internes_pib,2006,1.64
BCEAO/IMECO/AAAFP1095A0AP,cote_ivoire,investissement_ressources_internes_pib,2007,1.39
BCEAO/IMECO/AAAFP1095A0AP,cote_ivoire,investissement_ressources_internes_pib,2008,1.48
BCEAO/IMECO/AAAFP1095A0AP,cote_ivoire,investissement_ressources_internes_pib,2009,1.5
BCEAO/IMECO/AAAFP1095A0AP,cote_ivoire,investissement_ressources_internes_pib,2010,1.6
BCEAO/IMECO/AAAFP1095A0AP,cote_ivoire,investissement_ressources_internes_pib,2011,1.5
BCEAO/IMECO/AAAFP1095A0AP,cote_ivoire,investissement_ressources_internes_pib,2012,2.7
BCEAO/IMECO/AAAFP1095A0AP,cote_ivoire,investissement_ressources_internes_pib,2013,2.9
BCEAO/IMECO/AAAFP1095A0AP,cote_ivoire,investissement_ressources_internes_pib,2014,2.5
BCEAO/IMECO/AAAFP1095A0AP,cote_ivoire,investissement_ressources_internes_pib,2015,2.9
BCEAO/IMECO/AAAFP1095A0AP,cote_ivoire,investissement_ressources_internes_pib,2016,3.7
BCEAO/IMECO/AAAFP1095A0AP,cote_ivoire,investissement_ressources_internes_pib,2017,3.0
BCEAO/IMECO/AAAFP1095A0AP,cote_ivoire,investissement_ressources_internes_pib,2018,2.7
BCEAO/IMECO/AAAFP1095A0AP,cote_ivoire,investissement_ressources_internes_pib,2019,2.8
BCEAO/IMECO/AAAFP1095A0AP,cote_ivoire,investissement_ressources_internes_pib,2020,3.5
BCEAO/IMECO/AAAFP1095A0AP,cote_ivoire,investissement_ressources_internes_pib,2021,3.1
BCEAO/IMECO/AAAFP1095A0AP,cote_ivoire,investissement_ressources_internes_pib,2022,4.0
BCEAO/IMECO/AAAFP1095A0AP,cote_ivoire,investissement_ressources_internes_pib,2023,3.7
BCEAO/IMECO/AAAFP1095A0AP,cote_ivoire,investissement_ressources_internes_pib,2024,5.2
BCEAO/IMECO/SSSFP1095A0AP,guinee_bissau,investissement_ressources_internes_pib,2001,0.83
BCEAO/IMECO/SSSFP1095A0AP,guinee_bissau,investissement_ressources_internes_pib,2002,0.22
BCEAO/IMECO/SSSFP1095A0AP,guinee_bissau,investissement_ressources_internes_pib,2003,0.03
BCEAO/IMECO/SSSFP1095A0AP,guinee_bissau,investissement_ressources_internes_pib,2004,0.16
BCEAO/IMECO/SSSFP1095A0AP,guinee_bissau,investissement_ressources_internes_pib,2005,0.33
BCEAO/IMECO/SSSFP1095A0AP,guinee_bissau,investissement_ressources_internes_pib,2006,0.12
BCEAO/IMECO/SSSFP1095A0AP,guinee_bissau,investissement_ressources_internes_pib,2007,0.33
BCEAO/IMECO/SSSFP1095A0AP,guinee_bissau,investissement_ressources_internes_pib,2008,0.38
BCEAO/IMECO/SSSFP1095A0AP,guinee_bissau,investissement_ressources_internes_pib,2009,0.33
BCEAO/IMECO/SSSFP1095A0AP,guinee_bissau,investissement_ressources_internes_pib,2010,0.1
BCEAO/IMECO/SSSFP1095A0AP,guinee_bissau,investissement_ressources_internes_pib,2011,0.1
BCEAO/IMECO/SSSFP1095A0AP,guinee_bissau,investissement_ressources_internes_pib,2012,0.1
BCEAO/IMECO/SSSFP1095A0AP,guinee_bissau,investissement_ressources_internes_pib,2013,0.5
BCEAO/IMECO/SSSFP1095A0AP,guinee_bissau,investissement_ressources_internes_pib,2014,0.1
BCEAO/IMECO/SSSFP1095A0AP,guinee_bissau,investissement_ressources_internes_pib,2015,0.6
BCEAO/IMECO/SSSFP1095A0AP,guinee_bissau,investissement_ressources_internes_pib,2016,0.2
BCEAO/IMECO/SSSFP1095A0AP,guinee_bissau,investissement_ressources_internes_pib,2017,0.3
BCEAO/IMECO/SSSFP1095A0AP,guinee_bissau,investissement_ressources_internes_pib,2018,0.2
BCEAO/IMECO/SSSFP1095A0AP,guinee_bissau,investissement_ressources_internes_pib,2019,0.2
BCEAO/IMECO/SSSFP1095A0AP,guinee_bissau,investissement_ressources_internes_pib,2020,1.0
BCEAO/IMECO/SSSFP1095A0AP,guinee_bissau,investissement_ressources_internes_pib,2021,0.7
BCEAO/IMECO/SSSFP1095A0AP,guinee_bissau,investissement_ressources_internes_pib,2022,1.3
BCEAO/IMECO/SSSFP1095A0AP,guinee_bissau,investissement_ressources_internes_pib,2023,1.1
BCEAO/IMECO/SSSFP1095A0AP,guinee_bissau,investissement_ressources_internes_pib,2024,1.2
BCEAO/IMECO/DDDFP1095A0AP,mali,investissement_ressources_internes_pib,2001,2.44
BCEAO/IMECO/DDDFP1095A0AP,mali,investissement_ressources_internes_pib,2002,2.31
BCEAO/IMECO/DDDFP1095A0AP,mali,investissement_ressources_internes_pib,2003,3.24
BCEAO/IMECO/DDDFP1095A0AP,mali,investissement_ressources_internes_pib,2004,3.09
BCEAO/IMECO/DDDFP1095A0AP,mali,investissement_ressources_internes_pib,2005,2.95
BCEAO/IMECO/DDDFP1095A0AP,mali,investissement_ressources_internes_pib,2006,3.11
BCEAO/IMECO/DDDFP1095A0AP,mali,investissement_ressources_internes_pib,2007,4.13
BCEAO/IMECO/DDDFP1095A0AP,mali,investissement_ressources_internes_pib,2008,2.8
BCEAO/IMECO/DDDFP1095A0AP,mali,investissement_ressources_internes_pib,2009,3.17
BCEAO/IMECO/DDDFP1095A0AP,mali,investissement_ressources_internes_pib,2010,3.4
BCEAO/IMECO/DDDFP1095A0AP,mali,investissement_ressources_internes_pib,2011,3.2
BCEAO/IMECO/DDDFP1095A0AP,mali,investissement_ressources_internes_pib,2012,2.2
BCEAO/IMECO/DDDFP1095A0AP,mali,investissement_ressources_internes_pib,2013,3.5
BCEAO/IMECO/DDDFP1095A0AP,mali,investissement_ressources_internes_pib,2014,3.8
BCEAO/IMECO/DDDFP1095A0AP,mali,investissement_ressources_internes_pib,2015,3.7
BCEAO/IMECO/DDDFP1095A0AP,mali,investissement_ressources_internes_pib,2016,5.0
BCEAO/IMECO/DDDFP1095A0AP,mali,investissement_ressources_internes_pib,2017,5.0
BCEAO/IMECO/DDDFP1095A0AP,mali,investissement_ressources_internes_pib,2018,4.1
BCEAO/IMECO/DDDFP1095A0AP,mali,investissement_ressources_internes_pib,2019,3.9
BCEAO/IMECO/DDDFP1095A0AP,mali,investissement_ressources_internes_pib,2020,3.9
BCEAO/IMECO/DDDFP1095A0AP,mali,investissement_ressources_internes_pib,2021,3.9
BCEAO/IMECO/DDDFP1095A0AP,mali,investissement_ressources_internes_pib,2022,2.6
BCEAO/IMECO/DDDFP1095A0AP,mali,investissement_ressources_internes_pib,2023,2.4
BCEAO/IMECO/DDDFP1095A0AP,mali,investissement_ressources_internes_pib,2024,3.2
BCEAO/IMECO/HHHFP1095A0AP,niger,investissement_ressources_internes_pib,2001,1.39
BCEAO/IMECO/HHHFP1095A0AP,niger,investissement_ressources_internes_pib,2002,1.38
BCEAO/IMECO/HHHFP1095A0AP,niger,investissement_ressources_internes_pib,2003,1.38
BCEAO/IMECO/HHHFP1095A0AP,niger,investissement_ressources_internes_pib,2004,1.64
BCEAO/IMECO/HHHFP1095A0AP,niger,investissement_ressources_internes_pib,2005,2.11
BCEAO/IMECO/HHHFP1095A0AP,niger,investissement_ressources_internes_pib,2006,1.98
BCEAO/IMECO/HHHFP1095A0AP,niger,investissement_ressources_internes_pib,2007,2.67
BCEAO/IMECO/HHHFP1095A0AP,niger,investissement_ressources_internes_pib,2008,3.32
BCEAO/IMECO/HHHFP1095A0AP,niger,investissement_ressources_internes_pib,2009,4.45
BCEAO/IMECO/HHHFP1095A0AP,niger,investissement_ressources_internes_pib,2010,2.7
BCEAO/IMECO/HHHFP1095A0AP,niger,investissement_ressources_internes_pib,2011,2.8
BCEAO/IMECO/HHHFP1095A0AP,niger,investissement_ressources_internes_pib,2012,4.2
BCEAO/IMECO/HHHFP1095A0AP,niger,investissement_ressources_internes_pib,2013,3.9
BCEAO/IMECO/HHHFP1095A0AP,niger,investissement_ressources_internes_pib,2014,7.1
BCEAO/IMECO/HHHFP1095A0AP,niger,investissement_ressources_internes_pib,2015,7.4
BCEAO/IMECO/HHHFP1095A0AP,niger,investissement_ressources_internes_pib,2016,3.3
BCEAO/IMECO/HHHFP1095A0AP,niger,investissement_ressources_internes_pib,2017,3.8
BCEAO/IMECO/HHHFP1095A0AP,niger,investissement_ressources_internes_pib,2018,5.1
BCEAO/IMECO/HHHFP1095A0AP,niger,investissement_ressources_internes_pib,2019,5.2
BCEAO/IMECO/HHHFP1095A0AP,niger,investissement_ressources_internes_pib,2020,5.0
BCEAO/IMECO/HHHFP1095A0AP,niger,investissement_ressources_internes_pib,2021,5.5
BCEAO/IMECO/HHHFP1095A0AP,niger,investissement_ressources_internes_pib,2022,4.7
BCEAO/IMECO/HHHFP1095A0AP,niger,investissement_ressources_internes_pib,2023,2.2
BCEAO/IMECO/HHHFP1095A0AP,niger,investissement_ressources_internes_pib,2024,2.3
BCEAO/IMECO/KKKFP1095A0AP,senegal,investissement_ressources_internes_pib,2001,3.31
BCEAO/IMECO/KKKFP1095A0AP,senegal,investissement_ressources_internes_pib,2002,3.98
BCEAO/IMECO/KKKFP1095A0AP,senegal,investissement_ressources_internes_pib,2003,4.77
BCEAO/IMECO/KKKFP1095A0AP,senegal,investissement_ressources_internes_pib,2004,5.23
BCEAO/IMECO/KKKFP1095A0AP,senegal,investissement_ressources_internes_pib,2005,6.25
BCEAO/IMECO/KKKFP1095A0AP,senegal,investissement_ressources_internes_pib,2006,5.52
BCEAO/IMECO/KKKFP1095A0AP,senegal,investissement_ressources_internes_pib,2007,5.41
BCEAO/IMECO/KKKFP1095A0AP,senegal,investissement_ressources_internes_pib,2008,4.18
BCEAO/IMECO/KKKFP1095A0AP,senegal,investissement_ressources_internes_pib,2009,4.86
BCEAO/IMECO/KKKFP1095A0AP,senegal,investissement_ressources_internes_pib,2010,5.5
BCEAO/IMECO/KKKFP1095A0AP,senegal,investissement_ressources_internes_pib,2011,5.7
BCEAO/IMECO/KKKFP1095A0AP,senegal,investissement_ressources_internes_pib,2012,5.5
BCEAO/IMECO/KKKFP1095A0AP,senegal,investissement_ressources_internes_pib,2013,5.1
BCEAO/IMECO/KKKFP1095A0AP,senegal,investissement_ressources_internes_pib,2014,5.2
BCEAO/IMECO/KKKFP1095A0AP,senegal,investissement_ressources_internes_pib,2015,4.8
BCEAO/IMECO/KKKFP1095A0AP,senegal,investissement_ressources_internes_pib,2016,5.8
BCEAO/IMECO/KKKFP1095A0AP,senegal,investissement_ressources_internes_pib,2017,5.1
BCEAO/IMECO/KKKFP1095A0AP,senegal,investissement_ressources_internes_pib,2018,4.0
BCEAO/IMECO/KKKFP1095A0AP,senegal,investissement_ressources_internes_pib,2019,4.1
BCEAO/IMECO/KKKFP1095A0AP,senegal,investissement_ressources_internes_pib,2020,5.4
BCEAO/IMECO/KKKFP1095A0AP,senegal,investissement_ressources_internes_pib,2021,5.1
BCEAO/IMECO/KKKFP1095A0AP,senegal,investissement_ressources_internes_pib,2022,4.3
BCEAO/IMECO/KKKFP1095A0AP,senegal,investissement_ressources_internes_pib,2023,4.4
BCEAO/IMECO/KKKFP1095A0AP,senegal,investissement_ressources_internes_pib,2024,3.9
BCEAO/IMECO/TTTFP1095A0AP,togo,investissement_ressources_internes_pib,2001,0.18
BCEAO/IMECO/TTTFP1095A0AP,togo,investissement_ressources_internes_pib,2002,0.18
BCEAO/IMECO/TTTFP1095A0AP,togo,investissement_ressources_internes_pib,2003,0.14
BCEAO/IMECO/TTTFP1095A0AP,togo,investissement_ressources_internes_pib,2004,0.18
BCEAO/IMECO/TTTFP1095A0AP,togo,investissement_ressources_internes_pib,2005,0.8
BCEAO/IMECO/TTTFP1095A0AP,togo,investissement_ressources_internes_pib,2006,0.37
BCEAO/IMECO/TTTFP1095A0AP,togo,investissement_ressources_internes_pib,2007,0.44
BCEAO/IMECO/TTTFP1095A0AP,togo,investissement_ressources_internes_pib,2008,1.34
BCEAO/IMECO/TTTFP1095A0AP,togo,investissement_ressources_internes_pib,2009,1.7
BCEAO/IMECO/TTTFP1095A0AP,togo,investissement_ressources_internes_pib,2010,2.0
BCEAO/IMECO/TTTFP1095A0AP,togo,investissement_ressources_internes_pib,2011,2.7
BCEAO/IMECO/TTTFP1095A0AP,togo,investissement_ressources_internes_pib,2012,2.6
BCEAO/IMECO/TTTFP1095A0AP,togo,investissement_ressources_internes_pib,2013,2.1
BCEAO/IMECO/TTTFP1095A0AP,togo,investissement_ressources_internes_pib,2014,3.3
BCEAO/IMECO/TTTFP1095A0AP,togo,investissement_ressources_internes_pib,2015,4.1
BCEAO/IMECO/TTTFP1095A0AP,togo,investissement_ressources_internes_pib,2016,5.2
BCEAO/IMECO/TTTFP1095A0AP,togo,investissement_ressources_internes_pib,2017,2.8
BCEAO/IMECO/TTTFP1095A0AP,togo,investissement_ressources_internes_pib,2018,1.8
BCEAO/IMECO/TTTFP1095A0AP,togo,investissement_ressources_internes_pib,2019,0.2
BCEAO/IMECO/TTTFP1095A0AP,togo,investissement_ressources_internes_pib,2020,4.9
BCEAO/IMECO/TTTFP1095A0AP,togo,investissement_ressources_internes_pib,2021,4.8
BCEAO/IMECO/TTTFP1095A0AP,togo,investissement_ressources_internes_pib,2022,5.8
BCEAO/IMECO/TTTFP1095A0AP,togo,investissement_ressources_internes_pib,2023,4.5
BCEAO/IMECO/TTTFP1095A0AP,togo,investissement_ressources_internes_pib,2024,4.9
BCEAO/IMECO/ZZZFP1095A0AP,uemoa,investissement_ressources_internes_pib,2001,1.41
BCEAO/IMECO/ZZZFP1095A0AP,uemoa,investissement_ressources_internes_pib,2002,1.82
BCEAO/IMECO/ZZZFP1095A0AP,uemoa,investissement_ressources_internes_pib,2003,1.96
BCEAO/IMECO/ZZZFP1095A0AP,uemoa,investissement_ressources_internes_pib,2004,2.22
BCEAO/IMECO/ZZZFP1095A0AP,uemoa,investissement_ressources_internes_pib,2005,2.36
BCEAO/IMECO/ZZZFP1095A0AP,uemoa,investissement_ressources_internes_pib,2006,2.54
BCEAO/IMECO/ZZZFP1095A0AP,uemoa,investissement_ressources_internes_pib,2007,2.62
BCEAO/IMECO/ZZZFP1095A0AP,uemoa,investissement_ressources_internes_pib,2008,2.66
BCEAO/IMECO/ZZZFP1095A0AP,uemoa,investissement_ressources_internes_pib,2009,3.25
BCEAO/IMECO/ZZZFP1095A0AP,uemoa,investissement_ressources_internes_pib,2010,3.0
BCEAO/IMECO/ZZZFP1095A0AP,uemoa,investissement_ressources_internes_pib,2011,3.1
BCEAO/IMECO/ZZZFP1095A0AP,uemoa,investissement_ressources_internes_pib,2012,3.6
BCEAO/IMECO/ZZZFP1095A0AP,uemoa,investissement_ressources_internes_pib,2013,3.8
BCEAO/IMECO/ZZZFP1095A0AP,uemoa,investissement_ressources_internes_pib,2014,3.7
BCEAO/IMECO/ZZZFP1095A0AP,uemoa,investissement_ressources_internes_pib,2015,3.87
BCEAO/IMECO/ZZZFP1095A0AP,uemoa,investissement_ressources_internes_pib,2016,4.2
BCEAO/IMECO/ZZZFP1095A0AP,uemoa,investissement_ressources_internes_pib,2017,4.2
BCEAO/IMECO/ZZZFP1095A0AP,uemoa,investissement_ressources_internes_pib,2018,3.7
BCEAO/IMECO/ZZZFP1095A0AP,uemoa,investissement_ressources_internes_pib,2019,3.3
BCEAO/IMECO/ZZZFP1095A0AP,uemoa,investissement_ressources_internes_pib,2020,4.2
BCEAO/IMECO/ZZZFP1095A0AP,uemoa,investissement_ressources_internes_pib,2021,4.1
BCEAO/IMECO/ZZZFP1095A0AP,uemoa,investissement_ressources_internes_pib,2022,4.48
BCEAO/IMECO/ZZZFP1095A0AP,uemoa,investissement_ressources_internes_pib,2023,3.98
BCEAO/IMECO/ZZZFP1095A0AP,uemoa,investissement_ressources_internes_pib,2024,4.6
BCEAO/IMECO/BBBSE1403A0AP,benin,exportations_biens,1974,22.38
BCEAO/IMECO/BBBSE1403A0AP,benin,exportations_biens,1975,24.88
BCEAO/IMECO/BBBSE1403A0AP,benin,exportations_biens,1976,20.52
BCEAO/IMECO/BBBSE1403A0AP,benin,exportations_biens,1977,31.71
BCEAO/IMECO/BBBSE1403A0AP,benin,exportations_biens,1978,28.33
BCEAO/IMECO/BBBSE1403A0AP,benin,exportations_biens,1979,28.27
BCEAO/IMECO/BBBSE1403A0AP,benin,exportations_biens,1980,34.64
BCEAO/IMECO/BBBSE1403A0AP,benin,exportations_biens,1981,105.44
BCEAO/IMECO/BBBSE1403A0AP,benin,exportations_biens,1982,44.48
BCEAO/IMECO/BBBSE1403A0AP,benin,exportations_biens,1983,50.41
BCEAO/IMECO/BBBSE1403A0AP,benin,exportations_biens,1984,97.8
BCEAO/IMECO/BBBSE1403A0AP,benin,exportations_biens,1985,133.8
BCEAO/IMECO/BBBSE1403A0AP,benin,exportations_biens,1986,106.9
BCEAO/IMECO/BBBSE1403A0AP,benin,exportations_biens,1987,110.1
BCEAO/IMECO/BBBSE1403A0AP,benin,exportations_biens,1988,56.65
BCEAO/IMECO/BBBSE1403A0AP,benin,exportations_biens,1989,59.94
BCEAO/IMECO/BBBSE1403A0AP,benin,exportations_biens,1990,64.66
BCEAO/IMECO/BBBSE1403A0AP,benin,exportations_biens,1991,105.38
BCEAO/IMECO/BBBSE1403A0AP,benin,exportations_biens,1992,91.34
BCEAO/IMECO/BBBSE1403A0AP,benin,exportations_biens,1993,111.42
BCEAO/IMECO/BBBSE1403A0AP,benin,exportations_biens,1994,220.92
BCEAO/IMECO/BBBSE1403A0AP,benin,exportations_biens,1995,209.61
BCEAO/IMECO/BBBSE1403A0AP,benin,exportations_biens,1996,269.92
BCEAO/IMECO/BBBSE1403A0AP,benin,exportations_biens,1997,247.49
BCEAO/IMECO/BBBSE1403A0AP,benin,exportations_biens,1998,244.4
BCEAO/IMECO/BBBSE1403A0AP,benin,exportations_biens,1999,259.48
BCEAO/IMECO/BBBSE1403A0AP,benin,exportations_biens,2000,279.35
BCEAO/IMECO/BBBSE1403A0AP,benin,exportations_biens,2001,273.77
BCEAO/IMECO/BBBSE1403A0AP,benin,exportations_biens,2002,312.13
BCEAO/IMECO/BBBSE1403A0AP,benin,exportations_biens,2003,314.33
BCEAO/IMECO/BBBSE1403A0AP,benin,exportations_biens,2004,300.36
BCEAO/IMECO/BBBSE1403A0AP,benin,exportations_biens,2005,304.94
BCEAO/IMECO/BBBSE1403A0AP,benin,exportations_biens,2006,384.56
BCEAO/IMECO/BBBSE1403A0AP,benin,exportations_biens,2007,501.68
BCEAO/IMECO/BBBSE1403A0AP,benin,exportations_biens,2008,574.17
BCEAO/IMECO/BBBSE1403A0AP,benin,exportations_biens,2009,578.22
BCEAO/IMECO/BBBSE1403A0AP,benin,exportations_biens,2010,634.7
BCEAO/IMECO/BBBSE1403A0AP,benin,exportations_biens,2011,590.2
BCEAO/IMECO/BBBSE1403A0AP,benin,exportations_biens,2012,736.5
BCEAO/IMECO/BBBSE1403A0AP,benin,exportations_biens,2013,979.1
BCEAO/IMECO/BBBSE1403A0AP,benin,exportations_biens,2014,1267.3
BCEAO/IMECO/BBBSE1403A0AP,benin,exportations_biens,2015,995.1
BCEAO/IMECO/BBBSE1403A0AP,benin,exportations_biens,2016,1052.3
BCEAO/IMECO/BBBSE1403A0AP,benin,exportations_biens,2017,1289.9
BCEAO/IMECO/BBBSE1403A0AP,benin,exportations_biens,2018,1857.6
BCEAO/IMECO/BBBSE1403A0AP,benin,exportations_biens,2019,1790.9
BCEAO/IMECO/BBBSE1403A0AP,benin,exportations_biens,2020,1720.5
BCEAO/IMECO/BBBSE1403A0AP,benin,exportations_biens,2021,2019.9
BCEAO/IMECO/BBBSE1403A0AP,benin,exportations_biens,2022,2316.7
BCEAO/IMECO/BBBSE1403A0AP,benin,exportations_biens,2023,2457.0
BCEAO/IMECO/BBBSE1403A0AP,benin,exportations_biens,2024,2286.9
BCEAO/IMECO/CCCSE1403A0AP,burkina,exportations_biens,1974,15.88
BCEAO/IMECO/CCCSE1403A0AP,burkina,exportations_biens,1975,15.75
BCEAO/IMECO/CCCSE1403A0AP,burkina,exportations_biens,1976,19.85
BCEAO/IMECO/CCCSE1403A0AP,burkina,exportations_biens,1977,23.3
BCEAO/IMECO/CCCSE1403A0AP,burkina,exportations_biens,1978,24.33
BCEAO/IMECO/CCCSE1403A0AP,burkina,exportations_biens,1979,28.23
BCEAO/IMECO/CCCSE1403A0AP,burkina,exportations_biens,1980,33.93
BCEAO/IMECO/CCCSE1403A0AP,burkina,exportations_biens,1981,43.3
BCEAO/IMECO/CCCSE1403A0AP,burkina,exportations_biens,1982,41.54
BCEAO/IMECO/CCCSE1403A0AP,burkina,exportations_biens,1983,43.04
BCEAO/IMECO/CCCSE1403A0AP,burkina,exportations_biens,1984,61.55
BCEAO/IMECO/CCCSE1403A0AP,burkina,exportations_biens,1985,58.63
BCEAO/IMECO/CCCSE1403A0AP,burkina,exportations_biens,1986,51.54
BCEAO/IMECO/CCCSE1403A0AP,burkina,exportations_biens,1987,69.07
BCEAO/IMECO/CCCSE1403A0AP,burkina,exportations_biens,1988,71.49
BCEAO/IMECO/CCCSE1403A0AP,burkina,exportations_biens,1989,58.88
BCEAO/IMECO/CCCSE1403A0AP,burkina,exportations_biens,1990,76.37
BCEAO/IMECO/CCCSE1403A0AP,burkina,exportations_biens,1991,75.91
BCEAO/IMECO/CCCSE1403A0AP,burkina,exportations_biens,1992,62.8
BCEAO/IMECO/CCCSE1403A0AP,burkina,exportations_biens,1993,64.03
BCEAO/IMECO/CCCSE1403A0AP,burkina,exportations_biens,1994,119.69
BCEAO/IMECO/CCCSE1403A0AP,burkina,exportations_biens,1996,119.04
BCEAO/IMECO/CCCSE1403A0AP,burkina,exportations_biens,1997,133.62
BCEAO/IMECO/CCCSE1403A0AP,burkina,exportations_biens,1998,190.44
BCEAO/IMECO/CCCSE1403A0AP,burkina,exportations_biens,1999,156.2
BCEAO/IMECO/CCCSE1403A0AP,burkina,exportations_biens,2000,146.4
BCEAO/IMECO/CCCSE1403A0AP,burkina,exportations_biens,2001,163.83
BCEAO/IMECO/CCCSE1403A0AP,burkina,exportations_biens,2002,170.79
BCEAO/IMECO/CCCSE1403A0AP,burkina,exportations_biens,2003,186.27
BCEAO/IMECO/CCCSE1403A0AP,burkina,exportations_biens,2004,260.2
BCEAO/IMECO/CCCSE1403A0AP,burkina,exportations_biens,2005,253.64
BCEAO/IMECO/CCCSE1403A0AP,burkina,exportations_biens,2006,317.48
BCEAO/IMECO/CCCSE1403A0AP,burkina,exportations_biens,2007,313.81
BCEAO/IMECO/CCCSE1403A0AP,burkina,exportations_biens,2008,384.05
BCEAO/IMECO/CCCSE1403A0AP,burkina,exportations_biens,2009,425.05
BCEAO/IMECO/CCCSE1403A0AP,burkina,exportations_biens,2010,788.0
BCEAO/IMECO/CCCSE1403A0AP,burkina,exportations_biens,2011,1132.0
BCEAO/IMECO/CCCSE1403A0AP,burkina,exportations_biens,2012,1464.3
BCEAO/IMECO/CCCSE1403A0AP,burkina,exportations_biens,2013,1315.3
BCEAO/IMECO/CCCSE1403A0AP,burkina,exportations_biens,2014,1362.3
BCEAO/IMECO/CCCSE1403A0AP,burkina,exportations_biens,2015,1397.7
BCEAO/IMECO/CCCSE1403A0AP,burkina,exportations_biens,2016,1676.4
BCEAO/IMECO/CCCSE1403A0AP,burkina,exportations_biens,2017,1887.3
BCEAO/IMECO/CCCSE1403A0AP,burkina,exportations_biens,2018,2196.4
BCEAO/IMECO/CCCSE1403A0AP,burkina,exportations_biens,2019,2301.3
BCEAO/IMECO/CCCSE1403A0AP,burkina,exportations_biens,2020,2843.3
BCEAO/IMECO/CCCSE1403A0AP,burkina,exportations_biens,2021,3148.8
BCEAO/IMECO/CCCSE1403A0AP,burkina,exportations_biens,2022,3312.2
BCEAO/IMECO/CCCSE1403A0AP,burkina,exportations_biens,2023,3209.1
BCEAO/IMECO/CCCSE1403A0AP,burkina,exportations_biens,2024,3543.3
BCEAO/IMECO/AAASE1403A0AP,cote_ivoire,exportations_biens,1975,265.5
BCEAO/IMECO/AAASE1403A0AP,cote_ivoire,exportations_biens,1976,414.6
BCEAO/IMECO/AAASE1403A0AP,cote_ivoire,exportations_biens,1977,592.6
BCEAO/IMECO/AAASE1403A0AP,cote_ivoire,exportations_biens,1978,590.3
BCEAO/IMECO/AAASE1403A0AP,cote_ivoire,exportations_biens,1979,579.2
BCEAO/IMECO/AAASE1403A0AP,cote_ivoire,exportations_biens,1980,636.5
BCEAO/IMECO/AAASE1403A0AP,cote_ivoire,exportations_biens,1981,661.7
BCEAO/IMECO/AAASE1403A0AP,cote_ivoire,exportations_biens,1982,771.3
BCEAO/IMECO/AAASE1403A0AP,cote_ivoire,exportations_biens,1983,787.4
BCEAO/IMECO/AAASE1403A0AP,cote_ivoire,exportations_biens,1984,1146.9
BCEAO/IMECO/AAASE1403A0AP,cote_ivoire,exportations_biens,1985,1240.4
BCEAO/IMECO/AAASE1403A0AP,cote_ivoire,exportations_biens,1986,1103.8
BCEAO/IMECO/AAASE1403A0AP,cote_ivoire,exportations_biens,1987,886.5
BCEAO/IMECO/AAASE1403A0AP,cote_ivoire,exportations_biens,1988,801.6
BCEAO/IMECO/AAASE1403A0AP,cote_ivoire,exportations_biens,1989,860.3
BCEAO/IMECO/AAASE1403A0AP,cote_ivoire,exportations_biens,1990,793.0
BCEAO/IMECO/AAASE1403A0AP,cote_ivoire,exportations_biens,1991,763.1
BCEAO/IMECO/AAASE1403A0AP,cote_ivoire,exportations_biens,1992,780.0
BCEAO/IMECO/AAASE1403A0AP,cote_ivoire,exportations_biens,1993,713.2
BCEAO/IMECO/AAASE1403A0AP,cote_ivoire,exportations_biens,1994,1560.9
BCEAO/IMECO/AAASE1403A0AP,cote_ivoire,exportations_biens,1995,1857.2
BCEAO/IMECO/AAASE1403A0AP,cote_ivoire,exportations_biens,1996,2228.9
BCEAO/IMECO/AAASE1403A0AP,cote_ivoire,exportations_biens,1997,2548.7
BCEAO/IMECO/AAASE1403A0AP,cote_ivoire,exportations_biens,1998,2665.95
BCEAO/IMECO/AAASE1403A0AP,cote_ivoire,exportations_biens,1999,2816.17
BCEAO/IMECO/AAASE1403A0AP,cote_ivoire,exportations_biens,2000,2712.38
BCEAO/IMECO/AAASE1403A0AP,cote_ivoire,exportations_biens,2001,2833.06
BCEAO/IMECO/AAASE1403A0AP,cote_ivoire,exportations_biens,2002,3620.6
BCEAO/IMECO/AAASE1403A0AP,cote_ivoire,exportations_biens,2003,3311.8
BCEAO/IMECO/AAASE1403A0AP,cote_ivoire,exportations_biens,2004,3601.26
BCEAO/IMECO/AAASE1403A0AP,cote_ivoire,exportations_biens,2005,4002.96
BCEAO/IMECO/AAASE1403A0AP,cote_ivoire,exportations_biens,2006,4372.41
BCEAO/IMECO/AAASE1403A0AP,cote_ivoire,exportations_biens,2007,4096.78
BCEAO/IMECO/AAASE1403A0AP,cote_ivoire,exportations_biens,2008,4590.65
BCEAO/IMECO/AAASE1403A0AP,cote_ivoire,exportations_biens,2009,5273.36
BCEAO/IMECO/AAASE1403A0AP,cote_ivoire,exportations_biens,2010,5651.2
BCEAO/IMECO/AAASE1403A0AP,cote_ivoire,exportations_biens,2011,5962.1
BCEAO/IMECO/AAASE1403A0AP,cote_ivoire,exportations_biens,2012,6189.4
BCEAO/IMECO/AAASE1403A0AP,cote_ivoire,exportations_biens,2013,5952.9
BCEAO/IMECO/AAASE1403A0AP,cote_ivoire,exportations_biens,2014,6411.3
BCEAO/IMECO/AAASE1403A0AP,cote_ivoire,exportations_biens,2015,6938.0
BCEAO/IMECO/AAASE1403A0AP,cote_ivoire,exportations_biens,2016,6449.3
BCEAO/IMECO/AAASE1403A0AP,cote_ivoire,exportations_biens,2017,6899.6
BCEAO/IMECO/AAASE1403A0AP,cote_ivoire,exportations_biens,2018,6619.6
BCEAO/IMECO/AAASE1403A0AP,cote_ivoire,exportations_biens,2019,7399.2
BCEAO/IMECO/AAASE1403A0AP,cote_ivoire,exportations_biens,2020,7194.8
BCEAO/IMECO/AAASE1403A0AP,cote_ivoire,exportations_biens,2021,8495.5
BCEAO/IMECO/AAASE1403A0AP,cote_ivoire,exportations_biens,2022,10166.1
BCEAO/IMECO/AAASE1403A0AP,cote_ivoire,exportations_biens,2023,10382.6
BCEAO/IMECO/AAASE1403A0AP,cote_ivoire,exportations_biens,2024,12438.8
BCEAO/IMECO/SSSSE1403A0AP,guinee_bissau,exportations_biens,1982,11.8
BCEAO/IMECO/SSSSE1403A0AP,guinee_bissau,exportations_biens,1983,8.6
BCEAO/IMECO/SSSSE1403A0AP,guinee_bissau,exportations_biens,1984,17.4
BCEAO/IMECO/SSSSE1403A0AP,guinee_bissau,exportations_biens,1985,11.6
BCEAO/IMECO/SSSSE1403A0AP,guinee_bissau,exportations_biens,1986,9.7
BCEAO/IMECO/SSSSE1403A0AP,guinee_bissau,exportations_biens,1987,15.4
BCEAO/IMECO/SSSSE1403A0AP,guinee_bissau,exportations_biens,1988,15.9
BCEAO/IMECO/SSSSE1403A0AP,guinee_bissau,exportations_biens,1989,14.2
BCEAO/IMECO/SSSSE1403A0AP,guinee_bissau,exportations_biens,1990,19.26
BCEAO/IMECO/SSSSE1403A0AP,guinee_bissau,exportations_biens,1991,20.44
BCEAO/IMECO/SSSSE1403A0AP,guinee_bissau,exportations_biens,1992,6.47
BCEAO/IMECO/SSSSE1403A0AP,guinee_bissau,exportations_biens,1993,15.96
BCEAO/IMECO/SSSSE1403A0AP,guinee_bissau,exportations_biens,1994,33.21
BCEAO/IMECO/SSSSE1403A0AP,guinee_bissau,exportations_biens,1995,23.9
BCEAO/IMECO/SSSSE1403A0AP,guinee_bissau,exportations_biens,1996,21.61
BCEAO/IMECO/SSSSE1403A0AP,guinee_bissau,exportations_biens,1997,48.86
BCEAO/IMECO/SSSSE1403A0AP,guinee_bissau,exportations_biens,2001,62.89
BCEAO/IMECO/SSSSE1403A0AP,guinee_bissau,exportations_biens,2002,54.38
BCEAO/IMECO/SSSSE1403A0AP,guinee_bissau,exportations_biens,2003,65.01
BCEAO/IMECO/SSSSE1403A0AP,guinee_bissau,exportations_biens,2004,75.77
BCEAO/IMECO/SSSSE1403A0AP,guinee_bissau,exportations_biens,2005,89.62
BCEAO/IMECO/SSSSE1403A0AP,guinee_bissau,exportations_biens,2006,74.14
BCEAO/IMECO/SSSSE1403A0AP,guinee_bissau,exportations_biens,2007,107.04
BCEAO/IMECO/SSSSE1403A0AP,guinee_bissau,exportations_biens,2008,128.13
BCEAO/IMECO/SSSSE1403A0AP,guinee_bissau,exportations_biens,2009,121.64
BCEAO/IMECO/SSSSE1403A0AP,guinee_bissau,exportations_biens,2010,126.6
BCEAO/IMECO/SSSSE1403A0AP,guinee_bissau,exportations_biens,2011,112.3
BCEAO/IMECO/SSSSE1403A0AP,guinee_bissau,exportations_biens,2012,67.1
BCEAO/IMECO/SSSSE1403A0AP,guinee_bissau,exportations_biens,2013,75.5
BCEAO/IMECO/SSSSE1403A0AP,guinee_bissau,exportations_biens,2014,82.1
BCEAO/IMECO/SSSSE1403A0AP,guinee_bissau,exportations_biens,2015,149.2
BCEAO/IMECO/SSSSE1403A0AP,guinee_bissau,exportations_biens,2016,164.0
BCEAO/IMECO/SSSSE1403A0AP,guinee_bissau,exportations_biens,2017,197.5
BCEAO/IMECO/SSSSE1403A0AP,guinee_bissau,exportations_biens,2018,188.6
BCEAO/IMECO/SSSSE1403A0AP,guinee_bissau,exportations_biens,2019,145.7
BCEAO/IMECO/SSSSE1403A0AP,guinee_bissau,exportations_biens,2020,123.1
BCEAO/IMECO/SSSSE1403A0AP,guinee_bissau,exportations_biens,2021,166.3
BCEAO/IMECO/SSSSE1403A0AP,guinee_bissau,exportations_biens,2022,152.9
BCEAO/IMECO/SSSSE1403A0AP,guinee_bissau,exportations_biens,2023,145.4
BCEAO/IMECO/SSSSE1403A0AP,guinee_bissau,exportations_biens,2024,149.2
BCEAO/IMECO/DDDSE1403A0AP,mali,exportations_biens,1975,15.4
BCEAO/IMECO/DDDSE1403A0AP,mali,exportations_biens,1976,22.55
BCEAO/IMECO/DDDSE1403A0AP,mali,exportations_biens,1977,30.61
BCEAO/IMECO/DDDSE1403A0AP,mali,exportations_biens,1978,21.25
BCEAO/IMECO/DDDSE1403A0AP,mali,exportations_biens,1979,31.0
BCEAO/IMECO/DDDSE1403A0AP,mali,exportations_biens,1980,43.3
BCEAO/IMECO/DDDSE1403A0AP,mali,exportations_biens,1981,41.9
BCEAO/IMECO/DDDSE1403A0AP,mali,exportations_biens,1982,47.9
BCEAO/IMECO/DDDSE1403A0AP,mali,exportations_biens,1983,63.55
BCEAO/IMECO/DDDSE1403A0AP,mali,exportations_biens,1984,83.9
BCEAO/IMECO/DDDSE1403A0AP,mali,exportations_biens,1985,79.1
BCEAO/IMECO/DDDSE1403A0AP,mali,exportations_biens,1986,71.2
BCEAO/IMECO/DDDSE1403A0AP,mali,exportations_biens,1987,76.9
BCEAO/IMECO/DDDSE1403A0AP,mali,exportations_biens,1988,73.6
BCEAO/IMECO/DDDSE1403A0AP,mali,exportations_biens,1989,85.65
BCEAO/IMECO/DDDSE1403A0AP,mali,exportations_biens,1990,91.18
BCEAO/IMECO/DDDSE1403A0AP,mali,exportations_biens,1991,104.55
BCEAO/IMECO/DDDSE1403A0AP,mali,exportations_biens,1992,96.36
BCEAO/IMECO/DDDSE1403A0AP,mali,exportations_biens,1993,105.32
BCEAO/IMECO/DDDSE1403A0AP,mali,exportations_biens,1994,185.95
BCEAO/IMECO/DDDSE1403A0AP,mali,exportations_biens,1995,220.54
BCEAO/IMECO/DDDSE1403A0AP,mali,exportations_biens,1996,221.41
BCEAO/IMECO/DDDSE1403A0AP,mali,exportations_biens,1997,327.7
BCEAO/IMECO/DDDSE1403A0AP,mali,exportations_biens,1998,328.13
BCEAO/IMECO/DDDSE1403A0AP,mali,exportations_biens,1999,351.57
BCEAO/IMECO/DDDSE1403A0AP,mali,exportations_biens,2000,388.13
BCEAO/IMECO/DDDSE1403A0AP,mali,exportations_biens,2001,531.54
BCEAO/IMECO/DDDSE1403A0AP,mali,exportations_biens,2002,609.94
BCEAO/IMECO/DDDSE1403A0AP,mali,exportations_biens,2003,539.17
BCEAO/IMECO/DDDSE1403A0AP,mali,exportations_biens,2004,515.84
BCEAO/IMECO/DDDSE1403A0AP,mali,exportations_biens,2005,580.67
BCEAO/IMECO/DDDSE1403A0AP,mali,exportations_biens,2006,810.61
BCEAO/IMECO/DDDSE1403A0AP,mali,exportations_biens,2007,745.59
BCEAO/IMECO/DDDSE1403A0AP,mali,exportations_biens,2008,938.45
BCEAO/IMECO/DDDSE1403A0AP,mali,exportations_biens,2009,836.82
BCEAO/IMECO/DDDSE1403A0AP,mali,exportations_biens,2010,1016.6
BCEAO/IMECO/DDDSE1403A0AP,mali,exportations_biens,2011,1127.7
BCEAO/IMECO/DDDSE1403A0AP,mali,exportations_biens,2012,1532.2
BCEAO/IMECO/DDDSE1403A0AP,mali,exportations_biens,2013,1419.5
BCEAO/IMECO/DDDSE1403A0AP,mali,exportations_biens,2014,1374.2
BCEAO/IMECO/DDDSE1403A0AP,mali,exportations_biens,2015,1606.8
BCEAO/IMECO/DDDSE1403A0AP,mali,exportations_biens,2016,1675.9
BCEAO/IMECO/DDDSE1403A0AP,mali,exportations_biens,2017,1685.9
BCEAO/IMECO/DDDSE1403A0AP,mali,exportations_biens,2018,1991.4
BCEAO/IMECO/DDDSE1403A0AP,mali,exportations_biens,2019,2153.4
BCEAO/IMECO/DDDSE1403A0AP,mali,exportations_biens,2020,2759.4
BCEAO/IMECO/DDDSE1403A0AP,mali,exportations_biens,2021,2693.8
BCEAO/IMECO/DDDSE1403A0AP,mali,exportations_biens,2022,3353.6
BCEAO/IMECO/DDDSE1403A0AP,mali,exportations_biens,2023,3430.1
BCEAO/IMECO/DDDSE1403A0AP,mali,exportations_biens,2024,3326.5
BCEAO/IMECO/HHHSE1403A0AP,niger,exportations_biens,1974,19.62
BCEAO/IMECO/HHHSE1403A0AP,niger,exportations_biens,1975,29.69
BCEAO/IMECO/HHHSE1403A0AP,niger,exportations_biens,1976,41.01
BCEAO/IMECO/HHHSE1403A0AP,niger,exportations_biens,1977,48.31
BCEAO/IMECO/HHHSE1403A0AP,niger,exportations_biens,1978,64.91
BCEAO/IMECO/HHHSE1403A0AP,niger,exportations_biens,1979,103.16
BCEAO/IMECO/HHHSE1403A0AP,niger,exportations_biens,1980,121.72
BCEAO/IMECO/HHHSE1403A0AP,niger,exportations_biens,1981,131.69
BCEAO/IMECO/HHHSE1403A0AP,niger,exportations_biens,1982,125.31
BCEAO/IMECO/HHHSE1403A0AP,niger,exportations_biens,1983,127.74
BCEAO/IMECO/HHHSE1403A0AP,niger,exportations_biens,1984,132.52
BCEAO/IMECO/HHHSE1403A0AP,niger,exportations_biens,1985,116.55
BCEAO/IMECO/HHHSE1403A0AP,niger,exportations_biens,1986,121.9
BCEAO/IMECO/HHHSE1403A0AP,niger,exportations_biens,1987,143.48
BCEAO/IMECO/HHHSE1403A0AP,niger,exportations_biens,1988,126.98
BCEAO/IMECO/HHHSE1403A0AP,niger,exportations_biens,1989,124.67
BCEAO/IMECO/HHHSE1403A0AP,niger,exportations_biens,1990,132.97
BCEAO/IMECO/HHHSE1403A0AP,niger,exportations_biens,1991,99.17
BCEAO/IMECO/HHHSE1403A0AP,niger,exportations_biens,1992,91.92
BCEAO/IMECO/HHHSE1403A0AP,niger,exportations_biens,1993,85.07
BCEAO/IMECO/HHHSE1403A0AP,niger,exportations_biens,1994,125.93
BCEAO/IMECO/HHHSE1403A0AP,niger,exportations_biens,1995,143.79
BCEAO/IMECO/HHHSE1403A0AP,niger,exportations_biens,1996,166.15
BCEAO/IMECO/HHHSE1403A0AP,niger,exportations_biens,1997,158.37
BCEAO/IMECO/HHHSE1403A0AP,niger,exportations_biens,1998,197.04
BCEAO/IMECO/HHHSE1403A0AP,niger,exportations_biens,1999,176.58
BCEAO/IMECO/HHHSE1403A0AP,niger,exportations_biens,2000,201.56
BCEAO/IMECO/HHHSE1403A0AP,niger,exportations_biens,2001,199.75
BCEAO/IMECO/HHHSE1403A0AP,niger,exportations_biens,2002,194.77
BCEAO/IMECO/HHHSE1403A0AP,niger,exportations_biens,2003,204.47
BCEAO/IMECO/HHHSE1403A0AP,niger,exportations_biens,2004,230.7
BCEAO/IMECO/HHHSE1403A0AP,niger,exportations_biens,2005,251.89
BCEAO/IMECO/HHHSE1403A0AP,niger,exportations_biens,2006,265.6
BCEAO/IMECO/HHHSE1403A0AP,niger,exportations_biens,2007,317.53
BCEAO/IMECO/HHHSE1403A0AP,niger,exportations_biens,2008,408.47
BCEAO/IMECO/HHHSE1403A0AP,niger,exportations_biens,2009,470.7
BCEAO/IMECO/HHHSE1403A0AP,niger,exportations_biens,2010,570.1
BCEAO/IMECO/HHHSE1403A0AP,niger,exportations_biens,2011,599.4
BCEAO/IMECO/HHHSE1403A0AP,niger,exportations_biens,2012,736.4
BCEAO/IMECO/HHHSE1403A0AP,niger,exportations_biens,2013,784.6
BCEAO/IMECO/HHHSE1403A0AP,niger,exportations_biens,2014,715.2
BCEAO/IMECO/HHHSE1403A0AP,niger,exportations_biens,2015,643.2
BCEAO/IMECO/HHHSE1403A0AP,niger,exportations_biens,2016,611.7
BCEAO/IMECO/HHHSE1403A0AP,niger,exportations_biens,2017,701.8
BCEAO/IMECO/HHHSE1403A0AP,niger,exportations_biens,2018,668.2
BCEAO/IMECO/HHHSE1403A0AP,niger,exportations_biens,2019,659.7
BCEAO/IMECO/HHHSE1403A0AP,niger,exportations_biens,2020,642.3
BCEAO/IMECO/HHHSE1403A0AP,niger,exportations_biens,2021,671.9
BCEAO/IMECO/HHHSE1403A0AP,niger,exportations_biens,2022,652.6
BCEAO/IMECO/HHHSE1403A0AP,niger,exportations_biens,2023,601.6
BCEAO/IMECO/HHHSE1403A0AP,niger,exportations_biens,2024,1060.3
BCEAO/IMECO/KKKSE1403A0AP,senegal,exportations_biens,1974,113.76
BCEAO/IMECO/KKKSE1403A0AP,senegal,exportations_biens,1975,116.28
BCEAO/IMECO/KKKSE1403A0AP,senegal,exportations_biens,1976,128.2
BCEAO/IMECO/KKKSE1403A0AP,senegal,exportations_biens,1977,168.37
BCEAO/IMECO/KKKSE1403A0AP,senegal,exportations_biens,1978,98.1
BCEAO/IMECO/KKKSE1403A0AP,senegal,exportations_biens,1979,110.1
BCEAO/IMECO/KKKSE1403A0AP,senegal,exportations_biens,1980,99.34
BCEAO/IMECO/KKKSE1403A0AP,senegal,exportations_biens,1981,163.97
BCEAO/IMECO/KKKSE1403A0AP,senegal,exportations_biens,1982,185.51
BCEAO/IMECO/KKKSE1403A0AP,senegal,exportations_biens,1983,244.69
BCEAO/IMECO/KKKSE1403A0AP,senegal,exportations_biens,1984,276.39
BCEAO/IMECO/KKKSE1403A0AP,senegal,exportations_biens,1985,246.23
BCEAO/IMECO/KKKSE1403A0AP,senegal,exportations_biens,1986,240.52
BCEAO/IMECO/KKKSE1403A0AP,senegal,exportations_biens,1987,212.63
BCEAO/IMECO/KKKSE1403A0AP,senegal,exportations_biens,1988,212.42
BCEAO/IMECO/KKKSE1403A0AP,senegal,exportations_biens,1989,256.53
BCEAO/IMECO/KKKSE1403A0AP,senegal,exportations_biens,1990,255.36
BCEAO/IMECO/KKKSE1403A0AP,senegal,exportations_biens,1991,239.38
BCEAO/IMECO/KKKSE1403A0AP,senegal,exportations_biens,1992,227.8
BCEAO/IMECO/KKKSE1403A0AP,senegal,exportations_biens,1993,208.64
BCEAO/IMECO/KKKSE1403A0AP,senegal,exportations_biens,1994,454.59
BCEAO/IMECO/KKKSE1403A0AP,senegal,exportations_biens,1995,495.81
BCEAO/IMECO/KKKSE1403A0AP,senegal,exportations_biens,1996,505.38
BCEAO/IMECO/KKKSE1403A0AP,senegal,exportations_biens,1997,527.86
BCEAO/IMECO/KKKSE1403A0AP,senegal,exportations_biens,1998,570.73
BCEAO/IMECO/KKKSE1403A0AP,senegal,exportations_biens,1999,632.29
BCEAO/IMECO/KKKSE1403A0AP,senegal,exportations_biens,2000,654.56
BCEAO/IMECO/KKKSE1403A0AP,senegal,exportations_biens,2001,735.05
BCEAO/IMECO/KKKSE1403A0AP,senegal,exportations_biens,2002,743.35
BCEAO/IMECO/KKKSE1403A0AP,senegal,exportations_biens,2003,730.34
BCEAO/IMECO/KKKSE1403A0AP,senegal,exportations_biens,2004,797.32
BCEAO/IMECO/KKKSE1403A0AP,senegal,exportations_biens,2005,840.23
BCEAO/IMECO/KKKSE1403A0AP,senegal,exportations_biens,2006,836.52
BCEAO/IMECO/KKKSE1403A0AP,senegal,exportations_biens,2007,805.89
BCEAO/IMECO/KKKSE1403A0AP,senegal,exportations_biens,2008,988.91
BCEAO/IMECO/KKKSE1403A0AP,senegal,exportations_biens,2009,990.11
BCEAO/IMECO/KKKSE1403A0AP,senegal,exportations_biens,2010,1066.5
BCEAO/IMECO/KKKSE1403A0AP,senegal,exportations_biens,2011,1236.8
BCEAO/IMECO/KKKSE1403A0AP,senegal,exportations_biens,2012,1402.0
BCEAO/IMECO/KKKSE1403A0AP,senegal,exportations_biens,2013,1422.5
BCEAO/IMECO/KKKSE1403A0AP,senegal,exportations_biens,2014,1472.7
BCEAO/IMECO/KKKSE1403A0AP,senegal,exportations_biens,2015,1669.2
BCEAO/IMECO/KKKSE1403A0AP,senegal,exportations_biens,2016,1703.5
BCEAO/IMECO/KKKSE1403A0AP,senegal,exportations_biens,2017,1907.8
BCEAO/IMECO/KKKSE1403A0AP,senegal,exportations_biens,2018,2147.4
BCEAO/IMECO/KKKSE1403A0AP,senegal,exportations_biens,2019,2594.4
BCEAO/IMECO/KKKSE1403A0AP,senegal,exportations_biens,2020,2410.9
BCEAO/IMECO/KKKSE1403A0AP,senegal,exportations_biens,2021,3044.7
BCEAO/IMECO/KKKSE1403A0AP,senegal,exportations_biens,2022,3731.3
BCEAO/IMECO/KKKSE1403A0AP,senegal,exportations_biens,2023,3348.5
BCEAO/IMECO/KKKSE1403A0AP,senegal,exportations_biens,2024,4022.2
BCEAO/IMECO/TTTSE1403A0AP,togo,exportations_biens,1974,51.77
BCEAO/IMECO/TTTSE1403A0AP,togo,exportations_biens,1975,30.21
BCEAO/IMECO/TTTSE1403A0AP,togo,exportations_biens,1976,37.96
BCEAO/IMECO/TTTSE1403A0AP,togo,exportations_biens,1977,48.96
BCEAO/IMECO/TTTSE1403A0AP,togo,exportations_biens,1978,59.11
BCEAO/IMECO/TTTSE1403A0AP,togo,exportations_biens,1979,61.81
BCEAO/IMECO/TTTSE1403A0AP,togo,exportations_biens,1980,100.52
BCEAO/IMECO/TTTSE1403A0AP,togo,exportations_biens,1981,102.64
BCEAO/IMECO/TTTSE1403A0AP,togo,exportations_biens,1982,113.31
BCEAO/IMECO/TTTSE1403A0AP,togo,exportations_biens,1983,104.22
BCEAO/IMECO/TTTSE1403A0AP,togo,exportations_biens,1984,127.14
BCEAO/IMECO/TTTSE1403A0AP,togo,exportations_biens,1985,126.69
BCEAO/IMECO/TTTSE1403A0AP,togo,exportations_biens,1986,125.49
BCEAO/IMECO/TTTSE1403A0AP,togo,exportations_biens,1987,119.47
BCEAO/IMECO/TTTSE1403A0AP,togo,exportations_biens,1988,129.67
BCEAO/IMECO/TTTSE1403A0AP,togo,exportations_biens,1989,131.34
BCEAO/IMECO/TTTSE1403A0AP,togo,exportations_biens,1990,139.9
BCEAO/IMECO/TTTSE1403A0AP,togo,exportations_biens,1991,145.12
BCEAO/IMECO/TTTSE1403A0AP,togo,exportations_biens,1992,111.1
BCEAO/IMECO/TTTSE1403A0AP,togo,exportations_biens,1993,74.76
BCEAO/IMECO/TTTSE1403A0AP,togo,exportations_biens,1994,182.32
BCEAO/IMECO/TTTSE1403A0AP,togo,exportations_biens,1995,188.38
BCEAO/IMECO/TTTSE1403A0AP,togo,exportations_biens,1996,225.41
BCEAO/IMECO/TTTSE1403A0AP,togo,exportations_biens,1997,246.58
BCEAO/IMECO/TTTSE1403A0AP,togo,exportations_biens,1998,247.94
BCEAO/IMECO/TTTSE1403A0AP,togo,exportations_biens,1999,241.03
BCEAO/IMECO/TTTSE1403A0AP,togo,exportations_biens,2000,257.61
BCEAO/IMECO/TTTSE1403A0AP,togo,exportations_biens,2001,261.85
BCEAO/IMECO/TTTSE1403A0AP,togo,exportations_biens,2002,295.69
BCEAO/IMECO/TTTSE1403A0AP,togo,exportations_biens,2003,347.39
BCEAO/IMECO/TTTSE1403A0AP,togo,exportations_biens,2004,317.51
BCEAO/IMECO/TTTSE1403A0AP,togo,exportations_biens,2005,334.46
BCEAO/IMECO/TTTSE1403A0AP,togo,exportations_biens,2006,329.61
BCEAO/IMECO/TTTSE1403A0AP,togo,exportations_biens,2007,324.41
BCEAO/IMECO/TTTSE1403A0AP,togo,exportations_biens,2008,381.8
BCEAO/IMECO/TTTSE1403A0AP,togo,exportations_biens,2009,426.4
BCEAO/IMECO/TTTSE1403A0AP,togo,exportations_biens,2010,483.5
BCEAO/IMECO/TTTSE1403A0AP,togo,exportations_biens,2011,556.2
BCEAO/IMECO/TTTSE1403A0AP,togo,exportations_biens,2012,670.7
BCEAO/IMECO/TTTSE1403A0AP,togo,exportations_biens,2013,751.9
BCEAO/IMECO/TTTSE1403A0AP,togo,exportations_biens,2014,655.5
BCEAO/IMECO/TTTSE1403A0AP,togo,exportations_biens,2015,597.7
BCEAO/IMECO/TTTSE1403A0AP,togo,exportations_biens,2016,614.2
BCEAO/IMECO/TTTSE1403A0AP,togo,exportations_biens,2017,591.5
BCEAO/IMECO/TTTSE1403A0AP,togo,exportations_biens,2018,600.4
BCEAO/IMECO/TTTSE1403A0AP,togo,exportations_biens,2019,618.2
BCEAO/IMECO/TTTSE1403A0AP,togo,exportations_biens,2020,695.0
BCEAO/IMECO/TTTSE1403A0AP,togo,exportations_biens,2021,720.8
BCEAO/IMECO/TTTSE1403A0AP,togo,exportations_biens,2022,899.2
BCEAO/IMECO/TTTSE1403A0AP,togo,exportations_biens,2023,953.3
BCEAO/IMECO/TTTSE1403A0AP,togo,exportations_biens,2024,989.6
BCEAO/IMECO/ZZZSE1403A0AP,uemoa,exportations_biens,2005,6658.41
BCEAO/IMECO/ZZZSE1403A0AP,uemoa,exportations_biens,2006,7390.93
BCEAO/IMECO/ZZZSE1403A0AP,uemoa,exportations_biens,2007,7212.73
BCEAO/IMECO/ZZZSE1403A0AP,uemoa,exportations_biens,2008,8394.63
BCEAO/IMECO/ZZZSE1403A0AP,uemoa,exportations_biens,2009,9122.3
BCEAO/IMECO/ZZZSE1403A0AP,uemoa,exportations_biens,2010,10337.13
BCEAO/IMECO/ZZZSE1403A0AP,uemoa,exportations_biens,2011,11316.67
BCEAO/IMECO/ZZZSE1403A0AP,uemoa,exportations_biens,2012,12798.41
BCEAO/IMECO/ZZZSE1403A0AP,uemoa,exportations_biens,2013,12701.32
BCEAO/IMECO/ZZZSE1403A0AP,uemoa,exportations_biens,2014,13340.49
BCEAO/IMECO/ZZZSE1403A0AP,uemoa,exportations_biens,2015,13996.8
BCEAO/IMECO/ZZZSE1403A0AP,uemoa,exportations_biens,2016,13947.3
BCEAO/IMECO/ZZZSE1403A0AP,uemoa,exportations_biens,2017,15161.3
BCEAO/IMECO/ZZZSE1403A0AP,uemoa,exportations_biens,2018,16269.7
BCEAO/IMECO/ZZZSE1403A0AP,uemoa,exportations_biens,2019,17662.9
BCEAO/IMECO/ZZZSE1403A0AP,uemoa,exportations_biens,2020,18389.2
BCEAO/IMECO/ZZZSE1403A0AP,uemoa,exportations_biens,2021,20961.8
BCEAO/IMECO/ZZZSE1403A0AP,uemoa,exportations_biens,2022,24584.6
BCEAO/IMECO/ZZZSE1403A0AP,uemoa,exportations_biens,2023,24527.6
BCEAO/IMECO/ZZZSE1403A0AP,uemoa,exportations_biens,2024,27816.8
BCEAO/IMECO/BBBSE1419A0AP,benin,importations_biens,2010,879.2
BCEAO/IMECO/BBBSE1419A0AP,benin,importations_biens,2011,849.5
BCEAO/IMECO/BBBSE1419A0AP,benin,importations_biens,2012,1022.1
BCEAO/IMECO/BBBSE1419A0AP,benin,importations_biens,2013,1281.4
BCEAO/IMECO/BBBSE1419A0AP,benin,importations_biens,2014,1618.5
BCEAO/IMECO/BBBSE1419A0AP,benin,importations_biens,2015,1293.6
BCEAO/IMECO/BBBSE1419A0AP,benin,importations_biens,2016,1449.1
BCEAO/IMECO/BBBSE1419A0AP,benin,importations_biens,2017,1784.4
BCEAO/IMECO/BBBSE1419A0AP,benin,importations_biens,2018,2166.2
BCEAO/IMECO/BBBSE1419A0AP,benin,importations_biens,2019,2051.4
BCEAO/IMECO/BBBSE1419A0AP,benin,importations_biens,2020,1810.2
BCEAO/IMECO/BBBSE1419A0AP,benin,importations_biens,2021,2215.4
BCEAO/IMECO/BBBSE1419A0AP,benin,importations_biens,2022,2713.3
BCEAO/IMECO/BBBSE1419A0AP,benin,importations_biens,2023,2820.3
BCEAO/IMECO/BBBSE1419A0AP,benin,importations_biens,2024,2807.2
BCEAO/IMECO/CCCSE1419A0AP,burkina,importations_biens,2010,853.6
BCEAO/IMECO/CCCSE1419A0AP,burkina,importations_biens,2011,1117.8
BCEAO/IMECO/CCCSE1419A0AP,burkina,importations_biens,2012,1355.8
BCEAO/IMECO/CCCSE1419A0AP,burkina,importations_biens,2013,1644.2
BCEAO/IMECO/CCCSE1419A0AP,burkina,importations_biens,2014,1490.9
BCEAO/IMECO/CCCSE1419A0AP,burkina,importations_biens,2015,1540.4
BCEAO/IMECO/CCCSE1419A0AP,burkina,importations_biens,2016,1676.7
BCEAO/IMECO/CCCSE1419A0AP,burkina,importations_biens,2017,1890.4
BCEAO/IMECO/CCCSE1419A0AP,burkina,importations_biens,2018,2035.2
BCEAO/IMECO/CCCSE1419A0AP,burkina,importations_biens,2019,2087.0
BCEAO/IMECO/CCCSE1419A0AP,burkina,importations_biens,2020,2225.1
BCEAO/IMECO/CCCSE1419A0AP,burkina,importations_biens,2021,2450.6
BCEAO/IMECO/CCCSE1419A0AP,burkina,importations_biens,2022,3316.1
BCEAO/IMECO/CCCSE1419A0AP,burkina,importations_biens,2023,3265.8
BCEAO/IMECO/CCCSE1419A0AP,burkina,importations_biens,2024,3470.6
BCEAO/IMECO/AAASE1419A0AP,cote_ivoire,importations_biens,2010,3857.5
BCEAO/IMECO/AAASE1419A0AP,cote_ivoire,importations_biens,2011,3145.7
BCEAO/IMECO/AAASE1419A0AP,cote_ivoire,importations_biens,2012,4623.7
BCEAO/IMECO/AAASE1419A0AP,cote_ivoire,importations_biens,2013,4473.6
BCEAO/IMECO/AAASE1419A0AP,cote_ivoire,importations_biens,2014,4496.5
BCEAO/IMECO/AAASE1419A0AP,cote_ivoire,importations_biens,2015,5064.0
BCEAO/IMECO/AAASE1419A0AP,cote_ivoire,importations_biens,2016,4631.5
BCEAO/IMECO/AAASE1419A0AP,cote_ivoire,importations_biens,2017,4940.3
BCEAO/IMECO/AAASE1419A0AP,cote_ivoire,importations_biens,2018,5255.9
BCEAO/IMECO/AAASE1419A0AP,cote_ivoire,importations_biens,2019,5552.8
BCEAO/IMECO/AAASE1419A0AP,cote_ivoire,importations_biens,2020,5478.3
BCEAO/IMECO/AAASE1419A0AP,cote_ivoire,importations_biens,2021,6802.4
BCEAO/IMECO/AAASE1419A0AP,cote_ivoire,importations_biens,2022,9495.8
BCEAO/IMECO/AAASE1419A0AP,cote_ivoire,importations_biens,2023,9320.3
BCEAO/IMECO/AAASE1419A0AP,cote_ivoire,importations_biens,2024,9140.5
BCEAO/IMECO/SSSSE1419A0AP,guinee_bissau,importations_biens,2010,196.6
BCEAO/IMECO/SSSSE1419A0AP,guinee_bissau,importations_biens,2011,113.4
BCEAO/IMECO/SSSSE1419A0AP,guinee_bissau,importations_biens,2012,92.8
BCEAO/IMECO/SSSSE1419A0AP,guinee_bissau,importations_biens,2013,90.3
BCEAO/IMECO/SSSSE1419A0AP,guinee_bissau,importations_biens,2014,105.9
BCEAO/IMECO/SSSSE1419A0AP,guinee_bissau,importations_biens,2015,122.4
BCEAO/IMECO/SSSSE1419A0AP,guinee_bissau,importations_biens,2016,136.5
BCEAO/IMECO/SSSSE1419A0AP,guinee_bissau,importations_biens,2017,169.2
BCEAO/IMECO/SSSSE1419A0AP,guinee_bissau,importations_biens,2018,157.9
BCEAO/IMECO/SSSSE1419A0AP,guinee_bissau,importations_biens,2019,196.4
BCEAO/IMECO/SSSSE1419A0AP,guinee_bissau,importations_biens,2020,176.9
BCEAO/IMECO/SSSSE1419A0AP,guinee_bissau,importations_biens,2021,194.0
BCEAO/IMECO/SSSSE1419A0AP,guinee_bissau,importations_biens,2022,248.8
BCEAO/IMECO/SSSSE1419A0AP,guinee_bissau,importations_biens,2023,244.2
BCEAO/IMECO/SSSSE1419A0AP,guinee_bissau,importations_biens,2024,251.0
BCEAO/IMECO/DDDSE1419A0AP,mali,importations_biens,2010,1345.8
BCEAO/IMECO/DDDSE1419A0AP,mali,importations_biens,2011,1284.7
BCEAO/IMECO/DDDSE1419A0AP,mali,importations_biens,2012,1475.2
BCEAO/IMECO/DDDSE1419A0AP,mali,importations_biens,2013,1542.3
BCEAO/IMECO/DDDSE1419A0AP,mali,importations_biens,2014,1625.5
BCEAO/IMECO/DDDSE1419A0AP,mali,importations_biens,2015,1888.1
BCEAO/IMECO/DDDSE1419A0AP,mali,importations_biens,2016,2018.0
BCEAO/IMECO/DDDSE1419A0AP,mali,importations_biens,2017,2095.5
BCEAO/IMECO/DDDSE1419A0AP,mali,importations_biens,2018,2204.0
BCEAO/IMECO/DDDSE1419A0AP,mali,importations_biens,2019,2527.0
BCEAO/IMECO/DDDSE1419A0AP,mali,importations_biens,2020,2469.3
BCEAO/IMECO/DDDSE1419A0AP,mali,importations_biens,2021,2863.1
BCEAO/IMECO/DDDSE1419A0AP,mali,importations_biens,2022,3652.3
BCEAO/IMECO/DDDSE1419A0AP,mali,importations_biens,2023,3475.4
BCEAO/IMECO/DDDSE1419A0AP,mali,importations_biens,2024,3502.7
BCEAO/IMECO/HHHSE1419A0AP,niger,importations_biens,2010,972.6
BCEAO/IMECO/HHHSE1419A0AP,niger,importations_biens,2011,1034.5
BCEAO/IMECO/HHHSE1419A0AP,niger,importations_biens,2012,971.5
BCEAO/IMECO/HHHSE1419A0AP,niger,importations_biens,2013,996.9
BCEAO/IMECO/HHHSE1419A0AP,niger,importations_biens,2014,1083.0
BCEAO/IMECO/HHHSE1419A0AP,niger,importations_biens,2015,1168.6
BCEAO/IMECO/HHHSE1419A0AP,niger,importations_biens,2016,1017.2
BCEAO/IMECO/HHHSE1419A0AP,niger,importations_biens,2017,1136.0
BCEAO/IMECO/HHHSE1419A0AP,niger,importations_biens,2018,1267.7
BCEAO/IMECO/HHHSE1419A0AP,niger,importations_biens,2019,1362.9
BCEAO/IMECO/HHHSE1419A0AP,niger,importations_biens,2020,1419.9
BCEAO/IMECO/HHHSE1419A0AP,niger,importations_biens,2021,1565.2
BCEAO/IMECO/HHHSE1419A0AP,niger,importations_biens,2022,1941.5
BCEAO/IMECO/HHHSE1419A0AP,niger,importations_biens,2023,1570.1
BCEAO/IMECO/HHHSE1419A0AP,niger,importations_biens,2024,1318.3
BCEAO/IMECO/KKKSE1419A0AP,senegal,importations_biens,2010,2021.9
BCEAO/IMECO/KKKSE1419A0AP,senegal,importations_biens,2011,2420.4
BCEAO/IMECO/KKKSE1419A0AP,senegal,importations_biens,2012,2870.9
BCEAO/IMECO/KKKSE1419A0AP,senegal,importations_biens,2013,2893.5
BCEAO/IMECO/KKKSE1419A0AP,senegal,importations_biens,2014,2856.0
BCEAO/IMECO/KKKSE1419A0AP,senegal,importations_biens,2015,2943.6
BCEAO/IMECO/KKKSE1419A0AP,senegal,importations_biens,2016,2868.2
BCEAO/IMECO/KKKSE1419A0AP,senegal,importations_biens,2017,3476.8
BCEAO/IMECO/KKKSE1419A0AP,senegal,importations_biens,2018,4033.8
BCEAO/IMECO/KKKSE1419A0AP,senegal,importations_biens,2019,4282.1
BCEAO/IMECO/KKKSE1419A0AP,senegal,importations_biens,2020,4020.5
BCEAO/IMECO/KKKSE1419A0AP,senegal,importations_biens,2021,4707.2
BCEAO/IMECO/KKKSE1419A0AP,senegal,importations_biens,2022,6741.4
BCEAO/IMECO/KKKSE1419A0AP,senegal,importations_biens,2023,6575.8
BCEAO/IMECO/KKKSE1419A0AP,senegal,importations_biens,2024,6436.4
BCEAO/IMECO/TTTSE1419A0AP,togo,importations_biens,2010,705.5
BCEAO/IMECO/TTTSE1419A0AP,togo,importations_biens,2011,953.1
BCEAO/IMECO/TTTSE1419A0AP,togo,importations_biens,2012,955.5
BCEAO/IMECO/TTTSE1419A0AP,togo,importations_biens,2013,1182.0
BCEAO/IMECO/TTTSE1419A0AP,togo,importations_biens,2014,1093.9
BCEAO/IMECO/TTTSE1419A0AP,togo,importations_biens,2015,1208.5
BCEAO/IMECO/TTTSE1419A0AP,togo,importations_biens,2016,1185.9
BCEAO/IMECO/TTTSE1419A0AP,togo,importations_biens,2017,965.3
BCEAO/IMECO/TTTSE1419A0AP,togo,importations_biens,2018,1035.1
BCEAO/IMECO/TTTSE1419A0AP,togo,importations_biens,2019,1061.7
BCEAO/IMECO/TTTSE1419A0AP,togo,importations_biens,2020,1123.2
BCEAO/IMECO/TTTSE1419A0AP,togo,importations_biens,2021,1275.4
BCEAO/IMECO/TTTSE1419A0AP,togo,importations_biens,2022,1616.0
BCEAO/IMECO/TTTSE1419A0AP,togo,importations_biens,2023,1708.9
BCEAO/IMECO/TTTSE1419A0AP,togo,importations_biens,2024,1819.7
BCEAO/IMECO/ZZZSE1419A0AP,uemoa,importations_biens,2010,10832.59
BCEAO/IMECO/ZZZSE1419A0AP,uemoa,importations_biens,2011,10919.09
BCEAO/IMECO/ZZZSE1419A0AP,uemoa,importations_biens,2012,13367.57
BCEAO/IMECO/ZZZSE1419A0AP,uemoa,importations_biens,2013,14104.12
BCEAO/IMECO/ZZZSE1419A0AP,uemoa,importations_biens,2014,14370.21
BCEAO/IMECO/ZZZSE1419A0AP,uemoa,importations_biens,2015,15229.1
BCEAO/IMECO/ZZZSE1419A0AP,uemoa,importations_biens,2016,14983.1
BCEAO/IMECO/ZZZSE1419A0AP,uemoa,importations_biens,2017,16457.9
BCEAO/IMECO/ZZZSE1419A0AP,uemoa,importations_biens,2018,18155.9
BCEAO/IMECO/ZZZSE1419A0AP,uemoa,importations_biens,2019,19121.2
BCEAO/IMECO/ZZZSE1419A0AP,uemoa,importations_biens,2020,18723.4
BCEAO/IMECO/ZZZSE1419A0AP,uemoa,importations_biens,2021,22073.2
BCEAO/IMECO/ZZZSE1419A0AP,uemoa,importations_biens,2022,29725.1
BCEAO/IMECO/ZZZSE1419A0AP,uemoa,importations_biens,2023,28980.7
BCEAO/IMECO/ZZZSE1419A0AP,uemoa,importations_biens,2024,28746.4
BCEAO/IMECO/BBBSE1487A0AP,benin,ouverture_pib,2005,19.948
BCEAO/IMECO/BBBSE1487A0AP,benin,ouverture_pib,2006,22.854
BCEAO/IMECO/BBBSE1487A0AP,benin,ouverture_pib,2007,28.902
BCEAO/IMECO/BBBSE1487A0AP,benin,ouverture_pib,2008,28.249
BCEAO/IMECO/BBBSE1487A0AP,benin,ouverture_pib,2009,25.92
BCEAO/IMECO/BBBSE1487A0AP,benin,ouverture_pib,2010,18.4
BCEAO/IMECO/BBBSE1487A0AP,benin,ouverture_pib,2011,19.4
BCEAO/IMECO/BBBSE1487A0AP,benin,ouverture_pib,2012,16.5
BCEAO/IMECO/BBBSE1487A0AP,benin,ouverture_pib,2013,18.4
BCEAO/IMECO/BBBSE1487A0AP,benin,ouverture_pib,2014,22.0
BCEAO/IMECO/BBBSE1487A0AP,benin,ouverture_pib,2015,26.4
BCEAO/IMECO/BBBSE1487A0AP,benin,ouverture_pib,2016,20.6
BCEAO/IMECO/BBBSE1487A0AP,benin,ouverture_pib,2017,24.5
BCEAO/IMECO/BBBSE1487A0AP,benin,ouverture_pib,2018,29.7
BCEAO/IMECO/BBBSE1487A0AP,benin,ouverture_pib,2019,27.4
BCEAO/IMECO/BBBSE1487A0AP,benin,ouverture_pib,2020,23.7
BCEAO/IMECO/BBBSE1487A0AP,benin,ouverture_pib,2021,25.7
BCEAO/IMECO/BBBSE1487A0AP,benin,ouverture_pib,2022,27.5
BCEAO/IMECO/BBBSE1487A0AP,benin,ouverture_pib,2023,27.2
BCEAO/IMECO/BBBSE1487A0AP,benin,ouverture_pib,2024,24.1
BCEAO/IMECO/CCCSE1487A0AP,burkina,ouverture_pib,2005,17.746
BCEAO/IMECO/CCCSE1487A0AP,burkina,ouverture_pib,2006,18.209
BCEAO/IMECO/CCCSE1487A0AP,burkina,ouverture_pib,2007,18.032
BCEAO/IMECO/CCCSE1487A0AP,burkina,ouverture_pib,2008,19.932
BCEAO/IMECO/CCCSE1487A0AP,burkina,ouverture_pib,2009,17.892
BCEAO/IMECO/CCCSE1487A0AP,burkina,ouverture_pib,2010,14.1
BCEAO/IMECO/CCCSE1487A0AP,burkina,ouverture_pib,2011,19.3
BCEAO/IMECO/CCCSE1487A0AP,burkina,ouverture_pib,2012,23.3
BCEAO/IMECO/CCCSE1487A0AP,burkina,ouverture_pib,2013,27.5
BCEAO/IMECO/CCCSE1487A0AP,burkina,ouverture_pib,2014,28.4
BCEAO/IMECO/CCCSE1487A0AP,burkina,ouverture_pib,2015,26.6
BCEAO/IMECO/CCCSE1487A0AP,burkina,ouverture_pib,2016,25.4
BCEAO/IMECO/CCCSE1487A0AP,burkina,ouverture_pib,2017,29.5
BCEAO/IMECO/CCCSE1487A0AP,burkina,ouverture_pib,2018,30.1
BCEAO/IMECO/CCCSE1487A0AP,burkina,ouverture_pib,2019,29.7
BCEAO/IMECO/CCCSE1487A0AP,burkina,ouverture_pib,2020,29.5
BCEAO/IMECO/CCCSE1487A0AP,burkina,ouverture_pib,2021,30.2
BCEAO/IMECO/CCCSE1487A0AP,burkina,ouverture_pib,2022,33.4
BCEAO/IMECO/CCCSE1487A0AP,burkina,ouverture_pib,2023,30.9
BCEAO/IMECO/CCCSE1487A0AP,burkina,ouverture_pib,2024,30.5
BCEAO/IMECO/AAASE1487A0AP,cote_ivoire,ouverture_pib,2005,46.508
BCEAO/IMECO/AAASE1487A0AP,cote_ivoire,ouverture_pib,2006,47.498
BCEAO/IMECO/AAASE1487A0AP,cote_ivoire,ouverture_pib,2007,44.671
BCEAO/IMECO/AAASE1487A0AP,cote_ivoire,ouverture_pib,2008,43.606
BCEAO/IMECO/AAASE1487A0AP,cote_ivoire,ouverture_pib,2009,45.363
BCEAO/IMECO/AAASE1487A0AP,cote_ivoire,ouverture_pib,2010,42.2
BCEAO/IMECO/AAASE1487A0AP,cote_ivoire,ouverture_pib,2011,47.8
BCEAO/IMECO/AAASE1487A0AP,cote_ivoire,ouverture_pib,2012,39.9
BCEAO/IMECO/AAASE1487A0AP,cote_ivoire,ouverture_pib,2013,41.5
BCEAO/IMECO/AAASE1487A0AP,cote_ivoire,ouverture_pib,2014,35.4
BCEAO/IMECO/AAASE1487A0AP,cote_ivoire,ouverture_pib,2015,32.8
BCEAO/IMECO/AAASE1487A0AP,cote_ivoire,ouverture_pib,2016,33.7
BCEAO/IMECO/AAASE1487A0AP,cote_ivoire,ouverture_pib,2017,23.9
BCEAO/IMECO/AAASE1487A0AP,cote_ivoire,ouverture_pib,2018,22.4
BCEAO/IMECO/AAASE1487A0AP,cote_ivoire,ouverture_pib,2019,22.8
BCEAO/IMECO/AAASE1487A0AP,cote_ivoire,ouverture_pib,2020,20.6
BCEAO/IMECO/AAASE1487A0AP,cote_ivoire,ouverture_pib,2021,22.9
BCEAO/IMECO/AAASE1487A0AP,cote_ivoire,ouverture_pib,2022,26.5
BCEAO/IMECO/AAASE1487A0AP,cote_ivoire,ouverture_pib,2023,25.0
BCEAO/IMECO/AAASE1487A0AP,cote_ivoire,ouverture_pib,2024,25.4
BCEAO/IMECO/SSSSE1487A0AP,guinee_bissau,ouverture_pib,2005,39.168
BCEAO/IMECO/SSSSE1487A0AP,guinee_bissau,ouverture_pib,2006,39.455
BCEAO/IMECO/SSSSE1487A0AP,guinee_bissau,ouverture_pib,2007,56.476
BCEAO/IMECO/SSSSE1487A0AP,guinee_bissau,ouverture_pib,2008,58.906
BCEAO/IMECO/SSSSE1487A0AP,guinee_bissau,ouverture_pib,2009,56.925
BCEAO/IMECO/SSSSE1487A0AP,guinee_bissau,ouverture_pib,2010,56.9
BCEAO/IMECO/SSSSE1487A0AP,guinee_bissau,ouverture_pib,2011,56.0
BCEAO/IMECO/SSSSE1487A0AP,guinee_bissau,ouverture_pib,2012,28.3
BCEAO/IMECO/SSSSE1487A0AP,guinee_bissau,ouverture_pib,2013,20.6
BCEAO/IMECO/SSSSE1487A0AP,guinee_bissau,ouverture_pib,2014,22.4
BCEAO/IMECO/SSSSE1487A0AP,guinee_bissau,ouverture_pib,2015,25.8
BCEAO/IMECO/SSSSE1487A0AP,guinee_bissau,ouverture_pib,2016,29.9
BCEAO/IMECO/SSSSE1487A0AP,guinee_bissau,ouverture_pib,2017,27.6
BCEAO/IMECO/SSSSE1487A0AP,guinee_bissau,ouverture_pib,2018,27.0
BCEAO/IMECO/SSSSE1487A0AP,guinee_bissau,ouverture_pib,2019,26.3
BCEAO/IMECO/SSSSE1487A0AP,guinee_bissau,ouverture_pib,2020,21.1
BCEAO/IMECO/SSSSE1487A0AP,guinee_bissau,ouverture_pib,2021,23.7
BCEAO/IMECO/SSSSE1487A0AP,guinee_bissau,ouverture_pib,2022,23.3
BCEAO/IMECO/SSSSE1487A0AP,guinee_bissau,ouverture_pib,2023,21.1
BCEAO/IMECO/SSSSE1487A0AP,guinee_bissau,ouverture_pib,2024,20.6
BCEAO/IMECO/DDDSE1487A0AP,mali,ouverture_pib,2005,29.242
BCEAO/IMECO/DDDSE1487A0AP,mali,ouverture_pib,2006,32.775
BCEAO/IMECO/DDDSE1487A0AP,mali,ouverture_pib,2007,31.877
BCEAO/IMECO/DDDSE1487A0AP,mali,ouverture_pib,2008,36.1
BCEAO/IMECO/DDDSE1487A0AP,mali,ouverture_pib,2009,27.553
BCEAO/IMECO/DDDSE1487A0AP,mali,ouverture_pib,2010,22.1
BCEAO/IMECO/DDDSE1487A0AP,mali,ouverture_pib,2011,25.0
BCEAO/IMECO/DDDSE1487A0AP,mali,ouverture_pib,2012,24.7
BCEAO/IMECO/DDDSE1487A0AP,mali,ouverture_pib,2013,28.5
BCEAO/IMECO/DDDSE1487A0AP,mali,ouverture_pib,2014,29.9
BCEAO/IMECO/DDDSE1487A0AP,mali,ouverture_pib,2015,27.8
BCEAO/IMECO/DDDSE1487A0AP,mali,ouverture_pib,2016,29.7
BCEAO/IMECO/DDDSE1487A0AP,mali,ouverture_pib,2017,29.4
BCEAO/IMECO/DDDSE1487A0AP,mali,ouverture_pib,2018,30.1
BCEAO/IMECO/DDDSE1487A0AP,mali,ouverture_pib,2019,31.8
BCEAO/IMECO/DDDSE1487A0AP,mali,ouverture_pib,2020,33.0
BCEAO/IMECO/DDDSE1487A0AP,mali,ouverture_pib,2021,33.9
BCEAO/IMECO/DDDSE1487A0AP,mali,ouverture_pib,2022,37.6
BCEAO/IMECO/DDDSE1487A0AP,mali,ouverture_pib,2023,28.8
BCEAO/IMECO/DDDSE1487A0AP,mali,ouverture_pib,2024,25.7
BCEAO/IMECO/HHHSE1487A0AP,niger,ouverture_pib,2005,23.952
BCEAO/IMECO/HHHSE1487A0AP,niger,ouverture_pib,2006,22.97
BCEAO/IMECO/HHHSE1487A0AP,niger,ouverture_pib,2007,23.7
BCEAO/IMECO/HHHSE1487A0AP,niger,ouverture_pib,2008,27.702
BCEAO/IMECO/HHHSE1487A0AP,niger,ouverture_pib,2009,33.589
BCEAO/IMECO/HHHSE1487A0AP,niger,ouverture_pib,2010,22.6
BCEAO/IMECO/HHHSE1487A0AP,niger,ouverture_pib,2011,25.0
BCEAO/IMECO/HHHSE1487A0AP,niger,ouverture_pib,2012,22.9
BCEAO/IMECO/HHHSE1487A0AP,niger,ouverture_pib,2013,23.1
BCEAO/IMECO/HHHSE1487A0AP,niger,ouverture_pib,2014,22.6
BCEAO/IMECO/HHHSE1487A0AP,niger,ouverture_pib,2015,22.1
BCEAO/IMECO/HHHSE1487A0AP,niger,ouverture_pib,2016,18.3
BCEAO/IMECO/HHHSE1487A0AP,niger,ouverture_pib,2017,19.5
BCEAO/IMECO/HHHSE1487A0AP,niger,ouverture_pib,2018,18.8
BCEAO/IMECO/HHHSE1487A0AP,niger,ouverture_pib,2019,18.5
BCEAO/IMECO/HHHSE1487A0AP,niger,ouverture_pib,2020,17.8
BCEAO/IMECO/HHHSE1487A0AP,niger,ouverture_pib,2021,18.5
BCEAO/IMECO/HHHSE1487A0AP,niger,ouverture_pib,2022,18.8
BCEAO/IMECO/HHHSE1487A0AP,niger,ouverture_pib,2023,15.1
BCEAO/IMECO/HHHSE1487A0AP,niger,ouverture_pib,2024,14.2
BCEAO/IMECO/KKKSE1487A0AP,senegal,ouverture_pib,2005,34.74
BCEAO/IMECO/KKKSE1487A0AP,senegal,ouverture_pib,2006,34.385
BCEAO/IMECO/KKKSE1487A0AP,senegal,ouverture_pib,2007,36.661
BCEAO/IMECO/KKKSE1487A0AP,senegal,ouverture_pib,2008,39.25
BCEAO/IMECO/KKKSE1487A0AP,senegal,ouverture_pib,2009,32.726
BCEAO/IMECO/KKKSE1487A0AP,senegal,ouverture_pib,2010,23.9
BCEAO/IMECO/KKKSE1487A0AP,senegal,ouverture_pib,2011,23.6
BCEAO/IMECO/KKKSE1487A0AP,senegal,ouverture_pib,2012,29.3
BCEAO/IMECO/KKKSE1487A0AP,senegal,ouverture_pib,2013,29.8
BCEAO/IMECO/KKKSE1487A0AP,senegal,ouverture_pib,2014,29.1
BCEAO/IMECO/KKKSE1487A0AP,senegal,ouverture_pib,2015,29.0
BCEAO/IMECO/KKKSE1487A0AP,senegal,ouverture_pib,2016,27.0
BCEAO/IMECO/KKKSE1487A0AP,senegal,ouverture_pib,2017,28.8
BCEAO/IMECO/KKKSE1487A0AP,senegal,ouverture_pib,2018,30.8
BCEAO/IMECO/KKKSE1487A0AP,senegal,ouverture_pib,2019,32.2
BCEAO/IMECO/KKKSE1487A0AP,senegal,ouverture_pib,2020,30.0
BCEAO/IMECO/KKKSE1487A0AP,senegal,ouverture_pib,2021,34.5
BCEAO/IMECO/KKKSE1487A0AP,senegal,ouverture_pib,2022,40.0
BCEAO/IMECO/KKKSE1487A0AP,senegal,ouverture_pib,2023,35.5
BCEAO/IMECO/KKKSE1487A0AP,senegal,ouverture_pib,2024,34.0
BCEAO/IMECO/TTTSE1487A0AP,togo,ouverture_pib,2005,43.391
BCEAO/IMECO/TTTSE1487A0AP,togo,ouverture_pib,2006,43.503
BCEAO/IMECO/TTTSE1487A0AP,togo,ouverture_pib,2007,43.066
BCEAO/IMECO/TTTSE1487A0AP,togo,ouverture_pib,2008,42.324
BCEAO/IMECO/TTTSE1487A0AP,togo,ouverture_pib,2009,42.88
BCEAO/IMECO/TTTSE1487A0AP,togo,ouverture_pib,2010,40.2
BCEAO/IMECO/TTTSE1487A0AP,togo,ouverture_pib,2011,42.4
BCEAO/IMECO/TTTSE1487A0AP,togo,ouverture_pib,2012,52.7
BCEAO/IMECO/TTTSE1487A0AP,togo,ouverture_pib,2013,56.4
BCEAO/IMECO/TTTSE1487A0AP,togo,ouverture_pib,2014,48.7
BCEAO/IMECO/TTTSE1487A0AP,togo,ouverture_pib,2015,46.8
BCEAO/IMECO/TTTSE1487A0AP,togo,ouverture_pib,2016,44.3
BCEAO/IMECO/TTTSE1487A0AP,togo,ouverture_pib,2017,28.8
BCEAO/IMECO/TTTSE1487A0AP,togo,ouverture_pib,2018,28.7
BCEAO/IMECO/TTTSE1487A0AP,togo,ouverture_pib,2019,27.2
BCEAO/IMECO/TTTSE1487A0AP,togo,ouverture_pib,2020,27.8
BCEAO/IMECO/TTTSE1487A0AP,togo,ouverture_pib,2021,28.2
BCEAO/IMECO/TTTSE1487A0AP,togo,ouverture_pib,2022,32.5
BCEAO/IMECO/TTTSE1487A0AP,togo,ouverture_pib,2023,31.4
BCEAO/IMECO/TTTSE1487A0AP,togo,ouverture_pib,2024,30.5
BCEAO/IMECO/ZZZSE1487A0AP,uemoa,ouverture_pib,2005,34.593
BCEAO/IMECO/ZZZSE1487A0AP,uemoa,ouverture_pib,2006,35.427
BCEAO/IMECO/ZZZSE1487A0AP,uemoa,ouverture_pib,2007,35.505
BCEAO/IMECO/ZZZSE1487A0AP,uemoa,ouverture_pib,2008,36.487
BCEAO/IMECO/ZZZSE1487A0AP,uemoa,ouverture_pib,2009,34.79
BCEAO/IMECO/ZZZSE1487A0AP,uemoa,ouverture_pib,2010,28.1
BCEAO/IMECO/ZZZSE1487A0AP,uemoa,ouverture_pib,2011,30.5
BCEAO/IMECO/ZZZSE1487A0AP,uemoa,ouverture_pib,2012,28.7
BCEAO/IMECO/ZZZSE1487A0AP,uemoa,ouverture_pib,2013,31.2
BCEAO/IMECO/ZZZSE1487A0AP,uemoa,ouverture_pib,2014,28.3
BCEAO/IMECO/ZZZSE1487A0AP,uemoa,ouverture_pib,2015,27.3
BCEAO/IMECO/ZZZSE1487A0AP,uemoa,ouverture_pib,2016,25.8
BCEAO/IMECO/ZZZSE1487A0AP,uemoa,ouverture_pib,2017,26.2
BCEAO/IMECO/ZZZSE1487A0AP,uemoa,ouverture_pib,2018,26.0
BCEAO/IMECO/ZZZSE1487A0AP,uemoa,ouverture_pib,2019,26.3
BCEAO/IMECO/ZZZSE1487A0AP,uemoa,ouverture_pib,2020,24.7
BCEAO/IMECO/ZZZSE1487A0AP,uemoa,ouverture_pib,2021,26.8
BCEAO/IMECO/ZZZSE1487A0AP,uemoa,ouverture_pib,2022,30.1
BCEAO/IMECO/ZZZSE1487A0AP,uemoa,ouverture_pib,2023,27.3
BCEAO/IMECO/ZZZSE1487A0AP,uemoa,ouverture_pib,2024,26.3
BCEAO/IMECO/BBBSE1489A0AP,benin,balance_courante_hors_dons_pib,2005,-5.03
BCEAO/IMECO/BBBSE1489A0AP,benin,balance_courante_hors_dons_pib,2006,-4.525
BCEAO/IMECO/BBBSE1489A0AP,benin,balance_courante_hors_dons_pib,2007,-9.862
BCEAO/IMECO/BBBSE1489A0AP,benin,balance_courante_hors_dons_pib,2008,-8.467
BCEAO/IMECO/BBBSE1489A0AP,benin,balance_courante_hors_dons_pib,2009,-10.594
BCEAO/IMECO/BBBSE1489A0AP,benin,balance_courante_hors_dons_pib,2010,-6.2
BCEAO/IMECO/BBBSE1489A0AP,benin,balance_courante_hors_dons_pib,2011,-5.0
BCEAO/IMECO/BBBSE1489A0AP,benin,balance_courante_hors_dons_pib,2012,-5.7
BCEAO/IMECO/BBBSE1489A0AP,benin,balance_courante_hors_dons_pib,2013,-5.9
BCEAO/IMECO/BBBSE1489A0AP,benin,balance_courante_hors_dons_pib,2014,-6.8
BCEAO/IMECO/BBBSE1489A0AP,benin,balance_courante_hors_dons_pib,2015,-6.5
BCEAO/IMECO/BBBSE1489A0AP,benin,balance_courante_hors_dons_pib,2016,-7.0
BCEAO/IMECO/BBBSE1489A0AP,benin,balance_courante_hors_dons_pib,2017,-7.9
BCEAO/IMECO/BBBSE1489A0AP,benin,balance_courante_hors_dons_pib,2018,-4.8
BCEAO/IMECO/BBBSE1489A0AP,benin,balance_courante_hors_dons_pib,2019,-4.6
BCEAO/IMECO/BBBSE1489A0AP,benin,balance_courante_hors_dons_pib,2020,-2.9
BCEAO/IMECO/BBBSE1489A0AP,benin,balance_courante_hors_dons_pib,2021,-4.5
BCEAO/IMECO/BBBSE1489A0AP,benin,balance_courante_hors_dons_pib,2022,-6.0
BCEAO/IMECO/BBBSE1489A0AP,benin,balance_courante_hors_dons_pib,2023,-8.3
BCEAO/IMECO/BBBSE1489A0AP,benin,balance_courante_hors_dons_pib,2024,-8.1
BCEAO/IMECO/CCCSE1489A0AP,burkina,balance_courante_hors_dons_pib,2005,-13.617
BCEAO/IMECO/CCCSE1489A0AP,burkina,balance_courante_hors_dons_pib,2006,-11.238
BCEAO/IMECO/CCCSE1489A0AP,burkina,balance_courante_hors_dons_pib,2007,-11.198
BCEAO/IMECO/CCCSE1489A0AP,burkina,balance_courante_hors_dons_pib,2008,-13.862
BCEAO/IMECO/CCCSE1489A0AP,burkina,balance_courante_hors_dons_pib,2009,-8.223
BCEAO/IMECO/CCCSE1489A0AP,burkina,balance_courante_hors_dons_pib,2010,-4.8
BCEAO/IMECO/CCCSE1489A0AP,burkina,balance_courante_hors_dons_pib,2011,-4.5
BCEAO/IMECO/CCCSE1489A0AP,burkina,balance_courante_hors_dons_pib,2012,-3.8
BCEAO/IMECO/CCCSE1489A0AP,burkina,balance_courante_hors_dons_pib,2013,-11.8
BCEAO/IMECO/CCCSE1489A0AP,burkina,balance_courante_hors_dons_pib,2014,-8.6
BCEAO/IMECO/CCCSE1489A0AP,burkina,balance_courante_hors_dons_pib,2015,-9.3
BCEAO/IMECO/CCCSE1489A0AP,burkina,balance_courante_hors_dons_pib,2016,-7.1
BCEAO/IMECO/CCCSE1489A0AP,burkina,balance_courante_hors_dons_pib,2017,-7.3
BCEAO/IMECO/CCCSE1489A0AP,burkina,balance_courante_hors_dons_pib,2018,-5.2
BCEAO/IMECO/CCCSE1489A0AP,burkina,balance_courante_hors_dons_pib,2019,-4.2
BCEAO/IMECO/CCCSE1489A0AP,burkina,balance_courante_hors_dons_pib,2020,1.1
BCEAO/IMECO/CCCSE1489A0AP,burkina,balance_courante_hors_dons_pib,2021,-0.3
BCEAO/IMECO/CCCSE1489A0AP,burkina,balance_courante_hors_dons_pib,2022,-8.0
BCEAO/IMECO/CCCSE1489A0AP,burkina,balance_courante_hors_dons_pib,2023,-4.9
BCEAO/IMECO/CCCSE1489A0AP,burkina,balance_courante_hors_dons_pib,2024,-4.3
BCEAO/IMECO/AAASE1489A0AP,cote_ivoire,balance_courante_hors_dons_pib,2005,0.232
BCEAO/IMECO/AAASE1489A0AP,cote_ivoire,balance_courante_hors_dons_pib,2006,2.687
BCEAO/IMECO/AAASE1489A0AP,cote_ivoire,balance_courante_hors_dons_pib,2007,-1.233
BCEAO/IMECO/AAASE1489A0AP,cote_ivoire,balance_courante_hors_dons_pib,2008,0.551
BCEAO/IMECO/AAASE1489A0AP,cote_ivoire,balance_courante_hors_dons_pib,2009,4.382
BCEAO/IMECO/AAASE1489A0AP,cote_ivoire,balance_courante_hors_dons_pib,2010,1.0
BCEAO/IMECO/AAASE1489A0AP,cote_ivoire,balance_courante_hors_dons_pib,2011,7.4
BCEAO/IMECO/AAASE1489A0AP,cote_ivoire,balance_courante_hors_dons_pib,2012,-1.0
BCEAO/IMECO/AAASE1489A0AP,cote_ivoire,balance_courante_hors_dons_pib,2013,-1.3
BCEAO/IMECO/AAASE1489A0AP,cote_ivoire,balance_courante_hors_dons_pib,2014,0.5
BCEAO/IMECO/AAASE1489A0AP,cote_ivoire,balance_courante_hors_dons_pib,2015,-1.0
BCEAO/IMECO/AAASE1489A0AP,cote_ivoire,balance_courante_hors_dons_pib,2016,-1.4
BCEAO/IMECO/AAASE1489A0AP,cote_ivoire,balance_courante_hors_dons_pib,2017,-2.5
BCEAO/IMECO/AAASE1489A0AP,cote_ivoire,balance_courante_hors_dons_pib,2018,-4.0
BCEAO/IMECO/AAASE1489A0AP,cote_ivoire,balance_courante_hors_dons_pib,2019,-2.7
BCEAO/IMECO/AAASE1489A0AP,cote_ivoire,balance_courante_hors_dons_pib,2020,-3.4
BCEAO/IMECO/AAASE1489A0AP,cote_ivoire,balance_courante_hors_dons_pib,2021,-4.2
BCEAO/IMECO/AAASE1489A0AP,cote_ivoire,balance_courante_hors_dons_pib,2022,-8.1
BCEAO/IMECO/AAASE1489A0AP,cote_ivoire,balance_courante_hors_dons_pib,2023,-8.7
BCEAO/IMECO/AAASE1489A0AP,cote_ivoire,balance_courante_hors_dons_pib,2024,-4.9
BCEAO/IMECO/SSSSE1489A0AP,guinee_bissau,balance_courante_hors_dons_pib,2005,-5.037
BCEAO/IMECO/SSSSE1489A0AP,guinee_bissau,balance_courante_hors_dons_pib,2006,-16.247
BCEAO/IMECO/SSSSE1489A0AP,guinee_bissau,balance_courante_hors_dons_pib,2007,-14.287
BCEAO/IMECO/SSSSE1489A0AP,guinee_bissau,balance_courante_hors_dons_pib,2008,-11.673
BCEAO/IMECO/SSSSE1489A0AP,guinee_bissau,balance_courante_hors_dons_pib,2009,-19.513
BCEAO/IMECO/SSSSE1489A0AP,guinee_bissau,balance_courante_hors_dons_pib,2010,-17.2
BCEAO/IMECO/SSSSE1489A0AP,guinee_bissau,balance_courante_hors_dons_pib,2011,-3.5
BCEAO/IMECO/SSSSE1489A0AP,guinee_bissau,balance_courante_hors_dons_pib,2012,-10.2
BCEAO/IMECO/SSSSE1489A0AP,guinee_bissau,balance_courante_hors_dons_pib,2013,-5.1
BCEAO/IMECO/SSSSE1489A0AP,guinee_bissau,balance_courante_hors_dons_pib,2014,-3.6
BCEAO/IMECO/SSSSE1489A0AP,guinee_bissau,balance_courante_hors_dons_pib,2015,1.0
BCEAO/IMECO/SSSSE1489A0AP,guinee_bissau,balance_courante_hors_dons_pib,2016,1.2
BCEAO/IMECO/SSSSE1489A0AP,guinee_bissau,balance_courante_hors_dons_pib,2017,-0.1
BCEAO/IMECO/SSSSE1489A0AP,guinee_bissau,balance_courante_hors_dons_pib,2018,-2.9
BCEAO/IMECO/SSSSE1489A0AP,guinee_bissau,balance_courante_hors_dons_pib,2019,-8.2
BCEAO/IMECO/SSSSE1489A0AP,guinee_bissau,balance_courante_hors_dons_pib,2020,-3.5
BCEAO/IMECO/SSSSE1489A0AP,guinee_bissau,balance_courante_hors_dons_pib,2021,-1.0
BCEAO/IMECO/SSSSE1489A0AP,guinee_bissau,balance_courante_hors_dons_pib,2022,-8.6
BCEAO/IMECO/SSSSE1489A0AP,guinee_bissau,balance_courante_hors_dons_pib,2023,-7.7
BCEAO/IMECO/SSSSE1489A0AP,guinee_bissau,balance_courante_hors_dons_pib,2024,-7.1
BCEAO/IMECO/DDDSE1489A0AP,mali,balance_courante_hors_dons_pib,2005,-9.533
BCEAO/IMECO/DDDSE1489A0AP,mali,balance_courante_hors_dons_pib,2006,-4.945
BCEAO/IMECO/DDDSE1489A0AP,mali,balance_courante_hors_dons_pib,2007,-9.0
BCEAO/IMECO/DDDSE1489A0AP,mali,balance_courante_hors_dons_pib,2008,-12.809
BCEAO/IMECO/DDDSE1489A0AP,mali,balance_courante_hors_dons_pib,2009,-8.531
BCEAO/IMECO/DDDSE1489A0AP,mali,balance_courante_hors_dons_pib,2010,-12.2
BCEAO/IMECO/DDDSE1489A0AP,mali,balance_courante_hors_dons_pib,2011,-6.0
BCEAO/IMECO/DDDSE1489A0AP,mali,balance_courante_hors_dons_pib,2012,-2.3
BCEAO/IMECO/DDDSE1489A0AP,mali,balance_courante_hors_dons_pib,2013,-4.5
BCEAO/IMECO/DDDSE1489A0AP,mali,balance_courante_hors_dons_pib,2014,-5.7
BCEAO/IMECO/DDDSE1489A0AP,mali,balance_courante_hors_dons_pib,2015,-5.9
BCEAO/IMECO/DDDSE1489A0AP,mali,balance_courante_hors_dons_pib,2016,-6.5
BCEAO/IMECO/DDDSE1489A0AP,mali,balance_courante_hors_dons_pib,2017,-7.1
BCEAO/IMECO/DDDSE1489A0AP,mali,balance_courante_hors_dons_pib,2018,-4.5
BCEAO/IMECO/DDDSE1489A0AP,mali,balance_courante_hors_dons_pib,2019,-7.2
BCEAO/IMECO/DDDSE1489A0AP,mali,balance_courante_hors_dons_pib,2020,-2.2
BCEAO/IMECO/DDDSE1489A0AP,mali,balance_courante_hors_dons_pib,2021,-6.5
BCEAO/IMECO/DDDSE1489A0AP,mali,balance_courante_hors_dons_pib,2022,-7.9
BCEAO/IMECO/DDDSE1489A0AP,mali,balance_courante_hors_dons_pib,2023,-6.6
BCEAO/IMECO/DDDSE1489A0AP,mali,balance_courante_hors_dons_pib,2024,-5.3
BCEAO/IMECO/HHHSE1489A0AP,niger,balance_courante_hors_dons_pib,2005,-11.411
BCEAO/IMECO/HHHSE1489A0AP,niger,balance_courante_hors_dons_pib,2006,-9.582
BCEAO/IMECO/HHHSE1489A0AP,niger,balance_courante_hors_dons_pib,2007,-9.545
BCEAO/IMECO/HHHSE1489A0AP,niger,balance_courante_hors_dons_pib,2008,-13.527
BCEAO/IMECO/HHHSE1489A0AP,niger,balance_courante_hors_dons_pib,2009,-24.69
BCEAO/IMECO/HHHSE1489A0AP,niger,balance_courante_hors_dons_pib,2010,-16.1
BCEAO/IMECO/HHHSE1489A0AP,niger,balance_courante_hors_dons_pib,2011,-18.0
BCEAO/IMECO/HHHSE1489A0AP,niger,balance_courante_hors_dons_pib,2012,-13.1
BCEAO/IMECO/HHHSE1489A0AP,niger,balance_courante_hors_dons_pib,2013,-12.4
BCEAO/IMECO/HHHSE1489A0AP,niger,balance_courante_hors_dons_pib,2014,-13.3
BCEAO/IMECO/HHHSE1489A0AP,niger,balance_courante_hors_dons_pib,2015,-16.7
BCEAO/IMECO/HHHSE1489A0AP,niger,balance_courante_hors_dons_pib,2016,-12.4
BCEAO/IMECO/HHHSE1489A0AP,niger,balance_courante_hors_dons_pib,2017,-13.2
BCEAO/IMECO/HHHSE1489A0AP,niger,balance_courante_hors_dons_pib,2018,-14.5
BCEAO/IMECO/HHHSE1489A0AP,niger,balance_courante_hors_dons_pib,2019,-14.7
BCEAO/IMECO/HHHSE1489A0AP,niger,balance_courante_hors_dons_pib,2020,-15.3
BCEAO/IMECO/HHHSE1489A0AP,niger,balance_courante_hors_dons_pib,2021,-16.0
BCEAO/IMECO/HHHSE1489A0AP,niger,balance_courante_hors_dons_pib,2022,-17.0
BCEAO/IMECO/HHHSE1489A0AP,niger,balance_courante_hors_dons_pib,2023,-14.4
BCEAO/IMECO/HHHSE1489A0AP,niger,balance_courante_hors_dons_pib,2024,-6.7
BCEAO/IMECO/KKKSE1489A0AP,senegal,balance_courante_hors_dons_pib,2005,-8.013
BCEAO/IMECO/KKKSE1489A0AP,senegal,balance_courante_hors_dons_pib,2006,-9.392
BCEAO/IMECO/KKKSE1489A0AP,senegal,balance_courante_hors_dons_pib,2007,-12.588
BCEAO/IMECO/KKKSE1489A0AP,senegal,balance_courante_hors_dons_pib,2008,-14.713
BCEAO/IMECO/KKKSE1489A0AP,senegal,balance_courante_hors_dons_pib,2009,-7.43
BCEAO/IMECO/KKKSE1489A0AP,senegal,balance_courante_hors_dons_pib,2010,-4.5
BCEAO/IMECO/KKKSE1489A0AP,senegal,balance_courante_hors_dons_pib,2011,-6.9
BCEAO/IMECO/KKKSE1489A0AP,senegal,balance_courante_hors_dons_pib,2012,-9.2
BCEAO/IMECO/KKKSE1489A0AP,senegal,balance_courante_hors_dons_pib,2013,-8.4
BCEAO/IMECO/KKKSE1489A0AP,senegal,balance_courante_hors_dons_pib,2014,-7.2
BCEAO/IMECO/KKKSE1489A0AP,senegal,balance_courante_hors_dons_pib,2015,-5.6
BCEAO/IMECO/KKKSE1489A0AP,senegal,balance_courante_hors_dons_pib,2016,-4.5
BCEAO/IMECO/KKKSE1489A0AP,senegal,balance_courante_hors_dons_pib,2017,-7.7
BCEAO/IMECO/KKKSE1489A0AP,senegal,balance_courante_hors_dons_pib,2018,-9.7
BCEAO/IMECO/KKKSE1489A0AP,senegal,balance_courante_hors_dons_pib,2019,-8.2
BCEAO/IMECO/KKKSE1489A0AP,senegal,balance_courante_hors_dons_pib,2020,-12.2
BCEAO/IMECO/KKKSE1489A0AP,senegal,balance_courante_hors_dons_pib,2021,-12.2
BCEAO/IMECO/KKKSE1489A0AP,senegal,balance_courante_hors_dons_pib,2022,-20.2
BCEAO/IMECO/KKKSE1489A0AP,senegal,balance_courante_hors_dons_pib,2023,-20.1
BCEAO/IMECO/KKKSE1489A0AP,senegal,balance_courante_hors_dons_pib,2024,-13.3
BCEAO/IMECO/TTTSE1489A0AP,togo,balance_courante_hors_dons_pib,2005,-9.996
BCEAO/IMECO/TTTSE1489A0AP,togo,balance_courante_hors_dons_pib,2006,-8.83
BCEAO/IMECO/TTTSE1489A0AP,togo,balance_courante_hors_dons_pib,2007,-9.425
BCEAO/IMECO/TTTSE1489A0AP,togo,balance_courante_hors_dons_pib,2008,-7.974
BCEAO/IMECO/TTTSE1489A0AP,togo,balance_courante_hors_dons_pib,2009,-6.684
BCEAO/IMECO/TTTSE1489A0AP,togo,balance_courante_hors_dons_pib,2010,-5.2
BCEAO/IMECO/TTTSE1489A0AP,togo,balance_courante_hors_dons_pib,2011,-6.5
BCEAO/IMECO/TTTSE1489A0AP,togo,balance_courante_hors_dons_pib,2012,-5.4
BCEAO/IMECO/TTTSE1489A0AP,togo,balance_courante_hors_dons_pib,2013,-9.4
BCEAO/IMECO/TTTSE1489A0AP,togo,balance_courante_hors_dons_pib,2014,-7.2
BCEAO/IMECO/TTTSE1489A0AP,togo,balance_courante_hors_dons_pib,2015,-8.2
BCEAO/IMECO/TTTSE1489A0AP,togo,balance_courante_hors_dons_pib,2016,-7.5
BCEAO/IMECO/TTTSE1489A0AP,togo,balance_courante_hors_dons_pib,2017,-1.8
BCEAO/IMECO/TTTSE1489A0AP,togo,balance_courante_hors_dons_pib,2018,-3.5
BCEAO/IMECO/TTTSE1489A0AP,togo,balance_courante_hors_dons_pib,2019,-1.6
BCEAO/IMECO/TTTSE1489A0AP,togo,balance_courante_hors_dons_pib,2020,-1.2
BCEAO/IMECO/TTTSE1489A0AP,togo,balance_courante_hors_dons_pib,2021,-2.3
BCEAO/IMECO/TTTSE1489A0AP,togo,balance_courante_hors_dons_pib,2022,-4.1
BCEAO/IMECO/TTTSE1489A0AP,togo,balance_courante_hors_dons_pib,2023,-4.1
BCEAO/IMECO/TTTSE1489A0AP,togo,balance_courante_hors_dons_pib,2024,-4.1
BCEAO/IMECO/ZZZSE1489A0AP,uemoa,balance_courante_hors_dons_pib,2005,-5.878
BCEAO/IMECO/ZZZSE1489A0AP,uemoa,balance_courante_hors_dons_pib,2006,-4.412
BCEAO/IMECO/ZZZSE1489A0AP,uemoa,balance_courante_hors_dons_pib,2007,-7.473
BCEAO/IMECO/ZZZSE1489A0AP,uemoa,balance_courante_hors_dons_pib,2008,-8.141
BCEAO/IMECO/ZZZSE1489A0AP,uemoa,balance_courante_hors_dons_pib,2009,-5.36
BCEAO/IMECO/ZZZSE1489A0AP,uemoa,balance_courante_hors_dons_pib,2010,-4.7
BCEAO/IMECO/ZZZSE1489A0AP,uemoa,balance_courante_hors_dons_pib,2011,-2.3
BCEAO/IMECO/ZZZSE1489A0AP,uemoa,balance_courante_hors_dons_pib,2012,-4.7
BCEAO/IMECO/ZZZSE1489A0AP,uemoa,balance_courante_hors_dons_pib,2013,-5.9
BCEAO/IMECO/ZZZSE1489A0AP,uemoa,balance_courante_hors_dons_pib,2014,-4.7
BCEAO/IMECO/ZZZSE1489A0AP,uemoa,balance_courante_hors_dons_pib,2015,-5.3
BCEAO/IMECO/ZZZSE1489A0AP,uemoa,balance_courante_hors_dons_pib,2016,-4.8
BCEAO/IMECO/ZZZSE1489A0AP,uemoa,balance_courante_hors_dons_pib,2017,-5.7
BCEAO/IMECO/ZZZSE1489A0AP,uemoa,balance_courante_hors_dons_pib,2018,-6.0
BCEAO/IMECO/ZZZSE1489A0AP,uemoa,balance_courante_hors_dons_pib,2019,-5.5
BCEAO/IMECO/ZZZSE1489A0AP,uemoa,balance_courante_hors_dons_pib,2020,-5.0
BCEAO/IMECO/ZZZSE1489A0AP,uemoa,balance_courante_hors_dons_pib,2021,-6.2
BCEAO/IMECO/ZZZSE1489A0AP,uemoa,balance_courante_hors_dons_pib,2022,-10.3
BCEAO/IMECO/ZZZSE1489A0AP,uemoa,balance_courante_hors_dons_pib,2023,-9.7
BCEAO/IMECO/ZZZSE1489A0AP,uemoa,balance_courante_hors_dons_pib,2024,-6.6
BCEAO/IMECO/BBBSF1581A0AP,benin,creances_interieures_pib,2001,2.97
BCEAO/IMECO/BBBSF1581A0AP,benin,creances_interieures_pib,2002,3.84
BCEAO/IMECO/BBBSF1581A0AP,benin,creances_interieures_pib,2003,6.36
BCEAO/IMECO/BBBSF1581A0AP,benin,creances_interieures_pib,2004,6.53
BCEAO/IMECO/BBBSF1581A0AP,benin,creances_interieures_pib,2005,8.07
BCEAO/IMECO/BBBSF1581A0AP,benin,creances_interieures_pib,2006,6.94
BCEAO/IMECO/BBBSF1581A0AP,benin,creances_interieures_pib,2007,5.93
BCEAO/IMECO/BBBSF1581A0AP,benin,creances_interieures_pib,2008,9.79
BCEAO/IMECO/BBBSF1581A0AP,benin,creances_interieures_pib,2009,13.7
BCEAO/IMECO/BBBSF1581A0AP,benin,creances_interieures_pib,2010,13.4
BCEAO/IMECO/BBBSF1581A0AP,benin,creances_interieures_pib,2011,15.7
BCEAO/IMECO/BBBSF1581A0AP,benin,creances_interieures_pib,2012,14.5
BCEAO/IMECO/BBBSF1581A0AP,benin,creances_interieures_pib,2013,15.2
BCEAO/IMECO/BBBSF1581A0AP,benin,creances_interieures_pib,2014,16.6
BCEAO/IMECO/BBBSF1581A0AP,benin,creances_interieures_pib,2015,16.6
BCEAO/IMECO/BBBSF1581A0AP,benin,creances_interieures_pib,2016,19.1
BCEAO/IMECO/BBBSF1581A0AP,benin,creances_interieures_pib,2017,20.6
BCEAO/IMECO/BBBSF1581A0AP,benin,creances_interieures_pib,2018,19.5
BCEAO/IMECO/BBBSF1581A0AP,benin,creances_interieures_pib,2019,17.1
BCEAO/IMECO/BBBSF1581A0AP,benin,creances_interieures_pib,2020,19.0
BCEAO/IMECO/BBBSF1581A0AP,benin,creances_interieures_pib,2021,17.4
BCEAO/IMECO/BBBSF1581A0AP,benin,creances_interieures_pib,2022,19.5
BCEAO/IMECO/BBBSF1581A0AP,benin,creances_interieures_pib,2023,21.2
BCEAO/IMECO/BBBSF1581A0AP,benin,creances_interieures_pib,2024,22.6
BCEAO/IMECO/CCCSF1581A0AP,burkina,creances_interieures_pib,2001,13.2
BCEAO/IMECO/CCCSF1581A0AP,burkina,creances_interieures_pib,2002,12.64
BCEAO/IMECO/CCCSF1581A0AP,burkina,creances_interieures_pib,2003,13.45
BCEAO/IMECO/CCCSF1581A0AP,burkina,creances_interieures_pib,2004,13.4
BCEAO/IMECO/CCCSF1581A0AP,burkina,creances_interieures_pib,2005,14.94
BCEAO/IMECO/CCCSF1581A0AP,burkina,creances_interieures_pib,2006,14.98
BCEAO/IMECO/CCCSF1581A0AP,burkina,creances_interieures_pib,2007,12.41
BCEAO/IMECO/CCCSF1581A0AP,burkina,creances_interieures_pib,2008,14.72
BCEAO/IMECO/CCCSF1581A0AP,burkina,creances_interieures_pib,2009,14.73
BCEAO/IMECO/CCCSF1581A0AP,burkina,creances_interieures_pib,2010,16.3
BCEAO/IMECO/CCCSF1581A0AP,burkina,creances_interieures_pib,2011,16.5
BCEAO/IMECO/CCCSF1581A0AP,burkina,creances_interieures_pib,2012,18.1
BCEAO/IMECO/CCCSF1581A0AP,burkina,creances_interieures_pib,2013,23.0
BCEAO/IMECO/CCCSF1581A0AP,burkina,creances_interieures_pib,2014,27.2
BCEAO/IMECO/CCCSF1581A0AP,burkina,creances_interieures_pib,2015,29.1
BCEAO/IMECO/CCCSF1581A0AP,burkina,creances_interieures_pib,2016,27.0
BCEAO/IMECO/CCCSF1581A0AP,burkina,creances_interieures_pib,2017,29.7
BCEAO/IMECO/CCCSF1581A0AP,burkina,creances_interieures_pib,2018,30.8
BCEAO/IMECO/CCCSF1581A0AP,burkina,creances_interieures_pib,2019,32.7
BCEAO/IMECO/CCCSF1581A0AP,burkina,creances_interieures_pib,2020,33.1
BCEAO/IMECO/CCCSF1581A0AP,burkina,creances_interieures_pib,2021,32.0
BCEAO/IMECO/CCCSF1581A0AP,burkina,creances_interieures_pib,2022,37.0
BCEAO/IMECO/CCCSF1581A0AP,burkina,creances_interieures_pib,2023,38.2
BCEAO/IMECO/CCCSF1581A0AP,burkina,creances_interieures_pib,2024,36.2
BCEAO/IMECO/AAASF1581A0AP,cote_ivoire,creances_interieures_pib,2001,14.73
BCEAO/IMECO/AAASF1581A0AP,cote_ivoire,creances_interieures_pib,2002,14.2
BCEAO/IMECO/AAASF1581A0AP,cote_ivoire,creances_interieures_pib,2003,12.21
BCEAO/IMECO/AAASF1581A0AP,cote_ivoire,creances_interieures_pib,2004,12.55
BCEAO/IMECO/AAASF1581A0AP,cote_ivoire,creances_interieures_pib,2005,12.59
BCEAO/IMECO/AAASF1581A0AP,cote_ivoire,creances_interieures_pib,2006,12.72
BCEAO/IMECO/AAASF1581A0AP,cote_ivoire,creances_interieures_pib,2007,14.56
BCEAO/IMECO/AAASF1581A0AP,cote_ivoire,creances_interieures_pib,2008,15.86
BCEAO/IMECO/AAASF1581A0AP,cote_ivoire,creances_interieures_pib,2009,18.09
BCEAO/IMECO/AAASF1581A0AP,cote_ivoire,creances_interieures_pib,2010,19.4
BCEAO/IMECO/AAASF1581A0AP,cote_ivoire,creances_interieures_pib,2011,19.6
BCEAO/IMECO/AAASF1581A0AP,cote_ivoire,creances_interieures_pib,2012,20.2
BCEAO/IMECO/AAASF1581A0AP,cote_ivoire,creances_interieures_pib,2013,21.2
BCEAO/IMECO/AAASF1581A0AP,cote_ivoire,creances_interieures_pib,2014,22.1
BCEAO/IMECO/AAASF1581A0AP,cote_ivoire,creances_interieures_pib,2015,23.3
BCEAO/IMECO/AAASF1581A0AP,cote_ivoire,creances_interieures_pib,2016,25.2
BCEAO/IMECO/AAASF1581A0AP,cote_ivoire,creances_interieures_pib,2017,27.2
BCEAO/IMECO/AAASF1581A0AP,cote_ivoire,creances_interieures_pib,2018,28.7
BCEAO/IMECO/AAASF1581A0AP,cote_ivoire,creances_interieures_pib,2019,28.9
BCEAO/IMECO/AAASF1581A0AP,cote_ivoire,creances_interieures_pib,2020,33.2
BCEAO/IMECO/AAASF1581A0AP,cote_ivoire,creances_interieures_pib,2021,34.1
BCEAO/IMECO/AAASF1581A0AP,cote_ivoire,creances_interieures_pib,2022,35.9
BCEAO/IMECO/AAASF1581A0AP,cote_ivoire,creances_interieures_pib,2023,37.0
BCEAO/IMECO/AAASF1581A0AP,cote_ivoire,creances_interieures_pib,2024,37.9
BCEAO/IMECO/SSSSF1581A0AP,guinee_bissau,creances_interieures_pib,2001,6.56
BCEAO/IMECO/SSSSF1581A0AP,guinee_bissau,creances_interieures_pib,2002,7.11
BCEAO/IMECO/SSSSF1581A0AP,guinee_bissau,creances_interieures_pib,2003,5.54
BCEAO/IMECO/SSSSF1581A0AP,guinee_bissau,creances_interieures_pib,2004,3.9
BCEAO/IMECO/SSSSF1581A0AP,guinee_bissau,creances_interieures_pib,2005,4.7
BCEAO/IMECO/SSSSF1581A0AP,guinee_bissau,creances_interieures_pib,2006,5.05
BCEAO/IMECO/SSSSF1581A0AP,guinee_bissau,creances_interieures_pib,2007,5.74
BCEAO/IMECO/SSSSF1581A0AP,guinee_bissau,creances_interieures_pib,2008,7.07
BCEAO/IMECO/SSSSF1581A0AP,guinee_bissau,creances_interieures_pib,2009,5.92
BCEAO/IMECO/SSSSF1581A0AP,guinee_bissau,creances_interieures_pib,2010,9.2
BCEAO/IMECO/SSSSF1581A0AP,guinee_bissau,creances_interieures_pib,2011,11.5
BCEAO/IMECO/SSSSF1581A0AP,guinee_bissau,creances_interieures_pib,2012,20.0
BCEAO/IMECO/SSSSF1581A0AP,guinee_bissau,creances_interieures_pib,2013,17.2
BCEAO/IMECO/SSSSF1581A0AP,guinee_bissau,creances_interieures_pib,2014,21.0
BCEAO/IMECO/SSSSF1581A0AP,guinee_bissau,creances_interieures_pib,2015,22.2
BCEAO/IMECO/SSSSF1581A0AP,guinee_bissau,creances_interieures_pib,2016,22.7
BCEAO/IMECO/SSSSF1581A0AP,guinee_bissau,creances_interieures_pib,2017,19.2
BCEAO/IMECO/SSSSF1581A0AP,guinee_bissau,creances_interieures_pib,2018,20.1
BCEAO/IMECO/SSSSF1581A0AP,guinee_bissau,creances_interieures_pib,2019,21.2
BCEAO/IMECO/SSSSF1581A0AP,guinee_bissau,creances_interieures_pib,2020,20.1
BCEAO/IMECO/SSSSF1581A0AP,guinee_bissau,creances_interieures_pib,2021,21.9
BCEAO/IMECO/SSSSF1581A0AP,guinee_bissau,creances_interieures_pib,2022,25.1
BCEAO/IMECO/SSSSF1581A0AP,guinee_bissau,creances_interieures_pib,2023,25.0
BCEAO/IMECO/SSSSF1581A0AP,guinee_bissau,creances_interieures_pib,2024,24.3
BCEAO/IMECO/DDDSF1581A0AP,mali,creances_interieures_pib,2001,12.97
BCEAO/IMECO/DDDSF1581A0AP,mali,creances_interieures_pib,2002,14.17
BCEAO/IMECO/DDDSF1581A0AP,mali,creances_interieures_pib,2003,14.92
BCEAO/IMECO/DDDSF1581A0AP,mali,creances_interieures_pib,2004,15.85
BCEAO/IMECO/DDDSF1581A0AP,mali,creances_interieures_pib,2005,13.78
BCEAO/IMECO/DDDSF1581A0AP,mali,creances_interieures_pib,2006,12.39
BCEAO/IMECO/DDDSF1581A0AP,mali,creances_interieures_pib,2007,12.67
BCEAO/IMECO/DDDSF1581A0AP,mali,creances_interieures_pib,2008,11.25
BCEAO/IMECO/DDDSF1581A0AP,mali,creances_interieures_pib,2009,12.79
BCEAO/IMECO/DDDSF1581A0AP,mali,creances_interieures_pib,2010,15.3
BCEAO/IMECO/DDDSF1581A0AP,mali,creances_interieures_pib,2011,17.9
BCEAO/IMECO/DDDSF1581A0AP,mali,creances_interieures_pib,2012,21.0
BCEAO/IMECO/DDDSF1581A0AP,mali,creances_interieures_pib,2013,21.6
BCEAO/IMECO/DDDSF1581A0AP,mali,creances_interieures_pib,2014,23.9
BCEAO/IMECO/DDDSF1581A0AP,mali,creances_interieures_pib,2015,26.9
BCEAO/IMECO/DDDSF1581A0AP,mali,creances_interieures_pib,2016,26.2
BCEAO/IMECO/DDDSF1581A0AP,mali,creances_interieures_pib,2017,26.9
BCEAO/IMECO/DDDSF1581A0AP,mali,creances_interieures_pib,2018,27.2
BCEAO/IMECO/DDDSF1581A0AP,mali,creances_interieures_pib,2019,24.9
BCEAO/IMECO/DDDSF1581A0AP,mali,creances_interieures_pib,2020,28.3
BCEAO/IMECO/DDDSF1581A0AP,mali,creances_interieures_pib,2021,31.2
BCEAO/IMECO/DDDSF1581A0AP,mali,creances_interieures_pib,2022,36.4
BCEAO/IMECO/DDDSF1581A0AP,mali,creances_interieures_pib,2023,37.5
BCEAO/IMECO/DDDSF1581A0AP,mali,creances_interieures_pib,2024,35.5
BCEAO/IMECO/HHHSF1581A0AP,niger,creances_interieures_pib,2001,6.31
BCEAO/IMECO/HHHSF1581A0AP,niger,creances_interieures_pib,2002,6.55
BCEAO/IMECO/HHHSF1581A0AP,niger,creances_interieures_pib,2003,7.08
BCEAO/IMECO/HHHSF1581A0AP,niger,creances_interieures_pib,2004,8.98
BCEAO/IMECO/HHHSF1581A0AP,niger,creances_interieures_pib,2005,7.93
BCEAO/IMECO/HHHSF1581A0AP,niger,creances_interieures_pib,2006,5.84
BCEAO/IMECO/HHHSF1581A0AP,niger,creances_interieures_pib,2007,5.14
BCEAO/IMECO/HHHSF1581A0AP,niger,creances_interieures_pib,2008,5.49
BCEAO/IMECO/HHHSF1581A0AP,niger,creances_interieures_pib,2009,10.35
BCEAO/IMECO/HHHSF1581A0AP,niger,creances_interieures_pib,2010,10.5
BCEAO/IMECO/HHHSF1581A0AP,niger,creances_interieures_pib,2011,11.7
BCEAO/IMECO/HHHSF1581A0AP,niger,creances_interieures_pib,2012,11.0
BCEAO/IMECO/HHHSF1581A0AP,niger,creances_interieures_pib,2013,10.2
BCEAO/IMECO/HHHSF1581A0AP,niger,creances_interieures_pib,2014,11.1
BCEAO/IMECO/HHHSF1581A0AP,niger,creances_interieures_pib,2015,13.9
BCEAO/IMECO/HHHSF1581A0AP,niger,creances_interieures_pib,2016,14.7
BCEAO/IMECO/HHHSF1581A0AP,niger,creances_interieures_pib,2017,15.6
BCEAO/IMECO/HHHSF1581A0AP,niger,creances_interieures_pib,2018,15.8
BCEAO/IMECO/HHHSF1581A0AP,niger,creances_interieures_pib,2019,13.1
BCEAO/IMECO/HHHSF1581A0AP,niger,creances_interieures_pib,2020,15.6
BCEAO/IMECO/HHHSF1581A0AP,niger,creances_interieures_pib,2021,16.3
BCEAO/IMECO/HHHSF1581A0AP,niger,creances_interieures_pib,2022,16.4
BCEAO/IMECO/HHHSF1581A0AP,niger,creances_interieures_pib,2023,17.5
BCEAO/IMECO/HHHSF1581A0AP,niger,creances_interieures_pib,2024,17.1
BCEAO/IMECO/KKKSF1581A0AP,senegal,creances_interieures_pib,2001,17.57
BCEAO/IMECO/KKKSF1581A0AP,senegal,creances_interieures_pib,2002,16.31
BCEAO/IMECO/KKKSF1581A0AP,senegal,creances_interieures_pib,2003,16.69
BCEAO/IMECO/KKKSF1581A0AP,senegal,creances_interieures_pib,2004,16.58
BCEAO/IMECO/KKKSF1581A0AP,senegal,creances_interieures_pib,2005,17.77
BCEAO/IMECO/KKKSF1581A0AP,senegal,creances_interieures_pib,2006,18.37
BCEAO/IMECO/KKKSF1581A0AP,senegal,creances_interieures_pib,2007,19.76
BCEAO/IMECO/KKKSF1581A0AP,senegal,creances_interieures_pib,2008,22.69
BCEAO/IMECO/KKKSF1581A0AP,senegal,creances_interieures_pib,2009,25.27
BCEAO/IMECO/KKKSF1581A0AP,senegal,creances_interieures_pib,2010,26.6
BCEAO/IMECO/KKKSF1581A0AP,senegal,creances_interieures_pib,2011,28.2
BCEAO/IMECO/KKKSF1581A0AP,senegal,creances_interieures_pib,2012,28.0
BCEAO/IMECO/KKKSF1581A0AP,senegal,creances_interieures_pib,2013,31.4
BCEAO/IMECO/KKKSF1581A0AP,senegal,creances_interieures_pib,2014,31.9
BCEAO/IMECO/KKKSF1581A0AP,senegal,creances_interieures_pib,2015,33.6
BCEAO/IMECO/KKKSF1581A0AP,senegal,creances_interieures_pib,2016,36.3
BCEAO/IMECO/KKKSF1581A0AP,senegal,creances_interieures_pib,2017,37.8
BCEAO/IMECO/KKKSF1581A0AP,senegal,creances_interieures_pib,2018,36.9
BCEAO/IMECO/KKKSF1581A0AP,senegal,creances_interieures_pib,2019,37.6
BCEAO/IMECO/KKKSF1581A0AP,senegal,creances_interieures_pib,2020,43.2
BCEAO/IMECO/KKKSF1581A0AP,senegal,creances_interieures_pib,2021,45.7
BCEAO/IMECO/KKKSF1581A0AP,senegal,creances_interieures_pib,2022,51.9
BCEAO/IMECO/KKKSF1581A0AP,senegal,creances_interieures_pib,2023,54.7
BCEAO/IMECO/KKKSF1581A0AP,senegal,creances_interieures_pib,2024,50.7
BCEAO/IMECO/TTTSF1581A0AP,togo,creances_interieures_pib,2001,12.33
BCEAO/IMECO/TTTSF1581A0AP,togo,creances_interieures_pib,2002,9.81
BCEAO/IMECO/TTTSF1581A0AP,togo,creances_interieures_pib,2003,10.61
BCEAO/IMECO/TTTSF1581A0AP,togo,creances_interieures_pib,2004,10.79
BCEAO/IMECO/TTTSF1581A0AP,togo,creances_interieures_pib,2005,11.69
BCEAO/IMECO/TTTSF1581A0AP,togo,creances_interieures_pib,2006,11.47
BCEAO/IMECO/TTTSF1581A0AP,togo,creances_interieures_pib,2007,14.63
BCEAO/IMECO/TTTSF1581A0AP,togo,creances_interieures_pib,2008,17.09
BCEAO/IMECO/TTTSF1581A0AP,togo,creances_interieures_pib,2009,19.83
BCEAO/IMECO/TTTSF1581A0AP,togo,creances_interieures_pib,2010,22.5
BCEAO/IMECO/TTTSF1581A0AP,togo,creances_interieures_pib,2011,24.4
BCEAO/IMECO/TTTSF1581A0AP,togo,creances_interieures_pib,2012,27.2
BCEAO/IMECO/TTTSF1581A0AP,togo,creances_interieures_pib,2013,31.0
BCEAO/IMECO/TTTSF1581A0AP,togo,creances_interieures_pib,2014,29.9
BCEAO/IMECO/TTTSF1581A0AP,togo,creances_interieures_pib,2015,32.9
BCEAO/IMECO/TTTSF1581A0AP,togo,creances_interieures_pib,2016,32.9
BCEAO/IMECO/TTTSF1581A0AP,togo,creances_interieures_pib,2017,36.2
BCEAO/IMECO/TTTSF1581A0AP,togo,creances_interieures_pib,2018,36.7
BCEAO/IMECO/TTTSF1581A0AP,togo,creances_interieures_pib,2019,32.8
BCEAO/IMECO/TTTSF1581A0AP,togo,creances_interieures_pib,2020,31.0
BCEAO/IMECO/TTTSF1581A0AP,togo,creances_interieures_pib,2021,31.0
BCEAO/IMECO/TTTSF1581A0AP,togo,creances_interieures_pib,2022,36.2
BCEAO/IMECO/TTTSF1581A0AP,togo,creances_interieures_pib,2023,44.7
BCEAO/IMECO/TTTSF1581A0AP,togo,creances_interieures_pib,2024,37.5
BCEAO/IMECO/ZZZSF1581A0AP,uemoa,creances_interieures_pib,2001,13.3
BCEAO/IMECO/ZZZSF1581A0AP,uemoa,creances_interieures_pib,2002,13.37
BCEAO/IMECO/ZZZSF1581A0AP,uemoa,creances_interieures_pib,2003,13.19
BCEAO/IMECO/ZZZSF1581A0AP,uemoa,creances_interieures_pib,2004,13.51
BCEAO/IMECO/ZZZSF1581A0AP,uemoa,creances_interieures_pib,2005,13.71
BCEAO/IMECO/ZZZSF1581A0AP,uemoa,creances_interieures_pib,2006,13.12
BCEAO/IMECO/ZZZSF1581A0AP,uemoa,creances_interieures_pib,2007,13.83
BCEAO/IMECO/ZZZSF1581A0AP,uemoa,creances_interieures_pib,2008,16.67
BCEAO/IMECO/ZZZSF1581A0AP,uemoa,creances_interieures_pib,2009,19.46
BCEAO/IMECO/ZZZSF1581A0AP,uemoa,creances_interieures_pib,2010,21.53
BCEAO/IMECO/ZZZSF1581A0AP,uemoa,creances_interieures_pib,2011,23.11
BCEAO/IMECO/ZZZSF1581A0AP,uemoa,creances_interieures_pib,2012,24.02
BCEAO/IMECO/ZZZSF1581A0AP,uemoa,creances_interieures_pib,2013,26.45
BCEAO/IMECO/ZZZSF1581A0AP,uemoa,creances_interieures_pib,2014,28.51
BCEAO/IMECO/ZZZSF1581A0AP,uemoa,creances_interieures_pib,2015,30.8
BCEAO/IMECO/ZZZSF1581A0AP,uemoa,creances_interieures_pib,2016,33.0
BCEAO/IMECO/ZZZSF1581A0AP,uemoa,creances_interieures_pib,2017,34.3
BCEAO/IMECO/ZZZSF1581A0AP,uemoa,creances_interieures_pib,2018,35.2
BCEAO/IMECO/ZZZSF1581A0AP,uemoa,creances_interieures_pib,2019,34.6
BCEAO/IMECO/ZZZSF1581A0AP,uemoa,creances_interieures_pib,2020,39.1
BCEAO/IMECO/ZZZSF1581A0AP,uemoa,creances_interieures_pib,2021,41.8
BCEAO/IMECO/ZZZSF1581A0AP,uemoa,creances_interieures_pib,2022,45.6
BCEAO/IMECO/ZZZSF1581A0AP,uemoa,creances_interieures_pib,2023,47.3
BCEAO/IMECO/ZZZSF1581A0AP,uemoa,creances_interieures_pib,2024,45.9
BCEAO/IMECO/BBBSF1413A0AP,benin,actifs_exterieurs_nets,2004,356.994
BCEAO/IMECO/BBBSF1413A0AP,benin,actifs_exterieurs_nets,2005,394.202
BCEAO/IMECO/BBBSF1413A0AP,benin,actifs_exterieurs_nets,2006,542.687
BCEAO/IMECO/BBBSF1413A0AP,benin,actifs_exterieurs_nets,2007,694.017
BCEAO/IMECO/BBBSF1413A0AP,benin,actifs_exterieurs_nets,2008,734.786
BCEAO/IMECO/BBBSF1413A0AP,benin,actifs_exterieurs_nets,2009,692.376
BCEAO/IMECO/BBBSF1413A0AP,benin,actifs_exterieurs_nets,2010,791.1
BCEAO/IMECO/BBBSF1413A0AP,benin,actifs_exterieurs_nets,2011,794.3
BCEAO/IMECO/BBBSF1413A0AP,benin,actifs_exterieurs_nets,2012,877.8
BCEAO/IMECO/BBBSF1413A0AP,benin,actifs_exterieurs_nets,2013,1014.9
BCEAO/IMECO/BBBSF1413A0AP,benin,actifs_exterieurs_nets,2014,1192.9
BCEAO/IMECO/BBBSF1413A0AP,benin,actifs_exterieurs_nets,2015,1273.0
BCEAO/IMECO/BBBSF1413A0AP,benin,actifs_exterieurs_nets,2016,1108.5
BCEAO/IMECO/BBBSF1413A0AP,benin,actifs_exterieurs_nets,2017,990.2
BCEAO/IMECO/BBBSF1413A0AP,benin,actifs_exterieurs_nets,2018,1187.1
BCEAO/IMECO/BBBSF1413A0AP,benin,actifs_exterieurs_nets,2019,1232.7
BCEAO/IMECO/BBBSF1413A0AP,benin,actifs_exterieurs_nets,2020,1539.8
BCEAO/IMECO/BBBSF1413A0AP,benin,actifs_exterieurs_nets,2021,2137.2
BCEAO/IMECO/BBBSF1413A0AP,benin,actifs_exterieurs_nets,2022,2146.9
BCEAO/IMECO/BBBSF1413A0AP,benin,actifs_exterieurs_nets,2023,1729.8
BCEAO/IMECO/BBBSF1413A0AP,benin,actifs_exterieurs_nets,2024,1476.4
BCEAO/IMECO/CCCSF1413A0AP,burkina,actifs_exterieurs_nets,2004,285.351
BCEAO/IMECO/CCCSF1413A0AP,burkina,actifs_exterieurs_nets,2005,183.075
BCEAO/IMECO/CCCSF1413A0AP,burkina,actifs_exterieurs_nets,2006,246.566
BCEAO/IMECO/CCCSF1413A0AP,burkina,actifs_exterieurs_nets,2007,409.793
BCEAO/IMECO/CCCSF1413A0AP,burkina,actifs_exterieurs_nets,2008,398.39
BCEAO/IMECO/CCCSF1413A0AP,burkina,actifs_exterieurs_nets,2009,575.466
BCEAO/IMECO/CCCSF1413A0AP,burkina,actifs_exterieurs_nets,2010,676.3
BCEAO/IMECO/CCCSF1413A0AP,burkina,actifs_exterieurs_nets,2011,720.7
BCEAO/IMECO/CCCSF1413A0AP,burkina,actifs_exterieurs_nets,2012,773.6
BCEAO/IMECO/CCCSF1413A0AP,burkina,actifs_exterieurs_nets,2013,557.7
BCEAO/IMECO/CCCSF1413A0AP,burkina,actifs_exterieurs_nets,2014,455.2
BCEAO/IMECO/CCCSF1413A0AP,burkina,actifs_exterieurs_nets,2015,737.8
BCEAO/IMECO/CCCSF1413A0AP,burkina,actifs_exterieurs_nets,2016,1052.8
BCEAO/IMECO/CCCSF1413A0AP,burkina,actifs_exterieurs_nets,2017,1330.1
BCEAO/IMECO/CCCSF1413A0AP,burkina,actifs_exterieurs_nets,2018,1443.5
BCEAO/IMECO/CCCSF1413A0AP,burkina,actifs_exterieurs_nets,2019,1508.5
BCEAO/IMECO/CCCSF1413A0AP,burkina,actifs_exterieurs_nets,2020,1983.7
BCEAO/IMECO/CCCSF1413A0AP,burkina,actifs_exterieurs_nets,2021,2636.8
BCEAO/IMECO/CCCSF1413A0AP,burkina,actifs_exterieurs_nets,2022,1972.1
BCEAO/IMECO/CCCSF1413A0AP,burkina,actifs_exterieurs_nets,2023,1626.3
BCEAO/IMECO/CCCSF1413A0AP,burkina,actifs_exterieurs_nets,2024,2075.2
BCEAO/IMECO/AAASF1413A0AP,cote_ivoire,actifs_exterieurs_nets,2004,684.805
BCEAO/IMECO/AAASF1413A0AP,cote_ivoire,actifs_exterieurs_nets,2005,732.228
BCEAO/IMECO/AAASF1413A0AP,cote_ivoire,actifs_exterieurs_nets,2006,847.877
BCEAO/IMECO/AAASF1413A0AP,cote_ivoire,actifs_exterieurs_nets,2007,983.534
BCEAO/IMECO/AAASF1413A0AP,cote_ivoire,actifs_exterieurs_nets,2008,957.688
BCEAO/IMECO/AAASF1413A0AP,cote_ivoire,actifs_exterieurs_nets,2009,1103.367
BCEAO/IMECO/AAASF1413A0AP,cote_ivoire,actifs_exterieurs_nets,2010,1349.3
BCEAO/IMECO/AAASF1413A0AP,cote_ivoire,actifs_exterieurs_nets,2011,1708.7
BCEAO/IMECO/AAASF1413A0AP,cote_ivoire,actifs_exterieurs_nets,2012,1520.6
BCEAO/IMECO/AAASF1413A0AP,cote_ivoire,actifs_exterieurs_nets,2013,1446.7
BCEAO/IMECO/AAASF1413A0AP,cote_ivoire,actifs_exterieurs_nets,2014,1712.9
BCEAO/IMECO/AAASF1413A0AP,cote_ivoire,actifs_exterieurs_nets,2015,1806.7
BCEAO/IMECO/AAASF1413A0AP,cote_ivoire,actifs_exterieurs_nets,2016,1714.6
BCEAO/IMECO/AAASF1413A0AP,cote_ivoire,actifs_exterieurs_nets,2017,1762.7
BCEAO/IMECO/AAASF1413A0AP,cote_ivoire,actifs_exterieurs_nets,2018,2032.1
BCEAO/IMECO/AAASF1413A0AP,cote_ivoire,actifs_exterieurs_nets,2019,2497.5
BCEAO/IMECO/AAASF1413A0AP,cote_ivoire,actifs_exterieurs_nets,2020,3139.7
BCEAO/IMECO/AAASF1413A0AP,cote_ivoire,actifs_exterieurs_nets,2021,4206.3
BCEAO/IMECO/AAASF1413A0AP,cote_ivoire,actifs_exterieurs_nets,2022,3886.0
BCEAO/IMECO/AAASF1413A0AP,cote_ivoire,actifs_exterieurs_nets,2023,2634.3
BCEAO/IMECO/AAASF1413A0AP,cote_ivoire,actifs_exterieurs_nets,2024,4402.6
BCEAO/IMECO/SSSSF1413A0AP,guinee_bissau,actifs_exterieurs_nets,2004,30.148
BCEAO/IMECO/SSSSF1413A0AP,guinee_bissau,actifs_exterieurs_nets,2005,36.22
BCEAO/IMECO/SSSSF1413A0AP,guinee_bissau,actifs_exterieurs_nets,2006,40.856
BCEAO/IMECO/SSSSF1413A0AP,guinee_bissau,actifs_exterieurs_nets,2007,50.012
BCEAO/IMECO/SSSSF1413A0AP,guinee_bissau,actifs_exterieurs_nets,2008,59.691
BCEAO/IMECO/SSSSF1413A0AP,guinee_bissau,actifs_exterieurs_nets,2009,73.912
BCEAO/IMECO/SSSSF1413A0AP,guinee_bissau,actifs_exterieurs_nets,2010,84.9
BCEAO/IMECO/SSSSF1413A0AP,guinee_bissau,actifs_exterieurs_nets,2011,116.5
BCEAO/IMECO/SSSSF1413A0AP,guinee_bissau,actifs_exterieurs_nets,2012,70.4
BCEAO/IMECO/SSSSF1413A0AP,guinee_bissau,actifs_exterieurs_nets,2013,94.0
BCEAO/IMECO/SSSSF1413A0AP,guinee_bissau,actifs_exterieurs_nets,2014,153.4
BCEAO/IMECO/SSSSF1413A0AP,guinee_bissau,actifs_exterieurs_nets,2015,168.6
BCEAO/IMECO/SSSSF1413A0AP,guinee_bissau,actifs_exterieurs_nets,2016,202.2
BCEAO/IMECO/SSSSF1413A0AP,guinee_bissau,actifs_exterieurs_nets,2017,224.5
BCEAO/IMECO/SSSSF1413A0AP,guinee_bissau,actifs_exterieurs_nets,2018,233.0
BCEAO/IMECO/SSSSF1413A0AP,guinee_bissau,actifs_exterieurs_nets,2019,217.5
BCEAO/IMECO/SSSSF1413A0AP,guinee_bissau,actifs_exterieurs_nets,2020,270.3
BCEAO/IMECO/SSSSF1413A0AP,guinee_bissau,actifs_exterieurs_nets,2021,330.7
BCEAO/IMECO/SSSSF1413A0AP,guinee_bissau,actifs_exterieurs_nets,2022,266.3
BCEAO/IMECO/SSSSF1413A0AP,guinee_bissau,actifs_exterieurs_nets,2023,243.1
BCEAO/IMECO/SSSSF1413A0AP,guinee_bissau,actifs_exterieurs_nets,2024,254.9
BCEAO/IMECO/DDDSF1413A0AP,mali,actifs_exterieurs_nets,2004,365.77
BCEAO/IMECO/DDDSF1413A0AP,mali,actifs_exterieurs_nets,2005,415.064
BCEAO/IMECO/DDDSF1413A0AP,mali,actifs_exterieurs_nets,2006,519.593
BCEAO/IMECO/DDDSF1413A0AP,mali,actifs_exterieurs_nets,2007,462.21
BCEAO/IMECO/DDDSF1413A0AP,mali,actifs_exterieurs_nets,2008,456.384
BCEAO/IMECO/DDDSF1413A0AP,mali,actifs_exterieurs_nets,2009,695.412
BCEAO/IMECO/DDDSF1413A0AP,mali,actifs_exterieurs_nets,2010,713.5
BCEAO/IMECO/DDDSF1413A0AP,mali,actifs_exterieurs_nets,2011,686.7
BCEAO/IMECO/DDDSF1413A0AP,mali,actifs_exterieurs_nets,2012,689.4
BCEAO/IMECO/DDDSF1413A0AP,mali,actifs_exterieurs_nets,2013,758.2
BCEAO/IMECO/DDDSF1413A0AP,mali,actifs_exterieurs_nets,2014,627.7
BCEAO/IMECO/DDDSF1413A0AP,mali,actifs_exterieurs_nets,2015,574.8
BCEAO/IMECO/DDDSF1413A0AP,mali,actifs_exterieurs_nets,2016,246.7
BCEAO/IMECO/DDDSF1413A0AP,mali,actifs_exterieurs_nets,2017,140.7
BCEAO/IMECO/DDDSF1413A0AP,mali,actifs_exterieurs_nets,2018,313.5
BCEAO/IMECO/DDDSF1413A0AP,mali,actifs_exterieurs_nets,2019,577.7
BCEAO/IMECO/DDDSF1413A0AP,mali,actifs_exterieurs_nets,2020,1028.9
BCEAO/IMECO/DDDSF1413A0AP,mali,actifs_exterieurs_nets,2021,971.1
BCEAO/IMECO/DDDSF1413A0AP,mali,actifs_exterieurs_nets,2022,508.4
BCEAO/IMECO/DDDSF1413A0AP,mali,actifs_exterieurs_nets,2023,-46.0
BCEAO/IMECO/DDDSF1413A0AP,mali,actifs_exterieurs_nets,2024,282.0
BCEAO/IMECO/HHHSF1413A0AP,niger,actifs_exterieurs_nets,2004,43.327
BCEAO/IMECO/HHHSF1413A0AP,niger,actifs_exterieurs_nets,2005,57.915
BCEAO/IMECO/HHHSF1413A0AP,niger,actifs_exterieurs_nets,2006,164.606
BCEAO/IMECO/HHHSF1413A0AP,niger,actifs_exterieurs_nets,2007,220.599
BCEAO/IMECO/HHHSF1413A0AP,niger,actifs_exterieurs_nets,2008,281.068
BCEAO/IMECO/HHHSF1413A0AP,niger,actifs_exterieurs_nets,2009,192.482
BCEAO/IMECO/HHHSF1413A0AP,niger,actifs_exterieurs_nets,2010,290.5
BCEAO/IMECO/HHHSF1413A0AP,niger,actifs_exterieurs_nets,2011,242.6
BCEAO/IMECO/HHHSF1413A0AP,niger,actifs_exterieurs_nets,2012,417.0
BCEAO/IMECO/HHHSF1413A0AP,niger,actifs_exterieurs_nets,2013,531.8
BCEAO/IMECO/HHHSF1413A0AP,niger,actifs_exterieurs_nets,2014,706.8
BCEAO/IMECO/HHHSF1413A0AP,niger,actifs_exterieurs_nets,2015,592.0
BCEAO/IMECO/HHHSF1413A0AP,niger,actifs_exterieurs_nets,2016,572.1
BCEAO/IMECO/HHHSF1413A0AP,niger,actifs_exterieurs_nets,2017,437.2
BCEAO/IMECO/HHHSF1413A0AP,niger,actifs_exterieurs_nets,2018,323.6
BCEAO/IMECO/HHHSF1413A0AP,niger,actifs_exterieurs_nets,2019,641.3
BCEAO/IMECO/HHHSF1413A0AP,niger,actifs_exterieurs_nets,2020,559.8
BCEAO/IMECO/HHHSF1413A0AP,niger,actifs_exterieurs_nets,2021,700.9
BCEAO/IMECO/HHHSF1413A0AP,niger,actifs_exterieurs_nets,2022,699.4
BCEAO/IMECO/HHHSF1413A0AP,niger,actifs_exterieurs_nets,2023,400.1
BCEAO/IMECO/HHHSF1413A0AP,niger,actifs_exterieurs_nets,2024,278.5
BCEAO/IMECO/KKKSF1413A0AP,senegal,actifs_exterieurs_nets,2004,539.165
BCEAO/IMECO/KKKSF1413A0AP,senegal,actifs_exterieurs_nets,2005,541.729
BCEAO/IMECO/KKKSF1413A0AP,senegal,actifs_exterieurs_nets,2006,625.403
BCEAO/IMECO/KKKSF1413A0AP,senegal,actifs_exterieurs_nets,2007,717.062
BCEAO/IMECO/KKKSF1413A0AP,senegal,actifs_exterieurs_nets,2008,617.701
BCEAO/IMECO/KKKSF1413A0AP,senegal,actifs_exterieurs_nets,2009,686.587
BCEAO/IMECO/KKKSF1413A0AP,senegal,actifs_exterieurs_nets,2010,816.5
BCEAO/IMECO/KKKSF1413A0AP,senegal,actifs_exterieurs_nets,2011,701.1
BCEAO/IMECO/KKKSF1413A0AP,senegal,actifs_exterieurs_nets,2012,703.8
BCEAO/IMECO/KKKSF1413A0AP,senegal,actifs_exterieurs_nets,2013,577.2
BCEAO/IMECO/KKKSF1413A0AP,senegal,actifs_exterieurs_nets,2014,844.9
BCEAO/IMECO/KKKSF1413A0AP,senegal,actifs_exterieurs_nets,2015,1120.8
BCEAO/IMECO/KKKSF1413A0AP,senegal,actifs_exterieurs_nets,2016,1171.1
BCEAO/IMECO/KKKSF1413A0AP,senegal,actifs_exterieurs_nets,2017,1296.6
BCEAO/IMECO/KKKSF1413A0AP,senegal,actifs_exterieurs_nets,2018,1823.8
BCEAO/IMECO/KKKSF1413A0AP,senegal,actifs_exterieurs_nets,2019,1970.3
BCEAO/IMECO/KKKSF1413A0AP,senegal,actifs_exterieurs_nets,2020,1880.3
BCEAO/IMECO/KKKSF1413A0AP,senegal,actifs_exterieurs_nets,2021,2022.5
BCEAO/IMECO/KKKSF1413A0AP,senegal,actifs_exterieurs_nets,2022,1960.3
BCEAO/IMECO/KKKSF1413A0AP,senegal,actifs_exterieurs_nets,2023,2041.3
BCEAO/IMECO/KKKSF1413A0AP,senegal,actifs_exterieurs_nets,2024,2118.5
BCEAO/IMECO/TTTSF1413A0AP,togo,actifs_exterieurs_nets,2004,155.449
BCEAO/IMECO/TTTSF1413A0AP,togo,actifs_exterieurs_nets,2005,141.425
BCEAO/IMECO/TTTSF1413A0AP,togo,actifs_exterieurs_nets,2006,214.048
BCEAO/IMECO/TTTSF1413A0AP,togo,actifs_exterieurs_nets,2007,230.081
BCEAO/IMECO/TTTSF1413A0AP,togo,actifs_exterieurs_nets,2008,255.731
BCEAO/IMECO/TTTSF1413A0AP,togo,actifs_exterieurs_nets,2009,261.642
BCEAO/IMECO/TTTSF1413A0AP,togo,actifs_exterieurs_nets,2010,288.0
BCEAO/IMECO/TTTSF1413A0AP,togo,actifs_exterieurs_nets,2011,341.2
BCEAO/IMECO/TTTSF1413A0AP,togo,actifs_exterieurs_nets,2012,342.0
BCEAO/IMECO/TTTSF1413A0AP,togo,actifs_exterieurs_nets,2013,383.6
BCEAO/IMECO/TTTSF1413A0AP,togo,actifs_exterieurs_nets,2014,309.7
BCEAO/IMECO/TTTSF1413A0AP,togo,actifs_exterieurs_nets,2015,455.6
BCEAO/IMECO/TTTSF1413A0AP,togo,actifs_exterieurs_nets,2016,530.7
BCEAO/IMECO/TTTSF1413A0AP,togo,actifs_exterieurs_nets,2017,546.8
BCEAO/IMECO/TTTSF1413A0AP,togo,actifs_exterieurs_nets,2018,562.2
BCEAO/IMECO/TTTSF1413A0AP,togo,actifs_exterieurs_nets,2019,731.0
BCEAO/IMECO/TTTSF1413A0AP,togo,actifs_exterieurs_nets,2020,975.5
BCEAO/IMECO/TTTSF1413A0AP,togo,actifs_exterieurs_nets,2021,1096.7
BCEAO/IMECO/TTTSF1413A0AP,togo,actifs_exterieurs_nets,2022,1077.6
BCEAO/IMECO/TTTSF1413A0AP,togo,actifs_exterieurs_nets,2023,1130.1
BCEAO/IMECO/TTTSF1413A0AP,togo,actifs_exterieurs_nets,2024,1169.0
BCEAO/IMECO/ZZZSF1413A0AP,uemoa,actifs_exterieurs_nets,2004,3154.1
BCEAO/IMECO/ZZZSF1413A0AP,uemoa,actifs_exterieurs_nets,2005,3254.496
BCEAO/IMECO/ZZZSF1413A0AP,uemoa,actifs_exterieurs_nets,2006,3859.984
BCEAO/IMECO/ZZZSF1413A0AP,uemoa,actifs_exterieurs_nets,2007,4561.158
BCEAO/IMECO/ZZZSF1413A0AP,uemoa,actifs_exterieurs_nets,2008,4656.956
BCEAO/IMECO/ZZZSF1413A0AP,uemoa,actifs_exterieurs_nets,2009,5158.206
BCEAO/IMECO/ZZZSF1413A0AP,uemoa,actifs_exterieurs_nets,2010,5577.56
BCEAO/IMECO/ZZZSF1413A0AP,uemoa,actifs_exterieurs_nets,2011,5787.21
BCEAO/IMECO/ZZZSF1413A0AP,uemoa,actifs_exterieurs_nets,2012,5569.34
BCEAO/IMECO/ZZZSF1413A0AP,uemoa,actifs_exterieurs_nets,2013,4731.67
BCEAO/IMECO/ZZZSF1413A0AP,uemoa,actifs_exterieurs_nets,2014,4747.44
BCEAO/IMECO/ZZZSF1413A0AP,uemoa,actifs_exterieurs_nets,2015,4753.6
BCEAO/IMECO/ZZZSF1413A0AP,uemoa,actifs_exterieurs_nets,2016,3658.0
BCEAO/IMECO/ZZZSF1413A0AP,uemoa,actifs_exterieurs_nets,2017,4035.8
BCEAO/IMECO/ZZZSF1413A0AP,uemoa,actifs_exterieurs_nets,2018,5132.5
BCEAO/IMECO/ZZZSF1413A0AP,uemoa,actifs_exterieurs_nets,2019,6939.4
BCEAO/IMECO/ZZZSF1413A0AP,uemoa,actifs_exterieurs_nets,2020,7137.5
BCEAO/IMECO/ZZZSF1413A0AP,uemoa,actifs_exterieurs_nets,2021,7746.6
BCEAO/IMECO/ZZZSF1413A0AP,uemoa,actifs_exterieurs_nets,2022,4458.0
BCEAO/IMECO/ZZZSF1413A0AP,uemoa,actifs_exterieurs_nets,2023,1149.2
BCEAO/IMECO/ZZZSF1413A0AP,uemoa,actifs_exterieurs_nets,2024,4814.1
BCEAO/TC_A/ZZZSF3100A0GP,uemoa,taux_change_usd,1960,245.184
BCEAO/TC_A/ZZZSF3100A0GP,uemoa,taux_change_usd,1961,245.275
BCEAO/TC_A/ZZZSF3100A0GP,uemoa,taux_change_usd,1962,245.016
BCEAO/TC_A/ZZZSF3100A0GP,uemoa,taux_change_usd,1963,245.013
BCEAO/TC_A/ZZZSF3100A0GP,uemoa,taux_change_usd,1964,245.025
BCEAO/TC_A/ZZZSF3100A0GP,uemoa,taux_change_usd,1965,245.071
BCEAO/TC_A/ZZZSF3100A0GP,uemoa,taux_change_usd,1966,245.811
BCEAO/TC_A/ZZZSF3100A0GP,uemoa,taux_change_usd,1967,245.961
BCEAO/TC_A/ZZZSF3100A0GP,uemoa,taux_change_usd,1968,247.675
BCEAO/TC_A/ZZZSF3100A0GP,uemoa,taux_change_usd,1969,260.748
BCEAO/TC_A/ZZZSF3100A0GP,uemoa,taux_change_usd,1970,276.281
BCEAO/TC_A/ZZZSF3100A0GP,uemoa,taux_change_usd,1971,274.994
BCEAO/TC_A/ZZZSF3100A0GP,uemoa,taux_change_usd,1972,251.963
BCEAO/TC_A/ZZZSF3100A0GP,uemoa,taux_change_usd,1973,222.284
BCEAO/TC_A/ZZZSF3100A0GP,uemoa,taux_change_usd,1974,239.286
BCEAO/TC_A/ZZZSF3100A0GP,uemoa,taux_change_usd,1975,214.767
BCEAO/TC_A/ZZZSF3100A0GP,uemoa,taux_change_usd,1976,239.541
BCEAO/TC_A/ZZZSF3100A0GP,uemoa,taux_change_usd,1977,245.248
BCEAO/TC_A/ZZZSF3100A0GP,uemoa,taux_change_usd,1978,222.626
BCEAO/TC_A/ZZZSF3100A0GP,uemoa,taux_change_usd,1979,211.998
BCEAO/TC_A/ZZZSF3100A0GP,uemoa,taux_change_usd,1980,212.488
BCEAO/TC_A/ZZZSF3100A0GP,uemoa,taux_change_usd,1981,273.191
BCEAO/TC_A/ZZZSF3100A0GP,uemoa,taux_change_usd,1982,330.055
BCEAO/TC_A/ZZZSF3100A0GP,uemoa,taux_change_usd,1983,384.492
BCEAO/TC_A/ZZZSF3100A0GP,uemoa,taux_change_usd,1984,439.295
BCEAO/TC_A/ZZZSF3100A0GP,uemoa,taux_change_usd,1985,441.27
BCEAO/TC_A/ZZZSF3100A0GP,uemoa,taux_change_usd,1986,342.897
BCEAO/TC_A/ZZZSF3100A0GP,uemoa,taux_change_usd,1987,297.639
BCEAO/TC_A/ZZZSF3100A0GP,uemoa,taux_change_usd,1988,299.1
BCEAO/TC_A/ZZZSF3100A0GP,uemoa,taux_change_usd,1989,316.933
BCEAO/TC_A/ZZZSF3100A0GP,uemoa,taux_change_usd,1990,271.671
BCEAO/TC_A/ZZZSF3100A0GP,uemoa,taux_change_usd,1991,282.791
BCEAO/TC_A/ZZZSF3100A0GP,uemoa,taux_change_usd,1992,264.592
BCEAO/TC_A/ZZZSF3100A0GP,uemoa,taux_change_usd,1993,283.393
BCEAO/TC_A/ZZZSF3100A0GP,uemoa,taux_change_usd,1994,555.492
BCEAO/TC_A/ZZZSF3100A0GP,uemoa,taux_change_usd,1995,499.333
BCEAO/TC_A/ZZZSF3100A0GP,uemoa,taux_change_usd,1996,511.53
BCEAO/TC_A/ZZZSF3100A0GP,uemoa,taux_change_usd,1997,583.503
BCEAO/TC_A/ZZZSF3100A0GP,uemoa,taux_change_usd,1998,590.158
BCEAO/TC_A/ZZZSF3100A0GP,uemoa,taux_change_usd,1999,615.358
BCEAO/TC_A/ZZZSF3100A0GP,uemoa,taux_change_usd,2000,711.637
BCEAO/TC_A/ZZZSF3100A0GP,uemoa,taux_change_usd,2001,732.892
BCEAO/TC_A/ZZZSF3100A0GP,uemoa,taux_change_usd,2002,696.867
BCEAO/TC_A/ZZZSF3100A0GP,uemoa,taux_change_usd,2003,581.538
BCEAO/TC_A/ZZZSF3100A0GP,uemoa,taux_change_usd,2004,528.278
BCEAO/TC_A/ZZZSF3100A0GP,uemoa,taux_change_usd,2005,527.569
BCEAO/TC_A/ZZZSF3100A0GP,uemoa,taux_change_usd,2006,523.132
BCEAO/TC_A/ZZZSF3100A0GP,uemoa,taux_change_usd,2007,479.502
BCEAO/TC_A/ZZZSF3100A0GP,uemoa,taux_change_usd,2008,446.05
BCEAO/TC_A/ZZZSF3100A0GP,uemoa,taux_change_usd,2009,470.81
BCEAO/TC_A/ZZZSF3100A0GP,uemoa,taux_change_usd,2010,494.39
BCEAO/TC_A/ZZZSF3100A0GP,uemoa,taux_change_usd,2011,471.33
BCEAO/TC_A/ZZZSF3100A0GP,uemoa,taux_change_usd,2012,510.23
BCEAO/TC_A/ZZZSF3100A0GP,uemoa,taux_change_usd,2013,493.888
BCEAO/TC_A/ZZZSF3100A0GP,uemoa,taux_change_usd,2014,493.631
BCEAO/TC_A/ZZZSF3100A0GP,uemoa,taux_change_usd,2015,591.45
BCEAO/TC_A/ZZZSF3100A0GP,uemoa,taux_change_usd,2016,593.008
BCEAO/TC_A/ZZZSF3100A0GP,uemoa,taux_change_usd,2017,582.025
BCEAO/TC_A/ZZZSF3100A0GP,uemoa,taux_change_usd,2018,555.581
BCEAO/TC_A/ZZZSF3100A0GP,uemoa,taux_change_usd,2019,585.67
BCEAO/TC_A/ZZZSF3100A0GP,uemoa,taux_change_usd,2020,575.59
BCEAO/TC_A/ZZZSF3100A0GP,uemoa,taux_change_usd,2021,554.53
BCEAO/TC_A/ZZZSF3100A0GP,uemoa,taux_change_usd,2022,623.76
BCEAO/TC_A/ZZZSF3100A0GP,uemoa,taux_change_usd,2023,606.56
BCEAO/TC_A/ZZZSF3100A0GP,uemoa,taux_change_usd,2024,606.35
