serie,zone,indicateur,annee,valeur
BCEAO/IMECO/BBBSR1015A0BP,benin,pib_nominal,1965,252.8
BCEAO/IMECO/BBBSR1015A0BP,benin,pib_nominal,1966,261.9
BCEAO/IMECO/BBBSR1015A0BP,benin,pib_nominal,1967,264.7
BCEAO/IMECO/BBBSR1015A0BP,benin,pib_nominal,1968,274.9
BCEAO/IMECO/BBBSR1015A0BP,benin,pib_nominal,1969,282.8
BCEAO/IMECO/BBBSR1015A0BP,benin,pib_nominal,1970,288.7
BCEAO/IMECO/BBBSR1015A0BP,benin,pib_nominal,1971,284.5
BCEAO/IMECO/BBBSR1015A0BP,benin,pib_nominal,1972,302.8
BCEAO/IMECO/BBBSR1015A0BP,benin,pib_nominal,1973,313.8
BCEAO/IMECO/BBBSR1015A0BP,benin,pib_nominal,1974,324.6
BCEAO/IMECO/BBBSR1015A0BP,benin,pib_nominal,1975,308.8
BCEAO/IMECO/BBBSR1015A0BP,benin,pib_nominal,1976,311.4
BCEAO/IMECO/BBBSR1015A0BP,benin,pib_nominal,1977,327.0
BCEAO/IMECO/BBBSR1015A0BP,benin,pib_nominal,1978,330.9
BCEAO/IMECO/BBBSR1015A0BP,benin,pib_nominal,1979,352.6
BCEAO/IMECO/BBBSR1015A0BP,benin,pib_nominal,1980,376.6
BCEAO/IMECO/BBBSR1015A0BP,benin,pib_nominal,1981,414.5
BCEAO/IMECO/BBBSR1015A0BP,benin,pib_nominal,1982,423.6
BCEAO/IMECO/BBBSR1015A0BP,benin,pib_nominal,1983,405.1
BCEAO/IMECO/BBBSR1015A0BP,benin,pib_nominal,1984,436.9
BCEAO/IMECO/BBBSR1015A0BP,benin,pib_nominal,1985,469.8
BCEAO/IMECO/BBBSR1015A0BP,benin,pib_nominal,1986,479.9
BCEAO/IMECO/BBBSR1015A0BP,benin,pib_nominal,1987,472.7
BCEAO/IMECO/BBBSR1015A0BP,benin,pib_nominal,1988,488.9
BCEAO/IMECO/BBBSR1015A0BP,benin,pib_nominal,1989,474.9
BCEAO/IMECO/BBBSR1015A0BP,benin,pib_nominal,1990,736.32
BCEAO/IMECO/BBBSR1015A0BP,benin,pib_nominal,1991,777.19
BCEAO/IMECO/BBBSR1015A0BP,benin,pib_nominal,1992,823.65
BCEAO/IMECO/BBBSR1015A0BP,benin,pib_nominal,1993,895.59
BCEAO/IMECO/BBBSR1015A0BP,benin,pib_nominal,1994,1223.43
BCEAO/IMECO/BBBSR1015A0BP,benin,pib_nominal,1995,1494.75
BCEAO/IMECO/BBBSR1015A0BP,benin,pib_nominal,1996,1674.52
BCEAO/IMECO/BBBSR1015A0BP,benin,pib_nominal,1997,1836.52
BCEAO/IMECO/BBBSR1015A0BP,benin,pib_nominal,1998,2018.79
BCEAO/IMECO/BBBSR1015A0BP,benin,pib_nominal,1999,2263.34
BCEAO/IMECO/BBBSR1015A0BP,benin,pib_nominal,2000,2499.93
BCEAO/IMECO/BBBSR1015A0BP,benin,pib_nominal,2001,2685.13
BCEAO/IMECO/BBBSR1015A0BP,benin,pib_nominal,2002,2909.67
BCEAO/IMECO/BBBSR1015A0BP,benin,pib_nominal,2003,3102.02
BCEAO/IMECO/BBBSR1015A0BP,benin,pib_nominal,2004,3264.37
BCEAO/IMECO/BBBSR1015A0BP,benin,pib_nominal,2005,3462.85
BCEAO/IMECO/BBBSR1015A0BP,benin,pib_nominal,2006,3674.8
BCEAO/IMECO/BBBSR1015A0BP,benin,pib_nominal,2007,3909.98
BCEAO/IMECO/BBBSR1015A0BP,benin,pib_nominal,2008,4365.33
BCEAO/IMECO/BBBSR1015A0BP,benin,pib_nominal,2009,4580.01
BCEAO/IMECO/BBBSR1015A0BP,benin,pib_nominal,2010,4718.03
BCEAO/IMECO/BBBSR1015A0BP,benin,pib_nominal,2011,5039.21
BCEAO/IMECO/BBBSR1015A0BP,benin,pib_nominal,2012,5688.29
BCEAO/IMECO/BBBSR1015A0BP,benin,pib_nominal,2013,6182.56
BCEAO/IMECO/BBBSR1015A0BP,benin,pib_nominal,2014,6559.33
BCEAO/IMECO/BBBSR1015A0BP,benin,pib_nominal,2015,6732.81
BCEAO/IMECO/BBBSR1015A0BP,benin,pib_nominal,2016,7005.2
BCEAO/IMECO/BBBSR1015A0BP,benin,pib_nominal,2017,7375.3
BCEAO/IMECO/BBBSR1015A0BP,benin,pib_nominal,2018,7922.0
BCEAO/IMECO/BBBSR1015A0BP,benin,pib_nominal,2019,8432.2
BCEAO/IMECO/BBBSR1015A0BP,benin,pib_nominal,2020,9008.8
BCEAO/IMECO/BBBSR1015A0BP,benin,pib_nominal,2021,9809.69
BCEAO/IMECO/BBBSR1015A0BP,benin,pib_nominal,2022,10854.5
BCEAO/IMECO/BBBSR1015A0BP,benin,pib_nominal,2023,11934.9
BCEAO/IMECO/BBBSR1015A0BP,benin,pib_nominal,2024,12970.0
BCEAO/IMECO/CCCSR1015A0BP,burkina,pib_nominal,1960,57.7
BCEAO/IMECO/CCCSR1015A0BP,burkina,pib_nominal,1961,61.2
BCEAO/IMECO/CCCSR1015A0BP,burkina,pib_nominal,1962,65.0
BCEAO/IMECO/CCCSR1015A0BP,burkina,pib_nominal,1963,67.1
BCEAO/IMECO/CCCSR1015A0BP,burkina,pib_nominal,1964,69.2
BCEAO/IMECO/CCCSR1015A0BP,burkina,pib_nominal,1965,70.1
BCEAO/IMECO/CCCSR1015A0BP,burkina,pib_nominal,1966,71.4
BCEAO/IMECO/CCCSR1015A0BP,burkina,pib_nominal,1967,69.9
BCEAO/IMECO/CCCSR1015A0BP,burkina,pib_nominal,1968,80.9
BCEAO/IMECO/CCCSR1015A0BP,burkina,pib_nominal,1969,81.7
BCEAO/IMECO/CCCSR1015A0BP,burkina,pib_nominal,1970,90.4
BCEAO/IMECO/CCCSR1015A0BP,burkina,pib_nominal,1971,99.6
BCEAO/IMECO/CCCSR1015A0BP,burkina,pib_nominal,1972,99.5
BCEAO/IMECO/CCCSR1015A0BP,burkina,pib_nominal,1973,97.5
BCEAO/IMECO/CCCSR1015A0BP,burkina,pib_nominal,1974,109.6
BCEAO/IMECO/CCCSR1015A0BP,burkina,pib_nominal,1975,117.6
BCEAO/IMECO/CCCSR1015A0BP,burkina,pib_nominal,1976,147.2
BCEAO/IMECO/CCCSR1015A0BP,burkina,pib_nominal,1977,159.3
BCEAO/IMECO/CCCSR1015A0BP,burkina,pib_nominal,1978,222.5
BCEAO/IMECO/CCCSR1015A0BP,burkina,pib_nominal,1979,252.5
BCEAO/IMECO/CCCSR1015A0BP,burkina,pib_nominal,1980,272.1
BCEAO/IMECO/CCCSR1015A0BP,burkina,pib_nominal,1981,324.6
BCEAO/IMECO/CCCSR1015A0BP,burkina,pib_nominal,1982,356.6
BCEAO/IMECO/CCCSR1015A0BP,burkina,pib_nominal,1983,381.0
BCEAO/IMECO/CCCSR1015A0BP,burkina,pib_nominal,1984,390.6
BCEAO/IMECO/CCCSR1015A0BP,burkina,pib_nominal,1985,663.1
BCEAO/IMECO/CCCSR1015A0BP,burkina,pib_nominal,1986,666.4
BCEAO/IMECO/CCCSR1015A0BP,burkina,pib_nominal,1987,667.9
BCEAO/IMECO/CCCSR1015A0BP,burkina,pib_nominal,1988,728.7
BCEAO/IMECO/CCCSR1015A0BP,burkina,pib_nominal,1989,777.8
BCEAO/IMECO/CCCSR1015A0BP,burkina,pib_nominal,1990,949.67
BCEAO/IMECO/CCCSR1015A0BP,burkina,pib_nominal,1991,994.77
BCEAO/IMECO/CCCSR1015A0BP,burkina,pib_nominal,1992,999.19
BCEAO/IMECO/CCCSR1015A0BP,burkina,pib_nominal,1993,1019.12
BCEAO/IMECO/CCCSR1015A0BP,burkina,pib_nominal,1994,1183.58
BCEAO/IMECO/CCCSR1015A0BP,burkina,pib_nominal,1995,1335.97
BCEAO/IMECO/CCCSR1015A0BP,burkina,pib_nominal,1996,1488.09
BCEAO/IMECO/CCCSR1015A0BP,burkina,pib_nominal,1997,1606.83
BCEAO/IMECO/CCCSR1015A0BP,burkina,pib_nominal,1998,1861.16
BCEAO/IMECO/CCCSR1015A0BP,burkina,pib_nominal,1999,2086.19
BCEAO/IMECO/CCCSR1015A0BP,burkina,pib_nominal,2000,2108.16
BCEAO/IMECO/CCCSR1015A0BP,burkina,pib_nominal,2001,2336.62
BCEAO/IMECO/CCCSR1015A0BP,burkina,pib_nominal,2002,2512.87
BCEAO/IMECO/CCCSR1015A0BP,burkina,pib_nominal,2003,2749.16
BCEAO/IMECO/CCCSR1015A0BP,burkina,pib_nominal,2004,2874.88
BCEAO/IMECO/CCCSR1015A0BP,burkina,pib_nominal,2005,3240.72
BCEAO/IMECO/CCCSR1015A0BP,burkina,pib_nominal,2006,3420.54
BCEAO/IMECO/CCCSR1015A0BP,burkina,pib_nominal,2007,3649.93
BCEAO/IMECO/CCCSR1015A0BP,burkina,pib_nominal,2008,4215.34
BCEAO/IMECO/CCCSR1015A0BP,burkina,pib_nominal,2009,4444.6
BCEAO/IMECO/CCCSR1015A0BP,burkina,pib_nominal,2010,5002.18
BCEAO/IMECO/CCCSR1015A0BP,burkina,pib_nominal,2011,5692.82
BCEAO/IMECO/CCCSR1015A0BP,burkina,pib_nominal,2012,6413.11
BCEAO/IMECO/CCCSR1015A0BP,burkina,pib_nominal,2013,6640.14
BCEAO/IMECO/CCCSR1015A0BP,burkina,pib_nominal,2014,6884.47
BCEAO/IMECO/CCCSR1015A0BP,burkina,pib_nominal,2015,6995.31
BCEAO/IMECO/CCCSR1015A0BP,burkina,pib_nominal,2016,7605.1
BCEAO/IMECO/CCCSR1015A0BP,burkina,pib_nominal,2017,8191.3
BCEAO/IMECO/CCCSR1015A0BP,burkina,pib_nominal,2018,8826.1
BCEAO/IMECO/CCCSR1015A0BP,burkina,pib_nominal,2019,9393.8
BCEAO/IMECO/CCCSR1015A0BP,burkina,pib_nominal,2020,10202.3
BCEAO/IMECO/CCCSR1015A0BP,burkina,pib_nominal,2021,10922.88
BCEAO/IMECO/CCCSR1015A0BP,burkina,pib_nominal,2022,11876.3
BCEAO/IMECO/CCCSR1015A0BP,burkina,pib_nominal,2023,12490.2
BCEAO/IMECO/CCCSR1015A0BP,burkina,pib_nominal,2024,13689.9
BCEAO/IMECO/AAASR1015A0BP,cote_ivoire,pib_nominal,1960,140.7
BCEAO/IMECO/AAASR1015A0BP,cote_ivoire,pib_nominal,1961,159.3
BCEAO/IMECO/AAASR1015A0BP,cote_ivoire,pib_nominal,1962,166.1
BCEAO/IMECO/AAASR1015A0BP,cote_ivoire,pib_nominal,1963,195.9
BCEAO/IMECO/AAASR1015A0BP,cote_ivoire,pib_nominal,1964,237.1
BCEAO/IMECO/AAASR1015A0BP,cote_ivoire,pib_nominal,1965,236.8
BCEAO/IMECO/AAASR1015A0BP,cote_ivoire,pib_nominal,1966,236.8
BCEAO/IMECO/AAASR1015A0BP,cote_ivoire,pib_nominal,1967,257.3
BCEAO/IMECO/AAASR1015A0BP,cote_ivoire,pib_nominal,1968,274.4
BCEAO/IMECO/AAASR1015A0BP,cote_ivoire,pib_nominal,1969,325.1
BCEAO/IMECO/AAASR1015A0BP,cote_ivoire,pib_nominal,1970,364.0
BCEAO/IMECO/AAASR1015A0BP,cote_ivoire,pib_nominal,1971,414.0
BCEAO/IMECO/AAASR1015A0BP,cote_ivoire,pib_nominal,1972,439.3
BCEAO/IMECO/AAASR1015A0BP,cote_ivoire,pib_nominal,1973,471.6
BCEAO/IMECO/AAASR1015A0BP,cote_ivoire,pib_nominal,1974,559.1
BCEAO/IMECO/AAASR1015A0BP,cote_ivoire,pib_nominal,1975,566.2
BCEAO/IMECO/AAASR1015A0BP,cote_ivoire,pib_nominal,1976,739.0
BCEAO/IMECO/AAASR1015A0BP,cote_ivoire,pib_nominal,1977,834.5
BCEAO/IMECO/AAASR1015A0BP,cote_ivoire,pib_nominal,1978,939.9
BCEAO/IMECO/AAASR1015A0BP,cote_ivoire,pib_nominal,1979,1539.2
BCEAO/IMECO/AAASR1015A0BP,cote_ivoire,pib_nominal,1980,1782.8
BCEAO/IMECO/AAASR1015A0BP,cote_ivoire,pib_nominal,1981,1944.9
BCEAO/IMECO/AAASR1015A0BP,cote_ivoire,pib_nominal,1982,2149.9
BCEAO/IMECO/AAASR1015A0BP,cote_ivoire,pib_nominal,1983,2291.4
BCEAO/IMECO/AAASR1015A0BP,cote_ivoire,pib_nominal,1984,2486.6
BCEAO/IMECO/AAASR1015A0BP,cote_ivoire,pib_nominal,1985,3135.0
BCEAO/IMECO/AAASR1015A0BP,cote_ivoire,pib_nominal,1986,3172.0
BCEAO/IMECO/AAASR1015A0BP,cote_ivoire,pib_nominal,1987,3031.8
BCEAO/IMECO/AAASR1015A0BP,cote_ivoire,pib_nominal,1988,3054.5
BCEAO/IMECO/AAASR1015A0BP,cote_ivoire,pib_nominal,1989,3109.5
BCEAO/IMECO/AAASR1015A0BP,cote_ivoire,pib_nominal,1990,3725.61
BCEAO/IMECO/AAASR1015A0BP,cote_ivoire,pib_nominal,1991,4089.15
BCEAO/IMECO/AAASR1015A0BP,cote_ivoire,pib_nominal,1992,4076.32
BCEAO/IMECO/AAASR1015A0BP,cote_ivoire,pib_nominal,1993,4073.26
BCEAO/IMECO/AAASR1015A0BP,cote_ivoire,pib_nominal,1994,5883.59
BCEAO/IMECO/AAASR1015A0BP,cote_ivoire,pib_nominal,1995,7558.21
BCEAO/IMECO/AAASR1015A0BP,cote_ivoire,pib_nominal,1996,8584.26
BCEAO/IMECO/AAASR1015A0BP,cote_ivoire,pib_nominal,1997,9457.93
BCEAO/IMECO/AAASR1015A0BP,cote_ivoire,pib_nominal,1998,10285.48
BCEAO/IMECO/AAASR1015A0BP,cote_ivoire,pib_nominal,1999,10533.97
BCEAO/IMECO/AAASR1015A0BP,cote_ivoire,pib_nominal,2000,10547.73
BCEAO/IMECO/AAASR1015A0BP,cote_ivoire,pib_nominal,2001,11341.65
BCEAO/IMECO/AAASR1015A0BP,cote_ivoire,pib_nominal,2002,11896.02
BCEAO/IMECO/AAASR1015A0BP,cote_ivoire,pib_nominal,2003,12297.64
BCEAO/IMECO/AAASR1015A0BP,cote_ivoire,pib_nominal,2004,12089.31
BCEAO/IMECO/AAASR1015A0BP,cote_ivoire,pib_nominal,2005,12456.78
BCEAO/IMECO/AAASR1015A0BP,cote_ivoire,pib_nominal,2006,12866.77
BCEAO/IMECO/AAASR1015A0BP,cote_ivoire,pib_nominal,2007,13477.74
BCEAO/IMECO/AAASR1015A0BP,cote_ivoire,pib_nominal,2008,14994.95
BCEAO/IMECO/AAASR1015A0BP,cote_ivoire,pib_nominal,2009,15845.23
BCEAO/IMECO/AAASR1015A0BP,cote_ivoire,pib_nominal,2010,17035.94
BCEAO/IMECO/AAASR1015A0BP,cote_ivoire,pib_nominal,2011,16743.15
BCEAO/IMECO/AAASR1015A0BP,cote_ivoire,pib_nominal,2012,18907.19
BCEAO/IMECO/AAASR1015A0BP,cote_ivoire,pib_nominal,2013,21351.39
BCEAO/IMECO/AAASR1015A0BP,cote_ivoire,pib_nominal,2014,24137.13
BCEAO/IMECO/AAASR1015A0BP,cote_ivoire,pib_nominal,2015,27086.37
BCEAO/IMECO/AAASR1015A0BP,cote_ivoire,pib_nominal,2016,28686.7
BCEAO/IMECO/AAASR1015A0BP,cote_ivoire,pib_nominal,2017,30491.6
BCEAO/IMECO/AAASR1015A0BP,cote_ivoire,pib_nominal,2018,32506.1
BCEAO/IMECO/AAASR1015A0BP,cote_ivoire,pib_nominal,2019,35379.0
BCEAO/IMECO/AAASR1015A0BP,cote_ivoire,pib_nominal,2020,36278.0
BCEAO/IMECO/AAASR1015A0BP,cote_ivoire,pib_nominal,2021,40366.86
BCEAO/IMECO/AAASR1015A0BP,cote_ivoire,pib_nominal,2022,43771.2
BCEAO/IMECO/AAASR1015A0BP,cote_ivoire,pib_nominal,2023,47790.9
BCEAO/IMECO/AAASR1015A0BP,cote_ivoire,pib_nominal,2024,52400.0
BCEAO/IMECO/SSSSR1015A0BP,guinee_bissau,pib_nominal,1990,167.47
BCEAO/IMECO/SSSSR1015A0BP,guinee_bissau,pib_nominal,1991,177.33
BCEAO/IMECO/SSSSR1015A0BP,guinee_bissau,pib_nominal,1992,131.04
BCEAO/IMECO/SSSSR1015A0BP,guinee_bissau,pib_nominal,1993,149.89
BCEAO/IMECO/SSSSR1015A0BP,guinee_bissau,pib_nominal,1994,317.53
BCEAO/IMECO/SSSSR1015A0BP,guinee_bissau,pib_nominal,1995,304.21
BCEAO/IMECO/SSSSR1015A0BP,guinee_bissau,pib_nominal,1996,328.31
BCEAO/IMECO/SSSSR1015A0BP,guinee_bissau,pib_nominal,1997,407.46
BCEAO/IMECO/SSSSR1015A0BP,guinee_bissau,pib_nominal,1998,348.68
BCEAO/IMECO/SSSSR1015A0BP,guinee_bissau,pib_nominal,1999,356.71
BCEAO/IMECO/SSSSR1015A0BP,guinee_bissau,pib_nominal,2000,277.94
BCEAO/IMECO/SSSSR1015A0BP,guinee_bissau,pib_nominal,2001,302.2
BCEAO/IMECO/SSSSR1015A0BP,guinee_bissau,pib_nominal,2002,323.81
BCEAO/IMECO/SSSSR1015A0BP,guinee_bissau,pib_nominal,2003,321.04
BCEAO/IMECO/SSSSR1015A0BP,guinee_bissau,pib_nominal,2004,307.0
BCEAO/IMECO/SSSSR1015A0BP,guinee_bissau,pib_nominal,2005,337.33
BCEAO/IMECO/SSSSR1015A0BP,guinee_bissau,pib_nominal,2006,331.63
BCEAO/IMECO/SSSSR1015A0BP,guinee_bissau,pib_nominal,2007,360.49
BCEAO/IMECO/SSSSR1015A0BP,guinee_bissau,pib_nominal,2008,424.89
BCEAO/IMECO/SSSSR1015A0BP,guinee_bissau,pib_nominal,2009,418.64
BCEAO/IMECO/SSSSR1015A0BP,guinee_bissau,pib_nominal,2010,465.16
BCEAO/IMECO/SSSSR1015A0BP,guinee_bissau,pib_nominal,2011,545.27
BCEAO/IMECO/SSSSR1015A0BP,guinee_bissau,pib_nominal,2012,535.78
BCEAO/IMECO/SSSSR1015A0BP,guinee_bissau,pib_nominal,2013,548.07
BCEAO/IMECO/SSSSR1015A0BP,guinee_bissau,pib_nominal,2014,560.54
BCEAO/IMECO/SSSSR1015A0BP,guinee_bissau,pib_nominal,2015,681.3
BCEAO/IMECO/SSSSR1015A0BP,guinee_bissau,pib_nominal,2016,737.8
BCEAO/IMECO/SSSSR1015A0BP,guinee_bissau,pib_nominal,2017,853.6
BCEAO/IMECO/SSSSR1015A0BP,guinee_bissau,pib_nominal,2018,863.2
BCEAO/IMECO/SSSSR1015A0BP,guinee_bissau,pib_nominal,2019,930.9
BCEAO/IMECO/SSSSR1015A0BP,guinee_bissau,pib_nominal,2020,969.1
BCEAO/IMECO/SSSSR1015A0BP,guinee_bissau,pib_nominal,2021,1041.77
BCEAO/IMECO/SSSSR1015A0BP,guinee_bissau,pib_nominal,2022,1147.1
BCEAO/IMECO/SSSSR1015A0BP,guinee_bissau,pib_nominal,2023,1260.9
BCEAO/IMECO/SSSSR1015A0BP,guinee_bissau,pib_nominal,2024,1337.8
BCEAO/IMECO/DDDSR1015A0BP,mali,pib_nominal,1960,68.0
BCEAO/IMECO/DDDSR1015A0BP,mali,pib_nominal,1961,72.0
BCEAO/IMECO/DDDSR1015A0BP,mali,pib_nominal,1962,90.4
BCEAO/IMECO/DDDSR1015A0BP,mali,pib_nominal,1963,94.6
BCEAO/IMECO/DDDSR1015A0BP,mali,pib_nominal,1964,103.8
BCEAO/IMECO/DDDSR1015A0BP,mali,pib_nominal,1965,65.3
BCEAO/IMECO/DDDSR1015A0BP,mali,pib_nominal,1966,67.8
BCEAO/IMECO/DDDSR1015A0BP,mali,pib_nominal,1967,76.3
BCEAO/IMECO/DDDSR1015A0BP,mali,pib_nominal,1968,83.5
BCEAO/IMECO/DDDSR1015A0BP,mali,pib_nominal,1969,94.1
BCEAO/IMECO/DDDSR1015A0BP,mali,pib_nominal,1970,96.4
BCEAO/IMECO/DDDSR1015A0BP,mali,pib_nominal,1971,99.5
BCEAO/IMECO/DDDSR1015A0BP,mali,pib_nominal,1972,136.5
BCEAO/IMECO/DDDSR1015A0BP,mali,pib_nominal,1973,151.0
BCEAO/IMECO/DDDSR1015A0BP,mali,pib_nominal,1974,197.9
BCEAO/IMECO/DDDSR1015A0BP,mali,pib_nominal,1975,211.7
BCEAO/IMECO/DDDSR1015A0BP,mali,pib_nominal,1976,260.4
BCEAO/IMECO/DDDSR1015A0BP,mali,pib_nominal,1977,356.0
BCEAO/IMECO/DDDSR1015A0BP,mali,pib_nominal,1978,378.6
BCEAO/IMECO/DDDSR1015A0BP,mali,pib_nominal,1979,409.8
BCEAO/IMECO/DDDSR1015A0BP,mali,pib_nominal,1980,465.6
BCEAO/IMECO/DDDSR1015A0BP,mali,pib_nominal,1981,531.9
BCEAO/IMECO/DDDSR1015A0BP,mali,pib_nominal,1982,551.4
BCEAO/IMECO/DDDSR1015A0BP,mali,pib_nominal,1983,586.9
BCEAO/IMECO/DDDSR1015A0BP,mali,pib_nominal,1984,590.3
BCEAO/IMECO/DDDSR1015A0BP,mali,pib_nominal,1985,551.4
BCEAO/IMECO/DDDSR1015A0BP,mali,pib_nominal,1986,586.9
BCEAO/IMECO/DDDSR1015A0BP,mali,pib_nominal,1987,590.3
BCEAO/IMECO/DDDSR1015A0BP,mali,pib_nominal,1988,585.8
BCEAO/IMECO/DDDSR1015A0BP,mali,pib_nominal,1989,644.9
BCEAO/IMECO/DDDSR1015A0BP,mali,pib_nominal,1990,743.77
BCEAO/IMECO/DDDSR1015A0BP,mali,pib_nominal,1991,848.5
BCEAO/IMECO/DDDSR1015A0BP,mali,pib_nominal,1992,819.32
BCEAO/IMECO/DDDSR1015A0BP,mali,pib_nominal,1993,872.42
BCEAO/IMECO/DDDSR1015A0BP,mali,pib_nominal,1994,1239.99
BCEAO/IMECO/DDDSR1015A0BP,mali,pib_nominal,1995,1424.43
BCEAO/IMECO/DDDSR1015A0BP,mali,pib_nominal,1996,1610.26
BCEAO/IMECO/DDDSR1015A0BP,mali,pib_nominal,1997,1676.16
BCEAO/IMECO/DDDSR1015A0BP,mali,pib_nominal,1998,1932.12
BCEAO/IMECO/DDDSR1015A0BP,mali,pib_nominal,1999,2117.67
BCEAO/IMECO/DDDSR1015A0BP,mali,pib_nominal,2000,2103.27
BCEAO/IMECO/DDDSR1015A0BP,mali,pib_nominal,2001,2540.2
BCEAO/IMECO/DDDSR1015A0BP,mali,pib_nominal,2002,2711.11
BCEAO/IMECO/DDDSR1015A0BP,mali,pib_nominal,2003,2733.68
BCEAO/IMECO/DDDSR1015A0BP,mali,pib_nominal,2004,2876.24
BCEAO/IMECO/DDDSR1015A0BP,mali,pib_nominal,2005,3294.06
BCEAO/IMECO/DDDSR1015A0BP,mali,pib_nominal,2006,3607.84
BCEAO/IMECO/DDDSR1015A0BP,mali,pib_nominal,2007,3903.96
BCEAO/IMECO/DDDSR1015A0BP,mali,pib_nominal,2008,4366.47
BCEAO/IMECO/DDDSR1015A0BP,mali,pib_nominal,2009,4807.34
BCEAO/IMECO/DDDSR1015A0BP,mali,pib_nominal,2010,5288.94
BCEAO/IMECO/DDDSR1015A0BP,mali,pib_nominal,2011,6123.93
BCEAO/IMECO/DDDSR1015A0BP,mali,pib_nominal,2012,6352.36
BCEAO/IMECO/DDDSR1015A0BP,mali,pib_nominal,2013,6540.56
BCEAO/IMECO/DDDSR1015A0BP,mali,pib_nominal,2014,8365.95
BCEAO/IMECO/DDDSR1015A0BP,mali,pib_nominal,2015,9212.99
BCEAO/IMECO/DDDSR1015A0BP,mali,pib_nominal,2016,9922.5
BCEAO/IMECO/DDDSR1015A0BP,mali,pib_nominal,2017,10630.9
BCEAO/IMECO/DDDSR1015A0BP,mali,pib_nominal,2018,11313.4
BCEAO/IMECO/DDDSR1015A0BP,mali,pib_nominal,2019,11998.0
BCEAO/IMECO/DDDSR1015A0BP,mali,pib_nominal,2020,11913.8
BCEAO/IMECO/DDDSR1015A0BP,mali,pib_nominal,2021,12753.77
BCEAO/IMECO/DDDSR1015A0BP,mali,pib_nominal,2022,13956.0
BCEAO/IMECO/DDDSR1015A0BP,mali,pib_nominal,2023,14934.7
BCEAO/IMECO/DDDSR1015A0BP,mali,pib_nominal,2024,15967.3
BCEAO/IMECO/HHHSR1015A0BP,niger,pib_nominal,1960,47.6
BCEAO/IMECO/HHHSR1015A0BP,niger,pib_nominal,1961,58.1
BCEAO/IMECO/HHHSR1015A0BP,niger,pib_nominal,1962,60.9
BCEAO/IMECO/HHHSR1015A0BP,niger,pib_nominal,1963,64.1
BCEAO/IMECO/HHHSR1015A0BP,niger,pib_nominal,1964,66.4
BCEAO/IMECO/HHHSR1015A0BP,niger,pib_nominal,1965,74.1
BCEAO/IMECO/HHHSR1015A0BP,niger,pib_nominal,1966,96.0
BCEAO/IMECO/HHHSR1015A0BP,niger,pib_nominal,1967,97.6
BCEAO/IMECO/HHHSR1015A0BP,niger,pib_nominal,1968,95.5
BCEAO/IMECO/HHHSR1015A0BP,niger,pib_nominal,1969,97.8
BCEAO/IMECO/HHHSR1015A0BP,niger,pib_nominal,1970,100.9
BCEAO/IMECO/HHHSR1015A0BP,niger,pib_nominal,1971,102.3
BCEAO/IMECO/HHHSR1015A0BP,niger,pib_nominal,1972,103.3
BCEAO/IMECO/HHHSR1015A0BP,niger,pib_nominal,1973,104.3
BCEAO/IMECO/HHHSR1015A0BP,niger,pib_nominal,1974,100.2
BCEAO/IMECO/HHHSR1015A0BP,niger,pib_nominal,1975,180.4
BCEAO/IMECO/HHHSR1015A0BP,niger,pib_nominal,1976,237.9
BCEAO/IMECO/HHHSR1015A0BP,niger,pib_nominal,1977,288.8
BCEAO/IMECO/HHHSR1015A0BP,niger,pib_nominal,1978,359.1
BCEAO/IMECO/HHHSR1015A0BP,niger,pib_nominal,1979,443.1
BCEAO/IMECO/HHHSR1015A0BP,niger,pib_nominal,1980,536.2
BCEAO/IMECO/HHHSR1015A0BP,niger,pib_nominal,1981,601.5
BCEAO/IMECO/HHHSR1015A0BP,niger,pib_nominal,1982,663.1
BCEAO/IMECO/HHHSR1015A0BP,niger,pib_nominal,1983,687.2
BCEAO/IMECO/HHHSR1015A0BP,niger,pib_nominal,1984,638.4
BCEAO/IMECO/HHHSR1015A0BP,niger,pib_nominal,1985,647.1
BCEAO/IMECO/HHHSR1015A0BP,niger,pib_nominal,1986,647.5
BCEAO/IMECO/HHHSR1015A0BP,niger,pib_nominal,1987,646.4
BCEAO/IMECO/HHHSR1015A0BP,niger,pib_nominal,1988,667.8
BCEAO/IMECO/HHHSR1015A0BP,niger,pib_nominal,1989,664.5
BCEAO/IMECO/HHHSR1015A0BP,niger,pib_nominal,1990,888.07
BCEAO/IMECO/HHHSR1015A0BP,niger,pib_nominal,1991,882.17
BCEAO/IMECO/HHHSR1015A0BP,niger,pib_nominal,1992,864.2
BCEAO/IMECO/HHHSR1015A0BP,niger,pib_nominal,1993,848.99
BCEAO/IMECO/HHHSR1015A0BP,niger,pib_nominal,1994,1032.2
BCEAO/IMECO/HHHSR1015A0BP,niger,pib_nominal,1995,1101.45
BCEAO/IMECO/HHHSR1015A0BP,niger,pib_nominal,1996,1198.84
BCEAO/IMECO/HHHSR1015A0BP,niger,pib_nominal,1997,1256.74
BCEAO/IMECO/HHHSR1015A0BP,niger,pib_nominal,1998,1537.64
BCEAO/IMECO/HHHSR1015A0BP,niger,pib_nominal,1999,1552.89
BCEAO/IMECO/HHHSR1015A0BP,niger,pib_nominal,2000,1601.76
BCEAO/IMECO/HHHSR1015A0BP,niger,pib_nominal,2001,1806.65
BCEAO/IMECO/HHHSR1015A0BP,niger,pib_nominal,2002,1967.63
BCEAO/IMECO/HHHSR1015A0BP,niger,pib_nominal,2003,2067.64
BCEAO/IMECO/HHHSR1015A0BP,niger,pib_nominal,2004,2076.41
BCEAO/IMECO/HHHSR1015A0BP,niger,pib_nominal,2005,2418.86
BCEAO/IMECO/HHHSR1015A0BP,niger,pib_nominal,2006,2596.97
BCEAO/IMECO/HHHSR1015A0BP,niger,pib_nominal,2007,2762.96
BCEAO/IMECO/HHHSR1015A0BP,niger,pib_nominal,2008,3247.84
BCEAO/IMECO/HHHSR1015A0BP,niger,pib_nominal,2009,3403.68
BCEAO/IMECO/HHHSR1015A0BP,niger,pib_nominal,2010,3779.68
BCEAO/IMECO/HHHSR1015A0BP,niger,pib_nominal,2011,4058.43
BCEAO/IMECO/HHHSR1015A0BP,niger,pib_nominal,2012,4679.85
BCEAO/IMECO/HHHSR1015A0BP,niger,pib_nominal,2013,5013.24
BCEAO/IMECO/HHHSR1015A0BP,niger,pib_nominal,2014,5377.79
BCEAO/IMECO/HHHSR1015A0BP,niger,pib_nominal,2015,5725.17
BCEAO/IMECO/HHHSR1015A0BP,niger,pib_nominal,2016,6162.4
BCEAO/IMECO/HHHSR1015A0BP,niger,pib_nominal,2017,6494.7
BCEAO/IMECO/HHHSR1015A0BP,niger,pib_nominal,2018,7114.5
BCEAO/IMECO/HHHSR1015A0BP,niger,pib_nominal,2019,7567.9
BCEAO/IMECO/HHHSR1015A0BP,niger,pib_nominal,2020,7911.0
BCEAO/IMECO/HHHSR1015A0BP,niger,pib_nominal,2021,8270.86
BCEAO/IMECO/HHHSR1015A0BP,niger,pib_nominal,2022,9632.0
BCEAO/IMECO/HHHSR1015A0BP,niger,pib_nominal,2023,10124.7
BCEAO/IMECO/HHHSR1015A0BP,niger,pib_nominal,2024,11796.5
BCEAO/IMECO/KKKSR1015A0BP,senegal,pib_nominal,1960,150.7
BCEAO/IMECO/KKKSR1015A0BP,senegal,pib_nominal,1961,162.6
BCEAO/IMECO/KKKSR1015A0BP,senegal,pib_nominal,1962,172.2
BCEAO/IMECO/KKKSR1015A0BP,senegal,pib_nominal,1963,179.3
BCEAO/IMECO/KKKSR1015A0BP,senegal,pib_nominal,1964,190.8
BCEAO/IMECO/KKKSR1015A0BP,senegal,pib_nominal,1965,199.7
BCEAO/IMECO/KKKSR1015A0BP,senegal,pib_nominal,1966,206.3
BCEAO/IMECO/KKKSR1015A0BP,senegal,pib_nominal,1967,206.5
BCEAO/IMECO/KKKSR1015A0BP,senegal,pib_nominal,1968,218.3
BCEAO/IMECO/KKKSR1015A0BP,senegal,pib_nominal,1969,218.0
BCEAO/IMECO/KKKSR1015A0BP,senegal,pib_nominal,1970,241.5
BCEAO/IMECO/KKKSR1015A0BP,senegal,pib_nominal,1971,248.4
BCEAO/IMECO/KKKSR1015A0BP,senegal,pib_nominal,1972,275.1
BCEAO/IMECO/KKKSR1015A0BP,senegal,pib_nominal,1973,279.7
BCEAO/IMECO/KKKSR1015A0BP,senegal,pib_nominal,1974,340.3
BCEAO/IMECO/KKKSR1015A0BP,senegal,pib_nominal,1975,408.5
BCEAO/IMECO/KKKSR1015A0BP,senegal,pib_nominal,1976,461.8
BCEAO/IMECO/KKKSR1015A0BP,senegal,pib_nominal,1977,486.1
BCEAO/IMECO/KKKSR1015A0BP,senegal,pib_nominal,1978,498.5
BCEAO/IMECO/KKKSR1015A0BP,senegal,pib_nominal,1979,585.2
BCEAO/IMECO/KKKSR1015A0BP,senegal,pib_nominal,1980,631.0
BCEAO/IMECO/KKKSR1015A0BP,senegal,pib_nominal,1981,673.6
BCEAO/IMECO/KKKSR1015A0BP,senegal,pib_nominal,1982,848.9
BCEAO/IMECO/KKKSR1015A0BP,senegal,pib_nominal,1983,944.9
BCEAO/IMECO/KKKSR1015A0BP,senegal,pib_nominal,1984,1021.2
BCEAO/IMECO/KKKSR1015A0BP,senegal,pib_nominal,1985,1158.5
BCEAO/IMECO/KKKSR1015A0BP,senegal,pib_nominal,1986,1303.3
BCEAO/IMECO/KKKSR1015A0BP,senegal,pib_nominal,1987,1382.3
BCEAO/IMECO/KKKSR1015A0BP,senegal,pib_nominal,1988,1483.3
BCEAO/IMECO/KKKSR1015A0BP,senegal,pib_nominal,1989,1475.9
BCEAO/IMECO/KKKSR1015A0BP,senegal,pib_nominal,1990,2139.32
BCEAO/IMECO/KKKSR1015A0BP,senegal,pib_nominal,1991,2153.88
BCEAO/IMECO/KKKSR1015A0BP,senegal,pib_nominal,1992,2214.22
BCEAO/IMECO/KKKSR1015A0BP,senegal,pib_nominal,1993,2134.55
BCEAO/IMECO/KKKSR1015A0BP,senegal,pib_nominal,1994,2615.63
BCEAO/IMECO/KKKSR1015A0BP,senegal,pib_nominal,1995,3010.45
BCEAO/IMECO/KKKSR1015A0BP,senegal,pib_nominal,1996,3295.45
BCEAO/IMECO/KKKSR1015A0BP,senegal,pib_nominal,1997,3519.44
BCEAO/IMECO/KKKSR1015A0BP,senegal,pib_nominal,1998,3810.05
BCEAO/IMECO/KKKSR1015A0BP,senegal,pib_nominal,1999,4057.71
BCEAO/IMECO/KKKSR1015A0BP,senegal,pib_nominal,2000,4270.61
BCEAO/IMECO/KKKSR1015A0BP,senegal,pib_nominal,2001,4766.32
BCEAO/IMECO/KKKSR1015A0BP,senegal,pib_nominal,2002,4860.43
BCEAO/IMECO/KKKSR1015A0BP,senegal,pib_nominal,2003,5084.96
BCEAO/IMECO/KKKSR1015A0BP,senegal,pib_nominal,2004,5313.89
BCEAO/IMECO/KKKSR1015A0BP,senegal,pib_nominal,2005,5804.6
BCEAO/IMECO/KKKSR1015A0BP,senegal,pib_nominal,2006,6111.29
BCEAO/IMECO/KKKSR1015A0BP,senegal,pib_nominal,2007,6698.1
BCEAO/IMECO/KKKSR1015A0BP,senegal,pib_nominal,2008,7516.88
BCEAO/IMECO/KKKSR1015A0BP,senegal,pib_nominal,2009,7593.3
BCEAO/IMECO/KKKSR1015A0BP,senegal,pib_nominal,2010,7976.73
BCEAO/IMECO/KKKSR1015A0BP,senegal,pib_nominal,2011,8394.96
BCEAO/IMECO/KKKSR1015A0BP,senegal,pib_nominal,2012,9016.87
BCEAO/IMECO/KKKSR1015A0BP,senegal,pib_nominal,2013,9343.92
BCEAO/IMECO/KKKSR1015A0BP,senegal,pib_nominal,2014,9775.04
BCEAO/IMECO/KKKSR1015A0BP,senegal,pib_nominal,2015,10508.65
BCEAO/IMECO/KKKSR1015A0BP,senegal,pib_nominal,2016,11283.4
BCEAO/IMECO/KKKSR1015A0BP,senegal,pib_nominal,2017,12191.8
BCEAO/IMECO/KKKSR1015A0BP,senegal,pib_nominal,2018,12840.1
BCEAO/IMECO/KKKSR1015A0BP,senegal,pib_nominal,2019,13712.7
BCEAO/IMECO/KKKSR1015A0BP,senegal,pib_nominal,2020,14119.4
BCEAO/IMECO/KKKSR1015A0BP,senegal,pib_nominal,2021,15261.12
BCEAO/IMECO/KKKSR1015A0BP,senegal,pib_nominal,2022,17227.9
BCEAO/IMECO/KKKSR1015A0BP,senegal,pib_nominal,2023,18711.7
BCEAO/IMECO/KKKSR1015A0BP,senegal,pib_nominal,2024,20365.6
BCEAO/IMECO/TTTSR1015A0BP,togo,pib_nominal,1963,32.4
BCEAO/IMECO/TTTSR1015A0BP,togo,pib_nominal,1964,38.4
BCEAO/IMECO/TTTSR1015A0BP,togo,pib_nominal,1965,43.5
BCEAO/IMECO/TTTSR1015A0BP,togo,pib_nominal,1966,53.1
BCEAO/IMECO/TTTSR1015A0BP,togo,pib_nominal,1967,57.0
BCEAO/IMECO/TTTSR1015A0BP,togo,pib_nominal,1968,59.9
BCEAO/IMECO/TTTSR1015A0BP,togo,pib_nominal,1969,69.6
BCEAO/IMECO/TTTSR1015A0BP,togo,pib_nominal,1970,73.7
BCEAO/IMECO/TTTSR1015A0BP,togo,pib_nominal,1971,81.9
BCEAO/IMECO/TTTSR1015A0BP,togo,pib_nominal,1972,87.6
BCEAO/IMECO/TTTSR1015A0BP,togo,pib_nominal,1973,90.4
BCEAO/IMECO/TTTSR1015A0BP,togo,pib_nominal,1974,130.7
BCEAO/IMECO/TTTSR1015A0BP,togo,pib_nominal,1975,128.3
BCEAO/IMECO/TTTSR1015A0BP,togo,pib_nominal,1976,136.3
BCEAO/IMECO/TTTSR1015A0BP,togo,pib_nominal,1977,168.8
BCEAO/IMECO/TTTSR1015A0BP,togo,pib_nominal,1978,188.8
BCEAO/IMECO/TTTSR1015A0BP,togo,pib_nominal,1979,212.8
BCEAO/IMECO/TTTSR1015A0BP,togo,pib_nominal,1980,238.4
BCEAO/IMECO/TTTSR1015A0BP,togo,pib_nominal,1981,258.0
BCEAO/IMECO/TTTSR1015A0BP,togo,pib_nominal,1982,269.7
BCEAO/IMECO/TTTSR1015A0BP,togo,pib_nominal,1983,298.0
BCEAO/IMECO/TTTSR1015A0BP,togo,pib_nominal,1984,313.8
BCEAO/IMECO/TTTSR1015A0BP,togo,pib_nominal,1985,342.5
BCEAO/IMECO/TTTSR1015A0BP,togo,pib_nominal,1986,367.4
BCEAO/IMECO/TTTSR1015A0BP,togo,pib_nominal,1987,375.4
BCEAO/IMECO/TTTSR1015A0BP,togo,pib_nominal,1988,412.1
BCEAO/IMECO/TTTSR1015A0BP,togo,pib_nominal,1989,431.6
BCEAO/IMECO/TTTSR1015A0BP,togo,pib_nominal,1990,687.76
BCEAO/IMECO/TTTSR1015A0BP,togo,pib_nominal,1991,704.12
BCEAO/IMECO/TTTSR1015A0BP,togo,pib_nominal,1992,692.78
BCEAO/IMECO/TTTSR1015A0BP,togo,pib_nominal,1993,564.94
BCEAO/IMECO/TTTSR1015A0BP,togo,pib_nominal,1994,858.5
BCEAO/IMECO/TTTSR1015A0BP,togo,pib_nominal,1995,1019.32
BCEAO/IMECO/TTTSR1015A0BP,togo,pib_nominal,1996,1141.78
BCEAO/IMECO/TTTSR1015A0BP,togo,pib_nominal,1997,1326.67
BCEAO/IMECO/TTTSR1015A0BP,togo,pib_nominal,1998,1269.1
BCEAO/IMECO/TTTSR1015A0BP,togo,pib_nominal,1999,1326.91
BCEAO/IMECO/TTTSR1015A0BP,togo,pib_nominal,2000,1496.23
BCEAO/IMECO/TTTSR1015A0BP,togo,pib_nominal,2001,1533.19
BCEAO/IMECO/TTTSR1015A0BP,togo,pib_nominal,2002,1671.88
BCEAO/IMECO/TTTSR1015A0BP,togo,pib_nominal,2003,1732.66
BCEAO/IMECO/TTTSR1015A0BP,togo,pib_nominal,2004,1682.93
BCEAO/IMECO/TTTSR1015A0BP,togo,pib_nominal,2005,1698.71
BCEAO/IMECO/TTTSR1015A0BP,togo,pib_nominal,2006,1734.93
BCEAO/IMECO/TTTSR1015A0BP,togo,pib_nominal,2007,1799.65
BCEAO/IMECO/TTTSR1015A0BP,togo,pib_nominal,2008,2042.17
BCEAO/IMECO/TTTSR1015A0BP,togo,pib_nominal,2009,2220.67
BCEAO/IMECO/TTTSR1015A0BP,togo,pib_nominal,2010,2348.49
BCEAO/IMECO/TTTSR1015A0BP,togo,pib_nominal,2011,2555.32
BCEAO/IMECO/TTTSR1015A0BP,togo,pib_nominal,2012,2763.92
BCEAO/IMECO/TTTSR1015A0BP,togo,pib_nominal,2013,2974.13
BCEAO/IMECO/TTTSR1015A0BP,togo,pib_nominal,2014,3156.75
BCEAO/IMECO/TTTSR1015A0BP,togo,pib_nominal,2015,3402.69
BCEAO/IMECO/TTTSR1015A0BP,togo,pib_nominal,2016,3597.8
BCEAO/IMECO/TTTSR1015A0BP,togo,pib_nominal,2017,3708.9
BCEAO/IMECO/TTTSR1015A0BP,togo,pib_nominal,2018,3904.4
BCEAO/IMECO/TTTSR1015A0BP,togo,pib_nominal,2019,4097.1
BCEAO/IMECO/TTTSR1015A0BP,togo,pib_nominal,2020,4259.3
BCEAO/IMECO/TTTSR1015A0BP,togo,pib_nominal,2021,4625.84
BCEAO/IMECO/TTTSR1015A0BP,togo,pib_nominal,2022,5104.8
BCEAO/IMECO/TTTSR1015A0BP,togo,pib_nominal,2023,5613.2
BCEAO/IMECO/TTTSR1015A0BP,togo,pib_nominal,2024,6098.4
BCEAO/IMECO/ZZZSR1015A0BP,uemoa,pib_nominal,1963,633.4
BCEAO/IMECO/ZZZSR1015A0BP,uemoa,pib_nominal,1964,705.7
BCEAO/IMECO/ZZZSR1015A0BP,uemoa,pib_nominal,1965,942.3
BCEAO/IMECO/ZZZSR1015A0BP,uemoa,pib_nominal,1966,993.3
BCEAO/IMECO/ZZZSR1015A0BP,uemoa,pib_nominal,1967,1029.3
BCEAO/IMECO/ZZZSR1015A0BP,uemoa,pib_nominal,1968,1087.4
BCEAO/IMECO/ZZZSR1015A0BP,uemoa,pib_nominal,1969,1169.1
BCEAO/IMECO/ZZZSR1015A0BP,uemoa,pib_nominal,1970,1255.6
BCEAO/IMECO/ZZZSR1015A0BP,uemoa,pib_nominal,1971,1330.2
BCEAO/IMECO/ZZZSR1015A0BP,uemoa,pib_nominal,1972,1444.1
BCEAO/IMECO/ZZZSR1015A0BP,uemoa,pib_nominal,1973,1508.3
BCEAO/IMECO/ZZZSR1015A0BP,uemoa,pib_nominal,1974,1762.4
BCEAO/IMECO/ZZZSR1015A0BP,uemoa,pib_nominal,1975,1921.5
BCEAO/IMECO/ZZZSR1015A0BP,uemoa,pib_nominal,1976,2294.0
BCEAO/IMECO/ZZZSR1015A0BP,uemoa,pib_nominal,1977,2620.5
BCEAO/IMECO/ZZZSR1015A0BP,uemoa,pib_nominal,1978,2918.3
BCEAO/IMECO/ZZZSR1015A0BP,uemoa,pib_nominal,1979,3795.2
BCEAO/IMECO/ZZZSR1015A0BP,uemoa,pib_nominal,1980,4302.7
BCEAO/IMECO/ZZZSR1015A0BP,uemoa,pib_nominal,1981,4749.0
BCEAO/IMECO/ZZZSR1015A0BP,uemoa,pib_nominal,1982,5263.2
BCEAO/IMECO/ZZZSR1015A0BP,uemoa,pib_nominal,1983,5594.5
BCEAO/IMECO/ZZZSR1015A0BP,uemoa,pib_nominal,1984,5877.8
BCEAO/IMECO/ZZZSR1015A0BP,uemoa,pib_nominal,1985,6967.4
BCEAO/IMECO/ZZZSR1015A0BP,uemoa,pib_nominal,1986,7223.4
BCEAO/IMECO/ZZZSR1015A0BP,uemoa,pib_nominal,1987,7166.8
BCEAO/IMECO/ZZZSR1015A0BP,uemoa,pib_nominal,1988,7421.1
BCEAO/IMECO/ZZZSR1015A0BP,uemoa,pib_nominal,1989,7579.1
BCEAO/IMECO/ZZZSR1015A0BP,uemoa,pib_nominal,1990,10037.99
BCEAO/IMECO/ZZZSR1015A0BP,uemoa,pib_nominal,1991,10611.21
BCEAO/IMECO/ZZZSR1015A0BP,uemoa,pib_nominal,1992,12427.99
BCEAO/IMECO/ZZZSR1015A0BP,uemoa,pib_nominal,1993,14043.71
BCEAO/IMECO/ZZZSR1015A0BP,uemoa,pib_nominal,1994,17055.12
BCEAO/IMECO/ZZZSR1015A0BP,uemoa,pib_nominal,1995,19148.51
BCEAO/IMECO/ZZZSR1015A0BP,uemoa,pib_nominal,1996,21022.73
BCEAO/IMECO/ZZZSR1015A0BP,uemoa,pib_nominal,1997,22163.8
BCEAO/IMECO/ZZZSR1015A0BP,uemoa,pib_nominal,1998,23325.27
BCEAO/IMECO/ZZZSR1015A0BP,uemoa,pib_nominal,1999,25103.08
BCEAO/IMECO/ZZZSR1015A0BP,uemoa,pib_nominal,2000,26253.92
BCEAO/IMECO/ZZZSR1015A0BP,uemoa,pib_nominal,2001,28267.94
BCEAO/IMECO/ZZZSR1015A0BP,uemoa,pib_nominal,2002,29046.71
BCEAO/IMECO/ZZZSR1015A0BP,uemoa,pib_nominal,2003,30247.93
BCEAO/IMECO/ZZZSR1015A0BP,uemoa,pib_nominal,2004,31262.48
BCEAO/IMECO/ZZZSR1015A0BP,uemoa,pib_nominal,2005,33734.87
BCEAO/IMECO/ZZZSR1015A0BP,uemoa,pib_nominal,2006,36472.95
BCEAO/IMECO/ZZZSR1015A0BP,uemoa,pib_nominal,2007,38930.3
BCEAO/IMECO/ZZZSR1015A0BP,uemoa,pib_nominal,2008,41173.87
BCEAO/IMECO/ZZZSR1015A0BP,uemoa,pib_nominal,2009,43313.47
BCEAO/IMECO/ZZZSR1015A0BP,uemoa,pib_nominal,2010,46615.16
BCEAO/IMECO/ZZZSR1015A0BP,uemoa,pib_nominal,2011,49153.09
BCEAO/IMECO/ZZZSR1015A0BP,uemoa,pib_nominal,2012,54357.37
BCEAO/IMECO/ZZZSR1015A0BP,uemoa,pib_nominal,2013,58594.01
BCEAO/IMECO/ZZZSR1015A0BP,uemoa,pib_nominal,2014,64817.0
BCEAO/IMECO/ZZZSR1015A0BP,uemoa,pib_nominal,2015,70345.3
BCEAO/IMECO/ZZZSR1015A0BP,uemoa,pib_nominal,2016,75001.0
BCEAO/IMECO/ZZZSR1015A0BP,uemoa,pib_nominal,2017,79938.1
BCEAO/IMECO/ZZZSR1015A0BP,uemoa,pib_nominal,2018,85289.8
BCEAO/IMECO/ZZZSR1015A0BP,uemoa,pib_nominal,2019,91511.6
BCEAO/IMECO/ZZZSR1015A0BP,uemoa,pib_nominal,2020,94661.6
BCEAO/IMECO/ZZZSR1015A0BP,uemoa,pib_nominal,2021,103052.79
BCEAO/IMECO/ZZZSR1015A0BP,uemoa,pib_nominal,2022,113569.9
BCEAO/IMECO/ZZZSR1015A0BP,uemoa,pib_nominal,2023,122861.1
BCEAO/IMECO/ZZZSR1015A0BP,uemoa,pib_nominal,2024,134625.4
BCEAO/IMECO/BBBSR1041A0BP,benin,croissance_reelle,1990,2.7
BCEAO/IMECO/BBBSR1041A0BP,benin,croissance_reelle,1991,4.22
BCEAO/IMECO/BBBSR1041A0BP,benin,croissance_reelle,1992,2.96
BCEAO/IMECO/BBBSR1041A0BP,benin,croissance_reelle,1993,5.84
BCEAO/IMECO/BBBSR1041A0BP,benin,croissance_reelle,1994,2.02
BCEAO/IMECO/BBBSR1041A0BP,benin,croissance_reelle,1995,6.05
BCEAO/IMECO/BBBSR1041A0BP,benin,croissance_reelle,1996,4.32
BCEAO/IMECO/BBBSR1041A0BP,benin,croissance_reelle,1997,5.73
BCEAO/IMECO/BBBSR1041A0BP,benin,croissance_reelle,1998,3.96
BCEAO/IMECO/BBBSR1041A0BP,benin,croissance_reelle,1999,5.34
BCEAO/IMECO/BBBSR1041A0BP,benin,croissance_reelle,2000,5.86
BCEAO/IMECO/BBBSR1041A0BP,benin,croissance_reelle,2001,5.34
BCEAO/IMECO/BBBSR1041A0BP,benin,croissance_reelle,2002,4.64
BCEAO/IMECO/BBBSR1041A0BP,benin,croissance_reelle,2003,3.44
BCEAO/IMECO/BBBSR1041A0BP,benin,croissance_reelle,2004,4.43
BCEAO/IMECO/BBBSR1041A0BP,benin,croissance_reelle,2005,1.72
BCEAO/IMECO/BBBSR1041A0BP,benin,croissance_reelle,2006,3.94
BCEAO/IMECO/BBBSR1041A0BP,benin,croissance_reelle,2007,5.99
BCEAO/IMECO/BBBSR1041A0BP,benin,croissance_reelle,2008,4.9
BCEAO/IMECO/BBBSR1041A0BP,benin,croissance_reelle,2009,2.32
BCEAO/IMECO/BBBSR1041A0BP,benin,croissance_reelle,2010,2.11
BCEAO/IMECO/BBBSR1041A0BP,benin,croissance_reelle,2011,2.96
BCEAO/IMECO/BBBSR1041A0BP,benin,croissance_reelle,2012,4.81
BCEAO/IMECO/BBBSR1041A0BP,benin,croissance_reelle,2013,7.19
BCEAO/IMECO/BBBSR1041A0BP,benin,croissance_reelle,2014,6.36
BCEAO/IMECO/BBBSR1041A0BP,benin,croissance_reelle,2015,1.78
BCEAO/IMECO/BBBSR1041A0BP,benin,croissance_reelle,2016,3.3
BCEAO/IMECO/BBBSR1041A0BP,benin,croissance_reelle,2017,5.7
BCEAO/IMECO/BBBSR1041A0BP,benin,croissance_reelle,2018,6.7
BCEAO/IMECO/BBBSR1041A0BP,benin,croissance_reelle,2019,6.9
BCEAO/IMECO/BBBSR1041A0BP,benin,croissance_reelle,2020,3.8
BCEAO/IMECO/BBBSR1041A0BP,benin,croissance_reelle,2021,7.16
BCEAO/IMECO/BBBSR1041A0BP,benin,croissance_reelle,2022,6.3
BCEAO/IMECO/BBBSR1041A0BP,benin,croissance_reelle,2023,6.4
BCEAO/IMECO/BBBSR1041A0BP,benin,croissance_reelle,2024,6.8
BCEAO/IMECO/CCCSR1041A0BP,burkina,croissance_reelle,1990,-1.0
BCEAO/IMECO/CCCSR1041A0BP,burkina,croissance_reelle,1991,9.07
BCEAO/IMECO/CCCSR1041A0BP,burkina,croissance_reelle,1992,0.23
BCEAO/IMECO/CCCSR1041A0BP,burkina,croissance_reelle,1993,3.46
BCEAO/IMECO/CCCSR1041A0BP,burkina,croissance_reelle,1994,1.31
BCEAO/IMECO/CCCSR1041A0BP,burkina,croissance_reelle,1995,5.72
BCEAO/IMECO/CCCSR1041A0BP,burkina,croissance_reelle,1996,11.01
BCEAO/IMECO/CCCSR1041A0BP,burkina,croissance_reelle,1997,6.32
BCEAO/IMECO/CCCSR1041A0BP,burkina,croissance_reelle,1998,7.31
BCEAO/IMECO/CCCSR1041A0BP,burkina,croissance_reelle,1999,7.33
BCEAO/IMECO/CCCSR1041A0BP,burkina,croissance_reelle,2000,4.21
BCEAO/IMECO/CCCSR1041A0BP,burkina,croissance_reelle,2001,6.61
BCEAO/IMECO/CCCSR1041A0BP,burkina,croissance_reelle,2002,4.35
BCEAO/IMECO/CCCSR1041A0BP,burkina,croissance_reelle,2003,7.8
BCEAO/IMECO/CCCSR1041A0BP,burkina,croissance_reelle,2004,4.48
BCEAO/IMECO/CCCSR1041A0BP,burkina,croissance_reelle,2005,8.66
BCEAO/IMECO/CCCSR1041A0BP,burkina,croissance_reelle,2006,6.25
BCEAO/IMECO/CCCSR1041A0BP,burkina,croissance_reelle,2007,4.11
BCEAO/IMECO/CCCSR1041A0BP,burkina,croissance_reelle,2008,5.8
BCEAO/IMECO/CCCSR1041A0BP,burkina,croissance_reelle,2009,2.96
BCEAO/IMECO/CCCSR1041A0BP,burkina,croissance_reelle,2010,8.45
BCEAO/IMECO/CCCSR1041A0BP,burkina,croissance_reelle,2011,6.62
BCEAO/IMECO/CCCSR1041A0BP,burkina,croissance_reelle,2012,6.45
BCEAO/IMECO/CCCSR1041A0BP,burkina,croissance_reelle,2013,5.79
BCEAO/IMECO/CCCSR1041A0BP,burkina,croissance_reelle,2014,4.33
BCEAO/IMECO/CCCSR1041A0BP,burkina,croissance_reelle,2015,1.61
BCEAO/IMECO/CCCSR1041A0BP,burkina,croissance_reelle,2016,6.0
BCEAO/IMECO/CCCSR1041A0BP,burkina,croissance_reelle,2017,6.2
BCEAO/IMECO/CCCSR1041A0BP,burkina,croissance_reelle,2018,6.6
BCEAO/IMECO/CCCSR1041A0BP,burkina,croissance_reelle,2019,5.9
BCEAO/IMECO/CCCSR1041A0BP,burkina,croissance_reelle,2020,2.0
BCEAO/IMECO/CCCSR1041A0BP,burkina,croissance_reelle,2021,6.94
BCEAO/IMECO/CCCSR1041A0BP,burkina,croissance_reelle,2022,1.5
BCEAO/IMECO/CCCSR1041A0BP,burkina,croissance_reelle,2023,3.0
BCEAO/IMECO/CCCSR1041A0BP,burkina,croissance_reelle,2024,5.1
BCEAO/IMECO/AAASR1041A0BP,cote_ivoire,croissance_reelle,1990,-1.6
BCEAO/IMECO/AAASR1041A0BP,cote_ivoire,croissance_reelle,1991,0.0
BCEAO/IMECO/AAASR1041A0BP,cote_ivoire,croissance_reelle,1992,-0.1
BCEAO/IMECO/AAASR1041A0BP,cote_ivoire,croissance_reelle,1993,-0.41
BCEAO/IMECO/AAASR1041A0BP,cote_ivoire,croissance_reelle,1994,2.1
BCEAO/IMECO/AAASR1041A0BP,cote_ivoire,croissance_reelle,1995,7.1
BCEAO/IMECO/AAASR1041A0BP,cote_ivoire,croissance_reelle,1996,6.9
BCEAO/IMECO/AAASR1041A0BP,cote_ivoire,croissance_reelle,1997,5.72
BCEAO/IMECO/AAASR1041A0BP,cote_ivoire,croissance_reelle,1998,4.93
BCEAO/IMECO/AAASR1041A0BP,cote_ivoire,croissance_reelle,1999,1.62
BCEAO/IMECO/AAASR1041A0BP,cote_ivoire,croissance_reelle,2000,-2.07
BCEAO/IMECO/AAASR1041A0BP,cote_ivoire,croissance_reelle,2001,0.12
BCEAO/IMECO/AAASR1041A0BP,cote_ivoire,croissance_reelle,2002,-1.67
BCEAO/IMECO/AAASR1041A0BP,cote_ivoire,croissance_reelle,2003,-1.36
BCEAO/IMECO/AAASR1041A0BP,cote_ivoire,croissance_reelle,2004,1.23
BCEAO/IMECO/AAASR1041A0BP,cote_ivoire,croissance_reelle,2005,1.72
BCEAO/IMECO/AAASR1041A0BP,cote_ivoire,croissance_reelle,2006,1.52
BCEAO/IMECO/AAASR1041A0BP,cote_ivoire,croissance_reelle,2007,1.77
BCEAO/IMECO/AAASR1041A0BP,cote_ivoire,croissance_reelle,2008,2.54
BCEAO/IMECO/AAASR1041A0BP,cote_ivoire,croissance_reelle,2009,3.25
BCEAO/IMECO/AAASR1041A0BP,cote_ivoire,croissance_reelle,2010,2.02
BCEAO/IMECO/AAASR1041A0BP,cote_ivoire,croissance_reelle,2011,-4.2
BCEAO/IMECO/AAASR1041A0BP,cote_ivoire,croissance_reelle,2012,10.1
BCEAO/IMECO/AAASR1041A0BP,cote_ivoire,croissance_reelle,2013,9.27
BCEAO/IMECO/AAASR1041A0BP,cote_ivoire,croissance_reelle,2014,8.79
BCEAO/IMECO/AAASR1041A0BP,cote_ivoire,croissance_reelle,2015,8.82
BCEAO/IMECO/AAASR1041A0BP,cote_ivoire,croissance_reelle,2016,7.2
BCEAO/IMECO/AAASR1041A0BP,cote_ivoire,croissance_reelle,2017,7.4
BCEAO/IMECO/AAASR1041A0BP,cote_ivoire,croissance_reelle,2018,4.8
BCEAO/IMECO/AAASR1041A0BP,cote_ivoire,croissance_reelle,2019,6.7
BCEAO/IMECO/AAASR1041A0BP,cote_ivoire,croissance_reelle,2020,0.7
BCEAO/IMECO/AAASR1041A0BP,cote_ivoire,croissance_reelle,2021,7.06
BCEAO/IMECO/AAASR1041A0BP,cote_ivoire,croissance_reelle,2022,6.2
BCEAO/IMECO/AAASR1041A0BP,cote_ivoire,croissance_reelle,2023,6.5
BCEAO/IMECO/AAASR1041A0BP,cote_ivoire,croissance_reelle,2024,6.1
BCEAO/IMECO/SSSSR1041A0BP,guinee_bissau,croissance_reelle,1990,6.06
BCEAO/IMECO/SSSSR1041A0BP,guinee_bissau,croissance_reelle,1991,5.15
BCEAO/IMECO/SSSSR1041A0BP,guinee_bissau,croissance_reelle,1992,-1.15
BCEAO/IMECO/SSSSR1041A0BP,guinee_bissau,croissance_reelle,1993,1.46
BCEAO/IMECO/SSSSR1041A0BP,guinee_bissau,croissance_reelle,1994,1.19
BCEAO/IMECO/SSSSR1041A0BP,guinee_bissau,croissance_reelle,1995,3.45
BCEAO/IMECO/SSSSR1041A0BP,guinee_bissau,croissance_reelle,1996,3.7
BCEAO/IMECO/SSSSR1041A0BP,guinee_bissau,croissance_reelle,1997,12.73
BCEAO/IMECO/SSSSR1041A0BP,guinee_bissau,croissance_reelle,1998,-22.45
BCEAO/IMECO/SSSSR1041A0BP,guinee_bissau,croissance_reelle,1999,16.84
BCEAO/IMECO/SSSSR1041A0BP,guinee_bissau,croissance_reelle,2000,1.1
BCEAO/IMECO/SSSSR1041A0BP,guinee_bissau,croissance_reelle,2001,4.79
BCEAO/IMECO/SSSSR1041A0BP,guinee_bissau,croissance_reelle,2002,3.63
BCEAO/IMECO/SSSSR1041A0BP,guinee_bissau,croissance_reelle,2003,-0.27
BCEAO/IMECO/SSSSR1041A0BP,guinee_bissau,croissance_reelle,2004,1.15
BCEAO/IMECO/SSSSR1041A0BP,guinee_bissau,croissance_reelle,2005,6.57
BCEAO/IMECO/SSSSR1041A0BP,guinee_bissau,croissance_reelle,2006,2.66
BCEAO/IMECO/SSSSR1041A0BP,guinee_bissau,croissance_reelle,2007,2.57
BCEAO/IMECO/SSSSR1041A0BP,guinee_bissau,croissance_reelle,2008,4.52
BCEAO/IMECO/SSSSR1041A0BP,guinee_bissau,croissance_reelle,2009,2.45
BCEAO/IMECO/SSSSR1041A0BP,guinee_bissau,croissance_reelle,2010,5.61
BCEAO/IMECO/SSSSR1041A0BP,guinee_bissau,croissance_reelle,2011,8.09
BCEAO/IMECO/SSSSR1041A0BP,guinee_bissau,croissance_reelle,2012,-1.71
BCEAO/IMECO/SSSSR1041A0BP,guinee_bissau,croissance_reelle,2013,3.26
BCEAO/IMECO/SSSSR1041A0BP,guinee_bissau,croissance_reelle,2014,0.96
BCEAO/IMECO/SSSSR1041A0BP,guinee_bissau,croissance_reelle,2015,6.13
BCEAO/IMECO/SSSSR1041A0BP,guinee_bissau,croissance_reelle,2016,5.4
BCEAO/IMECO/SSSSR1041A0BP,guinee_bissau,croissance_reelle,2017,4.7
BCEAO/IMECO/SSSSR1041A0BP,guinee_bissau,croissance_reelle,2018,3.7
BCEAO/IMECO/SSSSR1041A0BP,guinee_bissau,croissance_reelle,2019,5.6
BCEAO/IMECO/SSSSR1041A0BP,guinee_bissau,croissance_reelle,2020,2.1
BCEAO/IMECO/SSSSR1041A0BP,guinee_bissau,croissance_reelle,2021,5.24
BCEAO/IMECO/SSSSR1041A0BP,guinee_bissau,croissance_reelle,2022,5.6
BCEAO/IMECO/SSSSR1041A0BP,guinee_bissau,croissance_reelle,2023,4.4
BCEAO/IMECO/SSSSR1041A0BP,guinee_bissau,croissance_reelle,2024,5.1
BCEAO/IMECO/DDDSR1041A0BP,mali,croissance_reelle,1990,-4.59
BCEAO/IMECO/DDDSR1041A0BP,mali,croissance_reelle,1991,11.45
BCEAO/IMECO/DDDSR1041A0BP,mali,croissance_reelle,1992,-4.06
BCEAO/IMECO/DDDSR1041A0BP,mali,croissance_reelle,1993,3.85
BCEAO/IMECO/DDDSR1041A0BP,mali,croissance_reelle,1994,5.38
BCEAO/IMECO/DDDSR1041A0BP,mali,croissance_reelle,1995,0.89
BCEAO/IMECO/DDDSR1041A0BP,mali,croissance_reelle,1996,6.2
BCEAO/IMECO/DDDSR1041A0BP,mali,croissance_reelle,1997,4.09
BCEAO/IMECO/DDDSR1041A0BP,mali,croissance_reelle,1998,6.51
BCEAO/IMECO/DDDSR1041A0BP,mali,croissance_reelle,1999,4.62
BCEAO/IMECO/DDDSR1041A0BP,mali,croissance_reelle,2000,-0.06
BCEAO/IMECO/DDDSR1041A0BP,mali,croissance_reelle,2001,15.38
BCEAO/IMECO/DDDSR1041A0BP,mali,croissance_reelle,2002,3.11
BCEAO/IMECO/DDDSR1041A0BP,mali,croissance_reelle,2003,9.12
BCEAO/IMECO/DDDSR1041A0BP,mali,croissance_reelle,2004,1.56
BCEAO/IMECO/DDDSR1041A0BP,mali,croissance_reelle,2005,6.53
BCEAO/IMECO/DDDSR1041A0BP,mali,croissance_reelle,2006,4.66
BCEAO/IMECO/DDDSR1041A0BP,mali,croissance_reelle,2007,3.49
BCEAO/IMECO/DDDSR1041A0BP,mali,croissance_reelle,2008,4.77
BCEAO/IMECO/DDDSR1041A0BP,mali,croissance_reelle,2009,4.68
BCEAO/IMECO/DDDSR1041A0BP,mali,croissance_reelle,2010,5.41
BCEAO/IMECO/DDDSR1041A0BP,mali,croissance_reelle,2011,3.24
BCEAO/IMECO/DDDSR1041A0BP,mali,croissance_reelle,2012,-0.84
BCEAO/IMECO/DDDSR1041A0BP,mali,croissance_reelle,2013,2.3
BCEAO/IMECO/DDDSR1041A0BP,mali,croissance_reelle,2014,7.6
BCEAO/IMECO/DDDSR1041A0BP,mali,croissance_reelle,2015,5.98
BCEAO/IMECO/DDDSR1041A0BP,mali,croissance_reelle,2016,6.0
BCEAO/IMECO/DDDSR1041A0BP,mali,croissance_reelle,2017,5.4
BCEAO/IMECO/DDDSR1041A0BP,mali,croissance_reelle,2018,4.9
BCEAO/IMECO/DDDSR1041A0BP,mali,croissance_reelle,2019,5.0
BCEAO/IMECO/DDDSR1041A0BP,mali,croissance_reelle,2020,-1.2
BCEAO/IMECO/DDDSR1041A0BP,mali,croissance_reelle,2021,3.1
BCEAO/IMECO/DDDSR1041A0BP,mali,croissance_reelle,2022,3.5
BCEAO/IMECO/DDDSR1041A0BP,mali,croissance_reelle,2023,4.7
BCEAO/IMECO/DDDSR1041A0BP,mali,croissance_reelle,2024,4.9
BCEAO/IMECO/HHHSR1041A0BP,niger,croissance_reelle,1990,-1.8
BCEAO/IMECO/HHHSR1041A0BP,niger,croissance_reelle,1991,1.75
BCEAO/IMECO/HHHSR1041A0BP,niger,croissance_reelle,1992,1.78
BCEAO/IMECO/HHHSR1041A0BP,niger,croissance_reelle,1993,1.13
BCEAO/IMECO/HHHSR1041A0BP,niger,croissance_reelle,1994,2.31
BCEAO/IMECO/HHHSR1041A0BP,niger,croissance_reelle,1995,3.68
BCEAO/IMECO/HHHSR1041A0BP,niger,croissance_reelle,1996,1.43
BCEAO/IMECO/HHHSR1041A0BP,niger,croissance_reelle,1997,1.66
BCEAO/IMECO/HHHSR1041A0BP,niger,croissance_reelle,1998,12.6
BCEAO/IMECO/HHHSR1041A0BP,niger,croissance_reelle,1999,1.05
BCEAO/IMECO/HHHSR1041A0BP,niger,croissance_reelle,2000,-2.21
BCEAO/IMECO/HHHSR1041A0BP,niger,croissance_reelle,2001,7.57
BCEAO/IMECO/HHHSR1041A0BP,niger,croissance_reelle,2002,5.3
BCEAO/IMECO/HHHSR1041A0BP,niger,croissance_reelle,2003,4.82
BCEAO/IMECO/HHHSR1041A0BP,niger,croissance_reelle,2004,0.04
BCEAO/IMECO/HHHSR1041A0BP,niger,croissance_reelle,2005,9.09
BCEAO/IMECO/HHHSR1041A0BP,niger,croissance_reelle,2006,5.02
BCEAO/IMECO/HHHSR1041A0BP,niger,croissance_reelle,2007,-1.8
BCEAO/IMECO/HHHSR1041A0BP,niger,croissance_reelle,2008,10.1
BCEAO/IMECO/HHHSR1041A0BP,niger,croissance_reelle,2009,0.61
BCEAO/IMECO/HHHSR1041A0BP,niger,croissance_reelle,2010,8.68
BCEAO/IMECO/HHHSR1041A0BP,niger,croissance_reelle,2011,3.42
BCEAO/IMECO/HHHSR1041A0BP,niger,croissance_reelle,2012,15.69
BCEAO/IMECO/HHHSR1041A0BP,niger,croissance_reelle,2013,2.11
BCEAO/IMECO/HHHSR1041A0BP,niger,croissance_reelle,2014,7.33
BCEAO/IMECO/HHHSR1041A0BP,niger,croissance_reelle,2015,4.84
BCEAO/IMECO/HHHSR1041A0BP,niger,croissance_reelle,2016,5.7
BCEAO/IMECO/HHHSR1041A0BP,niger,croissance_reelle,2017,5.0
BCEAO/IMECO/HHHSR1041A0BP,niger,croissance_reelle,2018,7.2
BCEAO/IMECO/HHHSR1041A0BP,niger,croissance_reelle,2019,5.9
BCEAO/IMECO/HHHSR1041A0BP,niger,croissance_reelle,2020,3.6
BCEAO/IMECO/HHHSR1041A0BP,niger,croissance_reelle,2021,1.38
BCEAO/IMECO/HHHSR1041A0BP,niger,croissance_reelle,2022,11.9
BCEAO/IMECO/HHHSR1041A0BP,niger,croissance_reelle,2023,2.5
BCEAO/IMECO/HHHSR1041A0BP,niger,croissance_reelle,2024,8.8
BCEAO/IMECO/KKKSR1041A0BP,senegal,croissance_reelle,1990,-0.2
BCEAO/IMECO/KKKSR1041A0BP,senegal,croissance_reelle,1991,2.56
BCEAO/IMECO/KKKSR1041A0BP,senegal,croissance_reelle,1992,1.24
BCEAO/IMECO/KKKSR1041A0BP,senegal,croissance_reelle,1993,1.22
BCEAO/IMECO/KKKSR1041A0BP,senegal,croissance_reelle,1994,-0.18
BCEAO/IMECO/KKKSR1041A0BP,senegal,croissance_reelle,1995,5.58
BCEAO/IMECO/KKKSR1041A0BP,senegal,croissance_reelle,1996,1.92
BCEAO/IMECO/KKKSR1041A0BP,senegal,croissance_reelle,1997,3.27
BCEAO/IMECO/KKKSR1041A0BP,senegal,croissance_reelle,1998,5.87
BCEAO/IMECO/KKKSR1041A0BP,senegal,croissance_reelle,1999,6.27
BCEAO/IMECO/KKKSR1041A0BP,senegal,croissance_reelle,2000,3.89
BCEAO/IMECO/KKKSR1041A0BP,senegal,croissance_reelle,2001,4.31
BCEAO/IMECO/KKKSR1041A0BP,senegal,croissance_reelle,2002,0.07
BCEAO/IMECO/KKKSR1041A0BP,senegal,croissance_reelle,2003,5.59
BCEAO/IMECO/KKKSR1041A0BP,senegal,croissance_reelle,2004,4.64
BCEAO/IMECO/KKKSR1041A0BP,senegal,croissance_reelle,2005,4.31
BCEAO/IMECO/KKKSR1041A0BP,senegal,croissance_reelle,2006,2.33
BCEAO/IMECO/KKKSR1041A0BP,senegal,croissance_reelle,2007,2.83
BCEAO/IMECO/KKKSR1041A0BP,senegal,croissance_reelle,2008,3.7
BCEAO/IMECO/KKKSR1041A0BP,senegal,croissance_reelle,2009,2.75
BCEAO/IMECO/KKKSR1041A0BP,senegal,croissance_reelle,2010,3.39
BCEAO/IMECO/KKKSR1041A0BP,senegal,croissance_reelle,2011,1.33
BCEAO/IMECO/KKKSR1041A0BP,senegal,croissance_reelle,2012,4.0
BCEAO/IMECO/KKKSR1041A0BP,senegal,croissance_reelle,2013,2.41
BCEAO/IMECO/KKKSR1041A0BP,senegal,croissance_reelle,2014,6.22
BCEAO/IMECO/KKKSR1041A0BP,senegal,croissance_reelle,2015,6.37
BCEAO/IMECO/KKKSR1041A0BP,senegal,croissance_reelle,2016,6.4
BCEAO/IMECO/KKKSR1041A0BP,senegal,croissance_reelle,2017,7.4
BCEAO/IMECO/KKKSR1041A0BP,senegal,croissance_reelle,2018,6.2
BCEAO/IMECO/KKKSR1041A0BP,senegal,croissance_reelle,2019,4.6
BCEAO/IMECO/KKKSR1041A0BP,senegal,croissance_reelle,2020,1.3
BCEAO/IMECO/KKKSR1041A0BP,senegal,croissance_reelle,2021,6.54
BCEAO/IMECO/KKKSR1041A0BP,senegal,croissance_reelle,2022,3.8
BCEAO/IMECO/KKKSR1041A0BP,senegal,croissance_reelle,2023,4.3
BCEAO/IMECO/KKKSR1041A0BP,senegal,croissance_reelle,2024,6.7
BCEAO/IMECO/TTTSR1041A0BP,togo,croissance_reelle,1990,-0.3
BCEAO/IMECO/TTTSR1041A0BP,togo,croissance_reelle,1991,-0.52
BCEAO/IMECO/TTTSR1041A0BP,togo,croissance_reelle,1992,-3.23
BCEAO/IMECO/TTTSR1041A0BP,togo,croissance_reelle,1993,-15.73
BCEAO/IMECO/TTTSR1041A0BP,togo,croissance_reelle,1994,14.56
BCEAO/IMECO/TTTSR1041A0BP,togo,croissance_reelle,1995,5.37
BCEAO/IMECO/TTTSR1041A0BP,togo,croissance_reelle,1996,7.67
BCEAO/IMECO/TTTSR1041A0BP,togo,croissance_reelle,1997,3.81
BCEAO/IMECO/TTTSR1041A0BP,togo,croissance_reelle,1998,-2.3
BCEAO/IMECO/TTTSR1041A0BP,togo,croissance_reelle,1999,2.62
BCEAO/IMECO/TTTSR1041A0BP,togo,croissance_reelle,2000,-0.96
BCEAO/IMECO/TTTSR1041A0BP,togo,croissance_reelle,2001,0.82
BCEAO/IMECO/TTTSR1041A0BP,togo,croissance_reelle,2002,3.83
BCEAO/IMECO/TTTSR1041A0BP,togo,croissance_reelle,2003,6.72
BCEAO/IMECO/TTTSR1041A0BP,togo,croissance_reelle,2004,-0.98
BCEAO/IMECO/TTTSR1041A0BP,togo,croissance_reelle,2005,-4.67
BCEAO/IMECO/TTTSR1041A0BP,togo,croissance_reelle,2006,2.65
BCEAO/IMECO/TTTSR1041A0BP,togo,croissance_reelle,2007,-1.18
BCEAO/IMECO/TTTSR1041A0BP,togo,croissance_reelle,2008,4.04
BCEAO/IMECO/TTTSR1041A0BP,togo,croissance_reelle,2009,5.45
BCEAO/IMECO/TTTSR1041A0BP,togo,croissance_reelle,2010,5.85
BCEAO/IMECO/TTTSR1041A0BP,togo,croissance_reelle,2011,5.82
BCEAO/IMECO/TTTSR1041A0BP,togo,croissance_reelle,2012,6.3
BCEAO/IMECO/TTTSR1041A0BP,togo,croissance_reelle,2013,5.82
BCEAO/IMECO/TTTSR1041A0BP,togo,croissance_reelle,2014,5.63
BCEAO/IMECO/TTTSR1041A0BP,togo,croissance_reelle,2015,5.47
BCEAO/IMECO/TTTSR1041A0BP,togo,croissance_reelle,2016,5.7
BCEAO/IMECO/TTTSR1041A0BP,togo,croissance_reelle,2017,4.0
BCEAO/IMECO/TTTSR1041A0BP,togo,croissance_reelle,2018,4.8
BCEAO/IMECO/TTTSR1041A0BP,togo,croissance_reelle,2019,4.9
BCEAO/IMECO/TTTSR1041A0BP,togo,croissance_reelle,2020,2.0
BCEAO/IMECO/TTTSR1041A0BP,togo,croissance_reelle,2021,5.99
BCEAO/IMECO/TTTSR1041A0BP,togo,croissance_reelle,2022,5.9
BCEAO/IMECO/TTTSR1041A0BP,togo,croissance_reelle,2023,6.5
BCEAO/IMECO/TTTSR1041A0BP,togo,croissance_reelle,2024,6.3
BCEAO/IMECO/ZZZSR1041A0BP,uemoa,croissance_reelle,1990,-0.8
BCEAO/IMECO/ZZZSR1041A0BP,uemoa,croissance_reelle,1991,1.4
BCEAO/IMECO/ZZZSR1041A0BP,uemoa,croissance_reelle,1992,0.89
BCEAO/IMECO/ZZZSR1041A0BP,uemoa,croissance_reelle,1993,3.72
BCEAO/IMECO/ZZZSR1041A0BP,uemoa,croissance_reelle,1994,4.98
BCEAO/IMECO/ZZZSR1041A0BP,uemoa,croissance_reelle,1995,5.19
BCEAO/IMECO/ZZZSR1041A0BP,uemoa,croissance_reelle,1996,4.85
BCEAO/IMECO/ZZZSR1041A0BP,uemoa,croissance_reelle,1997,5.61
BCEAO/IMECO/ZZZSR1041A0BP,uemoa,croissance_reelle,1998,1.46
BCEAO/IMECO/ZZZSR1041A0BP,uemoa,croissance_reelle,1999,2.97
BCEAO/IMECO/ZZZSR1041A0BP,uemoa,croissance_reelle,2000,0.58
BCEAO/IMECO/ZZZSR1041A0BP,uemoa,croissance_reelle,2001,2.92
BCEAO/IMECO/ZZZSR1041A0BP,uemoa,croissance_reelle,2002,2.21
BCEAO/IMECO/ZZZSR1041A0BP,uemoa,croissance_reelle,2003,4.23
BCEAO/IMECO/ZZZSR1041A0BP,uemoa,croissance_reelle,2004,2.37
BCEAO/IMECO/ZZZSR1041A0BP,uemoa,croissance_reelle,2005,3.46
BCEAO/IMECO/ZZZSR1041A0BP,uemoa,croissance_reelle,2006,3.4
BCEAO/IMECO/ZZZSR1041A0BP,uemoa,croissance_reelle,2007,2.98
BCEAO/IMECO/ZZZSR1041A0BP,uemoa,croissance_reelle,2008,-2.1
BCEAO/IMECO/ZZZSR1041A0BP,uemoa,croissance_reelle,2009,3.08
BCEAO/IMECO/ZZZSR1041A0BP,uemoa,croissance_reelle,2010,4.06
BCEAO/IMECO/ZZZSR1041A0BP,uemoa,croissance_reelle,2011,0.72
BCEAO/IMECO/ZZZSR1041A0BP,uemoa,croissance_reelle,2012,6.87
BCEAO/IMECO/ZZZSR1041A0BP,uemoa,croissance_reelle,2013,5.84
BCEAO/IMECO/ZZZSR1041A0BP,uemoa,croissance_reelle,2014,7.14
BCEAO/IMECO/ZZZSR1041A0BP,uemoa,croissance_reelle,2015,6.09
BCEAO/IMECO/ZZZSR1041A0BP,uemoa,croissance_reelle,2016,6.2
BCEAO/IMECO/ZZZSR1041A0BP,uemoa,croissance_reelle,2017,6.5
BCEAO/IMECO/ZZZSR1041A0BP,uemoa,croissance_reelle,2018,5.6
BCEAO/IMECO/ZZZSR1041A0BP,uemoa,croissance_reelle,2019,5.9
BCEAO/IMECO/ZZZSR1041A0BP,uemoa,croissance_reelle,2020,1.3
BCEAO/IMECO/ZZZSR1041A0BP,uemoa,croissance_reelle,2021,5.94
BCEAO/IMECO/ZZZSR1041A0BP,uemoa,croissance_reelle,2022,5.5
BCEAO/IMECO/ZZZSR1041A0BP,uemoa,croissance_reelle,2023,5.3
BCEAO/IMECO/ZZZSR1041A0BP,uemoa,croissance_reelle,2024,6.2
BCEAO/IMECO/BBBSR1042A0BP,benin,taux_investissement,1990,11.01
BCEAO/IMECO/BBBSR1042A0BP,benin,taux_investissement,1991,11.29
BCEAO/IMECO/BBBSR1042A0BP,benin,taux_investissement,1992,9.66
BCEAO/IMECO/BBBSR1042A0BP,benin,taux_investissement,1993,6.06
BCEAO/IMECO/BBBSR1042A0BP,benin,taux_investissement,1994,9.13
BCEAO/IMECO/BBBSR1042A0BP,benin,taux_investissement,1995,5.53
BCEAO/IMECO/BBBSR1042A0BP,benin,taux_investissement,1996,8.18
BCEAO/IMECO/BBBSR1042A0BP,benin,taux_investissement,1997,8.48
BCEAO/IMECO/BBBSR1042A0BP,benin,taux_investissement,1998,9.96
BCEAO/IMECO/BBBSR1042A0BP,benin,taux_investissement,1999,18.23
BCEAO/IMECO/BBBSR1042A0BP,benin,taux_investissement,2000,16.01
BCEAO/IMECO/BBBSR1042A0BP,benin,taux_investissement,2001,17.75
BCEAO/IMECO/BBBSR1042A0BP,benin,taux_investissement,2002,14.83
BCEAO/IMECO/BBBSR1042A0BP,benin,taux_investissement,2003,15.16
BCEAO/IMECO/BBBSR1042A0BP,benin,taux_investissement,2004,15.22
BCEAO/IMECO/BBBSR1042A0BP,benin,taux_investissement,2005,12.09
BCEAO/IMECO/BBBSR1042A0BP,benin,taux_investissement,2006,12.87
BCEAO/IMECO/BBBSR1042A0BP,benin,taux_investissement,2007,16.38
BCEAO/IMECO/BBBSR1042A0BP,benin,taux_investissement,2008,13.74
BCEAO/IMECO/BBBSR1042A0BP,benin,taux_investissement,2009,14.87
BCEAO/IMECO/BBBSR1042A0BP,benin,taux_investissement,2010,15.61
BCEAO/IMECO/BBBSR1042A0BP,benin,taux_investissement,2011,16.46
BCEAO/IMECO/BBBSR1042A0BP,benin,taux_investissement,2012,15.28
BCEAO/IMECO/BBBSR1042A0BP,benin,taux_investissement,2013,18.86
BCEAO/IMECO/BBBSR1042A0BP,benin,taux_investissement,2014,18.66
BCEAO/IMECO/BBBSR1042A0BP,benin,taux_investissement,2015,20.73
BCEAO/IMECO/BBBSR1042A0BP,benin,taux_investissement,2016,20.3
BCEAO/IMECO/BBBSR1042A0BP,benin,taux_investissement,2017,24.0
BCEAO/IMECO/BBBSR1042A0BP,benin,taux_investissement,2018,24.9
BCEAO/IMECO/BBBSR1042A0BP,benin,taux_investissement,2019,25.6
BCEAO/IMECO/BBBSR1042A0BP,benin,taux_investissement,2020,25.6
BCEAO/IMECO/BBBSR1042A0BP,benin,taux_investissement,2021,28.85
BCEAO/IMECO/BBBSR1042A0BP,benin,taux_investissement,2022,34.8
BCEAO/IMECO/BBBSR1042A0BP,benin,taux_investissement,2023,38.2
BCEAO/IMECO/BBBSR1042A0BP,benin,taux_investissement,2024,39.3
BCEAO/IMECO/CCCSR1042A0BP,burkina,taux_investissement,1990,15.58
BCEAO/IMECO/CCCSR1042A0BP,burkina,taux_investissement,1991,17.49
BCEAO/IMECO/CCCSR1042A0BP,burkina,taux_investissement,1992,15.8
BCEAO/IMECO/CCCSR1042A0BP,burkina,taux_investissement,1993,15.99
BCEAO/IMECO/CCCSR1042A0BP,burkina,taux_investissement,1994,22.35
BCEAO/IMECO/CCCSR1042A0BP,burkina,taux_investissement,1995,19.7
BCEAO/IMECO/CCCSR1042A0BP,burkina,taux_investissement,1996,20.6
BCEAO/IMECO/CCCSR1042A0BP,burkina,taux_investissement,1997,22.66
BCEAO/IMECO/CCCSR1042A0BP,burkina,taux_investissement,1998,19.93
BCEAO/IMECO/CCCSR1042A0BP,burkina,taux_investissement,1999,17.3
BCEAO/IMECO/CCCSR1042A0BP,burkina,taux_investissement,2000,14.57
BCEAO/IMECO/CCCSR1042A0BP,burkina,taux_investissement,2001,13.55
BCEAO/IMECO/CCCSR1042A0BP,burkina,taux_investissement,2002,13.45
BCEAO/IMECO/CCCSR1042A0BP,burkina,taux_investissement,2003,15.46
BCEAO/IMECO/CCCSR1042A0BP,burkina,taux_investissement,2004,15.52
BCEAO/IMECO/CCCSR1042A0BP,burkina,taux_investissement,2005,17.56
BCEAO/IMECO/CCCSR1042A0BP,burkina,taux_investissement,2006,16.13
BCEAO/IMECO/CCCSR1042A0BP,burkina,taux_investissement,2007,18.25
BCEAO/IMECO/CCCSR1042A0BP,burkina,taux_investissement,2008,20.73
BCEAO/IMECO/CCCSR1042A0BP,burkina,taux_investissement,2009,19.99
BCEAO/IMECO/CCCSR1042A0BP,burkina,taux_investissement,2010,21.99
BCEAO/IMECO/CCCSR1042A0BP,burkina,taux_investissement,2011,22.12
BCEAO/IMECO/CCCSR1042A0BP,burkina,taux_investissement,2012,24.65
BCEAO/IMECO/CCCSR1042A0BP,burkina,taux_investissement,2013,23.71
BCEAO/IMECO/CCCSR1042A0BP,burkina,taux_investissement,2014,19.26
BCEAO/IMECO/CCCSR1042A0BP,burkina,taux_investissement,2015,19.41
BCEAO/IMECO/CCCSR1042A0BP,burkina,taux_investissement,2016,20.8
BCEAO/IMECO/CCCSR1042A0BP,burkina,taux_investissement,2017,22.1
BCEAO/IMECO/CCCSR1042A0BP,burkina,taux_investissement,2018,21.7
BCEAO/IMECO/CCCSR1042A0BP,burkina,taux_investissement,2019,19.8
BCEAO/IMECO/CCCSR1042A0BP,burkina,taux_investissement,2020,17.2
BCEAO/IMECO/CCCSR1042A0BP,burkina,taux_investissement,2021,15.51
BCEAO/IMECO/CCCSR1042A0BP,burkina,taux_investissement,2022,18.7
BCEAO/IMECO/CCCSR1042A0BP,burkina,taux_investissement,2023,21.0
BCEAO/IMECO/CCCSR1042A0BP,burkina,taux_investissement,2024,19.0
BCEAO/IMECO/AAASR1042A0BP,cote_ivoire,taux_investissement,1990,8.93
BCEAO/IMECO/AAASR1042A0BP,cote_ivoire,taux_investissement,1991,9.37
BCEAO/IMECO/AAASR1042A0BP,cote_ivoire,taux_investissement,1992,9.22
BCEAO/IMECO/AAASR1042A0BP,cote_ivoire,taux_investissement,1993,8.62
BCEAO/IMECO/AAASR1042A0BP,cote_ivoire,taux_investissement,1994,12.25
BCEAO/IMECO/AAASR1042A0BP,cote_ivoire,taux_investissement,1995,12.94
BCEAO/IMECO/AAASR1042A0BP,cote_ivoire,taux_investissement,1996,12.64
BCEAO/IMECO/AAASR1042A0BP,cote_ivoire,taux_investissement,1997,13.0
BCEAO/IMECO/AAASR1042A0BP,cote_ivoire,taux_investissement,1998,13.4
BCEAO/IMECO/AAASR1042A0BP,cote_ivoire,taux_investissement,1999,12.99
BCEAO/IMECO/AAASR1042A0BP,cote_ivoire,taux_investissement,2000,11.42
BCEAO/IMECO/AAASR1042A0BP,cote_ivoire,taux_investissement,2001,11.96
BCEAO/IMECO/AAASR1042A0BP,cote_ivoire,taux_investissement,2002,12.68
BCEAO/IMECO/AAASR1042A0BP,cote_ivoire,taux_investissement,2003,10.61
BCEAO/IMECO/AAASR1042A0BP,cote_ivoire,taux_investissement,2004,11.26
BCEAO/IMECO/AAASR1042A0BP,cote_ivoire,taux_investissement,2005,11.14
BCEAO/IMECO/AAASR1042A0BP,cote_ivoire,taux_investissement,2006,11.73
BCEAO/IMECO/AAASR1042A0BP,cote_ivoire,taux_investissement,2007,13.95
BCEAO/IMECO/AAASR1042A0BP,cote_ivoire,taux_investissement,2008,13.24
BCEAO/IMECO/AAASR1042A0BP,cote_ivoire,taux_investissement,2009,13.03
BCEAO/IMECO/AAASR1042A0BP,cote_ivoire,taux_investissement,2010,14.9
BCEAO/IMECO/AAASR1042A0BP,cote_ivoire,taux_investissement,2011,10.5
BCEAO/IMECO/AAASR1042A0BP,cote_ivoire,taux_investissement,2012,15.57
BCEAO/IMECO/AAASR1042A0BP,cote_ivoire,taux_investissement,2013,20.64
BCEAO/IMECO/AAASR1042A0BP,cote_ivoire,taux_investissement,2014,22.81
BCEAO/IMECO/AAASR1042A0BP,cote_ivoire,taux_investissement,2015,23.39
BCEAO/IMECO/AAASR1042A0BP,cote_ivoire,taux_investissement,2016,23.2
BCEAO/IMECO/AAASR1042A0BP,cote_ivoire,taux_investissement,2017,20.8
BCEAO/IMECO/AAASR1042A0BP,cote_ivoire,taux_investissement,2018,22.3
BCEAO/IMECO/AAASR1042A0BP,cote_ivoire,taux_investissement,2019,22.0
BCEAO/IMECO/AAASR1042A0BP,cote_ivoire,taux_investissement,2020,21.7
BCEAO/IMECO/AAASR1042A0BP,cote_ivoire,taux_investissement,2021,23.58
BCEAO/IMECO/AAASR1042A0BP,cote_ivoire,taux_investissement,2022,26.4
BCEAO/IMECO/AAASR1042A0BP,cote_ivoire,taux_investissement,2023,25.8
BCEAO/IMECO/AAASR1042A0BP,cote_ivoire,taux_investissement,2024,25.8
BCEAO/IMECO/SSSSR1042A0BP,guinee_bissau,taux_investissement,1990,29.39
BCEAO/IMECO/SSSSR1042A0BP,guinee_bissau,taux_investissement,1991,23.67
BCEAO/IMECO/SSSSR1042A0BP,guinee_bissau,taux_investissement,1992,23.73
BCEAO/IMECO/SSSSR1042A0BP,guinee_bissau,taux_investissement,1993,23.31
BCEAO/IMECO/SSSSR1042A0BP,guinee_bissau,taux_investissement,1994,50.66
BCEAO/IMECO/SSSSR1042A0BP,guinee_bissau,taux_investissement,1995,49.13
BCEAO/IMECO/SSSSR1042A0BP,guinee_bissau,taux_investissement,1996,47.4
BCEAO/IMECO/SSSSR1042A0BP,guinee_bissau,taux_investissement,1997,53.93
BCEAO/IMECO/SSSSR1042A0BP,guinee_bissau,taux_investissement,1998,30.61
BCEAO/IMECO/SSSSR1042A0BP,guinee_bissau,taux_investissement,1999,21.94
BCEAO/IMECO/SSSSR1042A0BP,guinee_bissau,taux_investissement,2000,20.06
BCEAO/IMECO/SSSSR1042A0BP,guinee_bissau,taux_investissement,2001,18.88
BCEAO/IMECO/SSSSR1042A0BP,guinee_bissau,taux_investissement,2002,23.6
BCEAO/IMECO/SSSSR1042A0BP,guinee_bissau,taux_investissement,2003,19.0
BCEAO/IMECO/SSSSR1042A0BP,guinee_bissau,taux_investissement,2004,11.15
BCEAO/IMECO/SSSSR1042A0BP,guinee_bissau,taux_investissement,2005,18.25
BCEAO/IMECO/SSSSR1042A0BP,guinee_bissau,taux_investissement,2006,20.08
BCEAO/IMECO/SSSSR1042A0BP,guinee_bissau,taux_investissement,2007,24.27
BCEAO/IMECO/SSSSR1042A0BP,guinee_bissau,taux_investissement,2008,17.34
BCEAO/IMECO/SSSSR1042A0BP,guinee_bissau,taux_investissement,2009,18.36
BCEAO/IMECO/SSSSR1042A0BP,guinee_bissau,taux_investissement,2010,19.49
BCEAO/IMECO/SSSSR1042A0BP,guinee_bissau,taux_investissement,2011,15.74
BCEAO/IMECO/SSSSR1042A0BP,guinee_bissau,taux_investissement,2012,19.35
BCEAO/IMECO/SSSSR1042A0BP,guinee_bissau,taux_investissement,2013,19.23
BCEAO/IMECO/SSSSR1042A0BP,guinee_bissau,taux_investissement,2014,20.14
BCEAO/IMECO/SSSSR1042A0BP,guinee_bissau,taux_investissement,2015,14.97
BCEAO/IMECO/SSSSR1042A0BP,guinee_bissau,taux_investissement,2016,18.1
BCEAO/IMECO/SSSSR1042A0BP,guinee_bissau,taux_investissement,2017,18.1
BCEAO/IMECO/SSSSR1042A0BP,guinee_bissau,taux_investissement,2018,19.2
BCEAO/IMECO/SSSSR1042A0BP,guinee_bissau,taux_investissement,2019,22.7
BCEAO/IMECO/SSSSR1042A0BP,guinee_bissau,taux_investissement,2020,24.9
BCEAO/IMECO/SSSSR1042A0BP,guinee_bissau,taux_investissement,2021,19.61
BCEAO/IMECO/SSSSR1042A0BP,guinee_bissau,taux_investissement,2022,21.0
BCEAO/IMECO/SSSSR1042A0BP,guinee_bissau,taux_investissement,2023,20.9
BCEAO/IMECO/SSSSR1042A0BP,guinee_bissau,taux_investissement,2024,20.0
BCEAO/IMECO/DDDSR1042A0BP,mali,taux_investissement,1990,21.23
BCEAO/IMECO/DDDSR1042A0BP,mali,taux_investissement,1991,18.77
BCEAO/IMECO/DDDSR1042A0BP,mali,taux_investissement,1992,22.55
BCEAO/IMECO/DDDSR1042A0BP,mali,taux_investissement,1993,16.84
BCEAO/IMECO/DDDSR1042A0BP,mali,taux_investissement,1994,22.12
BCEAO/IMECO/DDDSR1042A0BP,mali,taux_investissement,1995,26.09
BCEAO/IMECO/DDDSR1042A0BP,mali,taux_investissement,1996,23.48
BCEAO/IMECO/DDDSR1042A0BP,mali,taux_investissement,1997,23.79
BCEAO/IMECO/DDDSR1042A0BP,mali,taux_investissement,1998,19.96
BCEAO/IMECO/DDDSR1042A0BP,mali,taux_investissement,1999,17.89
BCEAO/IMECO/DDDSR1042A0BP,mali,taux_investissement,2000,17.18
BCEAO/IMECO/DDDSR1042A0BP,mali,taux_investissement,2001,20.49
BCEAO/IMECO/DDDSR1042A0BP,mali,taux_investissement,2002,15.75
BCEAO/IMECO/DDDSR1042A0BP,mali,taux_investissement,2003,20.81
BCEAO/IMECO/DDDSR1042A0BP,mali,taux_investissement,2004,21.63
BCEAO/IMECO/DDDSR1042A0BP,mali,taux_investissement,2005,20.88
BCEAO/IMECO/DDDSR1042A0BP,mali,taux_investissement,2006,21.19
BCEAO/IMECO/DDDSR1042A0BP,mali,taux_investissement,2007,23.87
BCEAO/IMECO/DDDSR1042A0BP,mali,taux_investissement,2008,24.24
BCEAO/IMECO/DDDSR1042A0BP,mali,taux_investissement,2009,22.02
BCEAO/IMECO/DDDSR1042A0BP,mali,taux_investissement,2010,24.03
BCEAO/IMECO/DDDSR1042A0BP,mali,taux_investissement,2011,19.72
BCEAO/IMECO/DDDSR1042A0BP,mali,taux_investissement,2012,17.18
BCEAO/IMECO/DDDSR1042A0BP,mali,taux_investissement,2013,19.32
BCEAO/IMECO/DDDSR1042A0BP,mali,taux_investissement,2014,26.03
BCEAO/IMECO/DDDSR1042A0BP,mali,taux_investissement,2015,24.89
BCEAO/IMECO/DDDSR1042A0BP,mali,taux_investissement,2016,27.3
BCEAO/IMECO/DDDSR1042A0BP,mali,taux_investissement,2017,25.5
BCEAO/IMECO/DDDSR1042A0BP,mali,taux_investissement,2018,24.5
BCEAO/IMECO/DDDSR1042A0BP,mali,taux_investissement,2019,26.5
BCEAO/IMECO/DDDSR1042A0BP,mali,taux_investissement,2020,20.4
BCEAO/IMECO/DDDSR1042A0BP,mali,taux_investissement,2021,23.63
BCEAO/IMECO/DDDSR1042A0BP,mali,taux_investissement,2022,23.2
BCEAO/IMECO/DDDSR1042A0BP,mali,taux_investissement,2023,22.0
BCEAO/IMECO/DDDSR1042A0BP,mali,taux_investissement,2024,20.2
BCEAO/IMECO/HHHSR1042A0BP,niger,taux_investissement,1990,12.49
BCEAO/IMECO/HHHSR1042A0BP,niger,taux_investissement,1991,8.65
BCEAO/IMECO/HHHSR1042A0BP,niger,taux_investissement,1992,8.34
BCEAO/IMECO/HHHSR1042A0BP,niger,taux_investissement,1993,6.42
BCEAO/IMECO/HHHSR1042A0BP,niger,taux_investissement,1994,4.49
BCEAO/IMECO/HHHSR1042A0BP,niger,taux_investissement,1995,11.71
BCEAO/IMECO/HHHSR1042A0BP,niger,taux_investissement,1996,14.14
BCEAO/IMECO/HHHSR1042A0BP,niger,taux_investissement,1997,13.65
BCEAO/IMECO/HHHSR1042A0BP,niger,taux_investissement,1998,13.89
BCEAO/IMECO/HHHSR1042A0BP,niger,taux_investissement,1999,10.5
BCEAO/IMECO/HHHSR1042A0BP,niger,taux_investissement,2000,11.84
BCEAO/IMECO/HHHSR1042A0BP,niger,taux_investissement,2001,12.74
BCEAO/IMECO/HHHSR1042A0BP,niger,taux_investissement,2002,13.59
BCEAO/IMECO/HHHSR1042A0BP,niger,taux_investissement,2003,12.92
BCEAO/IMECO/HHHSR1042A0BP,niger,taux_investissement,2004,11.47
BCEAO/IMECO/HHHSR1042A0BP,niger,taux_investissement,2005,18.86
BCEAO/IMECO/HHHSR1042A0BP,niger,taux_investissement,2006,19.28
BCEAO/IMECO/HHHSR1042A0BP,niger,taux_investissement,2007,18.5
BCEAO/IMECO/HHHSR1042A0BP,niger,taux_investissement,2008,26.19
BCEAO/IMECO/HHHSR1042A0BP,niger,taux_investissement,2009,28.09
BCEAO/IMECO/HHHSR1042A0BP,niger,taux_investissement,2010,32.62
BCEAO/IMECO/HHHSR1042A0BP,niger,taux_investissement,2011,31.09
BCEAO/IMECO/HHHSR1042A0BP,niger,taux_investissement,2012,30.62
BCEAO/IMECO/HHHSR1042A0BP,niger,taux_investissement,2013,29.47
BCEAO/IMECO/HHHSR1042A0BP,niger,taux_investissement,2014,30.64
BCEAO/IMECO/HHHSR1042A0BP,niger,taux_investissement,2015,32.36
BCEAO/IMECO/HHHSR1042A0BP,niger,taux_investissement,2016,27.5
BCEAO/IMECO/HHHSR1042A0BP,niger,taux_investissement,2017,26.0
BCEAO/IMECO/HHHSR1042A0BP,niger,taux_investissement,2018,29.0
BCEAO/IMECO/HHHSR1042A0BP,niger,taux_investissement,2019,30.6
BCEAO/IMECO/HHHSR1042A0BP,niger,taux_investissement,2020,28.5
BCEAO/IMECO/HHHSR1042A0BP,niger,taux_investissement,2021,27.56
BCEAO/IMECO/HHHSR1042A0BP,niger,taux_investissement,2022,27.3
BCEAO/IMECO/HHHSR1042A0BP,niger,taux_investissement,2023,24.0
BCEAO/IMECO/HHHSR1042A0BP,niger,taux_investissement,2024,18.7
BCEAO/IMECO/KKKSR1042A0BP,senegal,taux_investissement,1990,19.32
BCEAO/IMECO/KKKSR1042A0BP,senegal,taux_investissement,1991,22.06
BCEAO/IMECO/KKKSR1042A0BP,senegal,taux_investissement,1992,22.97
BCEAO/IMECO/KKKSR1042A0BP,senegal,taux_investissement,1993,20.87
BCEAO/IMECO/KKKSR1042A0BP,senegal,taux_investissement,1994,27.3
BCEAO/IMECO/KKKSR1042A0BP,senegal,taux_investissement,1995,20.61
BCEAO/IMECO/KKKSR1042A0BP,senegal,taux_investissement,1996,23.8
BCEAO/IMECO/KKKSR1042A0BP,senegal,taux_investissement,1997,19.7
BCEAO/IMECO/KKKSR1042A0BP,senegal,taux_investissement,1998,25.17
BCEAO/IMECO/KKKSR1042A0BP,senegal,taux_investissement,1999,22.01
BCEAO/IMECO/KKKSR1042A0BP,senegal,taux_investissement,2000,22.37
BCEAO/IMECO/KKKSR1042A0BP,senegal,taux_investissement,2001,25.57
BCEAO/IMECO/KKKSR1042A0BP,senegal,taux_investissement,2002,23.12
BCEAO/IMECO/KKKSR1042A0BP,senegal,taux_investissement,2003,23.93
BCEAO/IMECO/KKKSR1042A0BP,senegal,taux_investissement,2004,23.63
BCEAO/IMECO/KKKSR1042A0BP,senegal,taux_investissement,2005,24.57
BCEAO/IMECO/KKKSR1042A0BP,senegal,taux_investissement,2006,22.42
BCEAO/IMECO/KKKSR1042A0BP,senegal,taux_investissement,2007,24.62
BCEAO/IMECO/KKKSR1042A0BP,senegal,taux_investissement,2008,26.23
BCEAO/IMECO/KKKSR1042A0BP,senegal,taux_investissement,2009,20.4
BCEAO/IMECO/KKKSR1042A0BP,senegal,taux_investissement,2010,20.09
BCEAO/IMECO/KKKSR1042A0BP,senegal,taux_investissement,2011,21.0
BCEAO/IMECO/KKKSR1042A0BP,senegal,taux_investissement,2012,24.62
BCEAO/IMECO/KKKSR1042A0BP,senegal,taux_investissement,2013,24.07
BCEAO/IMECO/KKKSR1042A0BP,senegal,taux_investissement,2014,25.88
BCEAO/IMECO/KKKSR1042A0BP,senegal,taux_investissement,2015,25.83
BCEAO/IMECO/KKKSR1042A0BP,senegal,taux_investissement,2016,25.4
BCEAO/IMECO/KKKSR1042A0BP,senegal,taux_investissement,2017,29.8
BCEAO/IMECO/KKKSR1042A0BP,senegal,taux_investissement,2018,32.6
BCEAO/IMECO/KKKSR1042A0BP,senegal,taux_investissement,2019,32.0
BCEAO/IMECO/KKKSR1042A0BP,senegal,taux_investissement,2020,35.6
BCEAO/IMECO/KKKSR1042A0BP,senegal,taux_investissement,2021,38.35
BCEAO/IMECO/KKKSR1042A0BP,senegal,taux_investissement,2022,45.6
BCEAO/IMECO/KKKSR1042A0BP,senegal,taux_investissement,2023,34.4
BCEAO/IMECO/KKKSR1042A0BP,senegal,taux_investissement,2024,33.3
BCEAO/IMECO/TTTSR1042A0BP,togo,taux_investissement,1990,36.14
BCEAO/IMECO/TTTSR1042A0BP,togo,taux_investissement,1991,37.43
BCEAO/IMECO/TTTSR1042A0BP,togo,taux_investissement,1992,36.63
BCEAO/IMECO/TTTSR1042A0BP,togo,taux_investissement,1993,7.84
BCEAO/IMECO/TTTSR1042A0BP,togo,taux_investissement,1994,33.26
BCEAO/IMECO/TTTSR1042A0BP,togo,taux_investissement,1995,37.72
BCEAO/IMECO/TTTSR1042A0BP,togo,taux_investissement,1996,27.36
BCEAO/IMECO/TTTSR1042A0BP,togo,taux_investissement,1997,26.19
BCEAO/IMECO/TTTSR1042A0BP,togo,taux_investissement,1998,20.97
BCEAO/IMECO/TTTSR1042A0BP,togo,taux_investissement,1999,20.4
BCEAO/IMECO/TTTSR1042A0BP,togo,taux_investissement,2000,29.5
BCEAO/IMECO/TTTSR1042A0BP,togo,taux_investissement,2001,29.32
BCEAO/IMECO/TTTSR1042A0BP,togo,taux_investissement,2002,30.67
BCEAO/IMECO/TTTSR1042A0BP,togo,taux_investissement,2003,32.1
BCEAO/IMECO/TTTSR1042A0BP,togo,taux_investissement,2004,35.56
BCEAO/IMECO/TTTSR1042A0BP,togo,taux_investissement,2005,25.11
BCEAO/IMECO/TTTSR1042A0BP,togo,taux_investissement,2006,19.02
BCEAO/IMECO/TTTSR1042A0BP,togo,taux_investissement,2007,18.78
BCEAO/IMECO/TTTSR1042A0BP,togo,taux_investissement,2008,17.09
BCEAO/IMECO/TTTSR1042A0BP,togo,taux_investissement,2009,14.49
BCEAO/IMECO/TTTSR1042A0BP,togo,taux_investissement,2010,15.84
BCEAO/IMECO/TTTSR1042A0BP,togo,taux_investissement,2011,19.9
BCEAO/IMECO/TTTSR1042A0BP,togo,taux_investissement,2012,17.7
BCEAO/IMECO/TTTSR1042A0BP,togo,taux_investissement,2013,22.11
BCEAO/IMECO/TTTSR1042A0BP,togo,taux_investissement,2014,22.38
BCEAO/IMECO/TTTSR1042A0BP,togo,taux_investissement,2015,25.19
BCEAO/IMECO/TTTSR1042A0BP,togo,taux_investissement,2016,20.2
BCEAO/IMECO/TTTSR1042A0BP,togo,taux_investissement,2017,16.8
BCEAO/IMECO/TTTSR1042A0BP,togo,taux_investissement,2018,19.1
BCEAO/IMECO/TTTSR1042A0BP,togo,taux_investissement,2019,18.6
BCEAO/IMECO/TTTSR1042A0BP,togo,taux_investissement,2020,21.3
BCEAO/IMECO/TTTSR1042A0BP,togo,taux_investissement,2021,19.86
BCEAO/IMECO/TTTSR1042A0BP,togo,taux_investissement,2022,21.4
BCEAO/IMECO/TTTSR1042A0BP,togo,taux_investissement,2023,21.3
BCEAO/IMECO/TTTSR1042A0BP,togo,taux_investissement,2024,22.9
BCEAO/IMECO/ZZZSR1042A0BP,uemoa,taux_investissement,1991,14.82
BCEAO/IMECO/ZZZSR1042A0BP,uemoa,taux_investissement,1992,16.16
BCEAO/IMECO/ZZZSR1042A0BP,uemoa,taux_investissement,1993,13.68
BCEAO/IMECO/ZZZSR1042A0BP,uemoa,taux_investissement,1994,17.25
BCEAO/IMECO/ZZZSR1042A0BP,uemoa,taux_investissement,1995,16.87
BCEAO/IMECO/ZZZSR1042A0BP,uemoa,taux_investissement,1996,17.23
BCEAO/IMECO/ZZZSR1042A0BP,uemoa,taux_investissement,1997,16.78
BCEAO/IMECO/ZZZSR1042A0BP,uemoa,taux_investissement,1998,15.89
BCEAO/IMECO/ZZZSR1042A0BP,uemoa,taux_investissement,1999,15.59
BCEAO/IMECO/ZZZSR1042A0BP,uemoa,taux_investissement,2000,16.07
BCEAO/IMECO/ZZZSR1042A0BP,uemoa,taux_investissement,2001,16.18
BCEAO/IMECO/ZZZSR1042A0BP,uemoa,taux_investissement,2002,15.62
BCEAO/IMECO/ZZZSR1042A0BP,uemoa,taux_investissement,2003,16.37
BCEAO/IMECO/ZZZSR1042A0BP,uemoa,taux_investissement,2004,16.63
BCEAO/IMECO/ZZZSR1042A0BP,uemoa,taux_investissement,2005,17.57
BCEAO/IMECO/ZZZSR1042A0BP,uemoa,taux_investissement,2006,16.57
BCEAO/IMECO/ZZZSR1042A0BP,uemoa,taux_investissement,2007,17.7
BCEAO/IMECO/ZZZSR1042A0BP,uemoa,taux_investissement,2008,18.85
BCEAO/IMECO/ZZZSR1042A0BP,uemoa,taux_investissement,2009,17.54
BCEAO/IMECO/ZZZSR1042A0BP,uemoa,taux_investissement,2010,19.19
BCEAO/IMECO/ZZZSR1042A0BP,uemoa,taux_investissement,2011,17.65
BCEAO/IMECO/ZZZSR1042A0BP,uemoa,taux_investissement,2012,19.74
BCEAO/IMECO/ZZZSR1042A0BP,uemoa,taux_investissement,2013,22.02
BCEAO/IMECO/ZZZSR1042A0BP,uemoa,taux_investissement,2014,23.5
BCEAO/IMECO/ZZZSR1042A0BP,uemoa,taux_investissement,2015,24.04
BCEAO/IMECO/ZZZSR1042A0BP,uemoa,taux_investissement,2016,23.7
BCEAO/IMECO/ZZZSR1042A0BP,uemoa,taux_investissement,2017,23.4
BCEAO/IMECO/ZZZSR1042A0BP,uemoa,taux_investissement,2018,24.7
BCEAO/IMECO/ZZZSR1042A0BP,uemoa,taux_investissement,2019,24.8
BCEAO/IMECO/ZZZSR1042A0BP,uemoa,taux_investissement,2020,24.1
BCEAO/IMECO/ZZZSR1042A0BP,uemoa,taux_investissement,2021,25.53
BCEAO/IMECO/ZZZSR1042A0BP,uemoa,taux_investissement,2022,28.7
BCEAO/IMECO/ZZZSR1042A0BP,uemoa,taux_investissement,2023,27.0
BCEAO/IMECO/ZZZSR1042A0BP,uemoa,taux_investissement,2024,26.1
BCEAO/IMECO/BBBSR3072A0BP,benin,inflation,1998,5.73
BCEAO/IMECO/BBBSR3072A0BP,benin,inflation,1999,0.35
BCEAO/IMECO/BBBSR3072A0BP,benin,inflation,2000,4.21
BCEAO/IMECO/BBBSR3072A0BP,benin,inflation,2001,3.98
BCEAO/IMECO/BBBSR3072A0BP,benin,inflation,2002,2.42
BCEAO/IMECO/BBBSR3072A0BP,benin,inflation,2003,1.51
BCEAO/IMECO/BBBSR3072A0BP,benin,inflation,2004,0.88
BCEAO/IMECO/BBBSR3072A0BP,benin,inflation,2005,5.36
BCEAO/IMECO/BBBSR3072A0BP,benin,inflation,2006,3.79
BCEAO/IMECO/BBBSR3072A0BP,benin,inflation,2007,1.29
BCEAO/IMECO/BBBSR3072A0BP,benin,inflation,2008,7.94
BCEAO/IMECO/BBBSR3072A0BP,benin,inflation,2009,0.44
BCEAO/IMECO/BBBSR3072A0BP,benin,inflation,2010,2.1
BCEAO/IMECO/BBBSR3072A0BP,benin,inflation,2011,2.7
BCEAO/IMECO/BBBSR3072A0BP,benin,inflation,2012,6.7
BCEAO/IMECO/BBBSR3072A0BP,benin,inflation,2013,1.0
BCEAO/IMECO/BBBSR3072A0BP,benin,inflation,2014,-1.1
BCEAO/IMECO/BBBSR3072A0BP,benin,inflation,2015,0.3
BCEAO/IMECO/BBBSR3072A0BP,benin,inflation,2016,-0.8
BCEAO/IMECO/BBBSR3072A0BP,benin,inflation,2017,1.8
BCEAO/IMECO/BBBSR3072A0BP,benin,inflation,2018,0.8
BCEAO/IMECO/BBBSR3072A0BP,benin,inflation,2019,-0.9
BCEAO/IMECO/BBBSR3072A0BP,benin,inflation,2020,3.0
BCEAO/IMECO/BBBSR3072A0BP,benin,inflation,2021,1.7
BCEAO/IMECO/BBBSR3072A0BP,benin,inflation,2022,1.4
BCEAO/IMECO/BBBSR3072A0BP,benin,inflation,2023,2.7
BCEAO/IMECO/BBBSR3072A0BP,benin,inflation,2024,1.2
BCEAO/IMECO/CCCSR3072A0BP,burkina,inflation,1998,4.91
BCEAO/IMECO/CCCSR3072A0BP,burkina,inflation,1999,-1.08
BCEAO/IMECO/CCCSR3072A0BP,burkina,inflation,2000,-0.17
BCEAO/IMECO/CCCSR3072A0BP,burkina,inflation,2001,4.73
BCEAO/IMECO/CCCSR3072A0BP,burkina,inflation,2002,2.3
BCEAO/IMECO/CCCSR3072A0BP,burkina,inflation,2003,2.04
BCEAO/IMECO/CCCSR3072A0BP,burkina,inflation,2004,-0.4
BCEAO/IMECO/CCCSR3072A0BP,burkina,inflation,2005,6.41
BCEAO/IMECO/CCCSR3072A0BP,burkina,inflation,2006,2.34
BCEAO/IMECO/CCCSR3072A0BP,burkina,inflation,2007,-0.23
BCEAO/IMECO/CCCSR3072A0BP,burkina,inflation,2008,10.67
BCEAO/IMECO/CCCSR3072A0BP,burkina,inflation,2009,0.86
BCEAO/IMECO/CCCSR3072A0BP,burkina,inflation,2010,-0.6
BCEAO/IMECO/CCCSR3072A0BP,burkina,inflation,2011,2.8
BCEAO/IMECO/CCCSR3072A0BP,burkina,inflation,2012,3.8
BCEAO/IMECO/CCCSR3072A0BP,burkina,inflation,2013,0.5
BCEAO/IMECO/CCCSR3072A0BP,burkina,inflation,2014,-0.3
BCEAO/IMECO/CCCSR3072A0BP,burkina,inflation,2015,0.9
BCEAO/IMECO/CCCSR3072A0BP,burkina,inflation,2016,-0.2
BCEAO/IMECO/CCCSR3072A0BP,burkina,inflation,2017,2.9
BCEAO/IMECO/CCCSR3072A0BP,burkina,inflation,2018,1.9
BCEAO/IMECO/CCCSR3072A0BP,burkina,inflation,2019,-3.2
BCEAO/IMECO/CCCSR3072A0BP,burkina,inflation,2020,1.9
BCEAO/IMECO/CCCSR3072A0BP,burkina,inflation,2021,3.9
BCEAO/IMECO/CCCSR3072A0BP,burkina,inflation,2022,14.1
BCEAO/IMECO/CCCSR3072A0BP,burkina,inflation,2023,0.7
BCEAO/IMECO/CCCSR3072A0BP,burkina,inflation,2024,4.2
BCEAO/IMECO/AAASR3072A0BP,cote_ivoire,inflation,1998,4.6
BCEAO/IMECO/AAASR3072A0BP,cote_ivoire,inflation,1999,0.7
BCEAO/IMECO/AAASR3072A0BP,cote_ivoire,inflation,2000,2.54
BCEAO/IMECO/AAASR3072A0BP,cote_ivoire,inflation,2001,4.35
BCEAO/IMECO/AAASR3072A0BP,cote_ivoire,inflation,2002,3.08
BCEAO/IMECO/AAASR3072A0BP,cote_ivoire,inflation,2003,3.3
BCEAO/IMECO/AAASR3072A0BP,cote_ivoire,inflation,2004,1.45
BCEAO/IMECO/AAASR3072A0BP,cote_ivoire,inflation,2005,3.89
BCEAO/IMECO/AAASR3072A0BP,cote_ivoire,inflation,2006,2.47
BCEAO/IMECO/AAASR3072A0BP,cote_ivoire,inflation,2007,1.89
BCEAO/IMECO/AAASR3072A0BP,cote_ivoire,inflation,2008,6.31
BCEAO/IMECO/AAASR3072A0BP,cote_ivoire,inflation,2009,0.52
BCEAO/IMECO/AAASR3072A0BP,cote_ivoire,inflation,2010,1.8
BCEAO/IMECO/AAASR3072A0BP,cote_ivoire,inflation,2011,4.9
BCEAO/IMECO/AAASR3072A0BP,cote_ivoire,inflation,2012,1.3
BCEAO/IMECO/AAASR3072A0BP,cote_ivoire,inflation,2013,2.6
BCEAO/IMECO/AAASR3072A0BP,cote_ivoire,inflation,2014,0.5
BCEAO/IMECO/AAASR3072A0BP,cote_ivoire,inflation,2015,1.2
BCEAO/IMECO/AAASR3072A0BP,cote_ivoire,inflation,2016,0.7
BCEAO/IMECO/AAASR3072A0BP,cote_ivoire,inflation,2017,0.4
BCEAO/IMECO/AAASR3072A0BP,cote_ivoire,inflation,2018,0.6
BCEAO/IMECO/AAASR3072A0BP,cote_ivoire,inflation,2019,0.8
BCEAO/IMECO/AAASR3072A0BP,cote_ivoire,inflation,2020,2.4
BCEAO/IMECO/AAASR3072A0BP,cote_ivoire,inflation,2021,4.2
BCEAO/IMECO/AAASR3072A0BP,cote_ivoire,inflation,2022,5.2
BCEAO/IMECO/AAASR3072A0BP,cote_ivoire,inflation,2023,4.4
BCEAO/IMECO/AAASR3072A0BP,cote_ivoire,inflation,2024,3.5
BCEAO/IMECO/SSSSR3072A0BP,guinee_bissau,inflation,2002,3.9
BCEAO/IMECO/SSSSR3072A0BP,guinee_bissau,inflation,2003,-3.55
BCEAO/IMECO/SSSSR3072A0BP,guinee_bissau,inflation,2004,0.86
BCEAO/IMECO/SSSSR3072A0BP,guinee_bissau,inflation,2005,3.36
BCEAO/IMECO/SSSSR3072A0BP,guinee_bissau,inflation,2006,1.96
BCEAO/IMECO/SSSSR3072A0BP,guinee_bissau,inflation,2007,4.62
BCEAO/IMECO/SSSSR3072A0BP,guinee_bissau,inflation,2008,7.91
BCEAO/IMECO/SSSSR3072A0BP,guinee_bissau,inflation,2009,-2.77
BCEAO/IMECO/SSSSR3072A0BP,guinee_bissau,inflation,2010,2.3
BCEAO/IMECO/SSSSR3072A0BP,guinee_bissau,inflation,2011,5.1
BCEAO/IMECO/SSSSR3072A0BP,guinee_bissau,inflation,2012,2.1
BCEAO/IMECO/SSSSR3072A0BP,guinee_bissau,inflation,2013,0.7
BCEAO/IMECO/SSSSR3072A0BP,guinee_bissau,inflation,2014,-1.0
BCEAO/IMECO/SSSSR3072A0BP,guinee_bissau,inflation,2015,1.5
BCEAO/IMECO/SSSSR3072A0BP,guinee_bissau,inflation,2016,1.5
BCEAO/IMECO/SSSSR3072A0BP,guinee_bissau,inflation,2017,1.0
BCEAO/IMECO/SSSSR3072A0BP,guinee_bissau,inflation,2018,0.4
BCEAO/IMECO/SSSSR3072A0BP,guinee_bissau,inflation,2019,0.2
BCEAO/IMECO/SSSSR3072A0BP,guinee_bissau,inflation,2020,1.5
BCEAO/IMECO/SSSSR3072A0BP,guinee_bissau,inflation,2021,3.3
BCEAO/IMECO/SSSSR3072A0BP,guinee_bissau,inflation,2022,7.9
BCEAO/IMECO/SSSSR3072A0BP,guinee_bissau,inflation,2023,7.2
BCEAO/IMECO/SSSSR3072A0BP,guinee_bissau,inflation,2024,3.7
BCEAO/IMECO/DDDSR3072A0BP,mali,inflation,1998,4.06
BCEAO/IMECO/DDDSR3072A0BP,mali,inflation,1999,-1.17
BCEAO/IMECO/DDDSR3072A0BP,mali,inflation,2000,-0.75
BCEAO/IMECO/DDDSR3072A0BP,mali,inflation,2001,5.18
BCEAO/IMECO/DDDSR3072A0BP,mali,inflation,2002,5.03
BCEAO/IMECO/DDDSR3072A0BP,mali,inflation,2003,-1.32
BCEAO/IMECO/DDDSR3072A0BP,mali,inflation,2004,-3.1
BCEAO/IMECO/DDDSR3072A0BP,mali,inflation,2005,6.42
BCEAO/IMECO/DDDSR3072A0BP,mali,inflation,2006,1.52
BCEAO/IMECO/DDDSR3072A0BP,mali,inflation,2007,1.42
BCEAO/IMECO/DDDSR3072A0BP,mali,inflation,2008,9.18
BCEAO/IMECO/DDDSR3072A0BP,mali,inflation,2009,2.38
BCEAO/IMECO/DDDSR3072A0BP,mali,inflation,2010,1.2
BCEAO/IMECO/DDDSR3072A0BP,mali,inflation,2011,3.0
BCEAO/IMECO/DDDSR3072A0BP,mali,inflation,2012,5.3
BCEAO/IMECO/DDDSR3072A0BP,mali,inflation,2013,-0.6
BCEAO/IMECO/DDDSR3072A0BP,mali,inflation,2014,0.9
BCEAO/IMECO/DDDSR3072A0BP,mali,inflation,2015,1.4
BCEAO/IMECO/DDDSR3072A0BP,mali,inflation,2016,-1.8
BCEAO/IMECO/DDDSR3072A0BP,mali,inflation,2017,2.4
BCEAO/IMECO/DDDSR3072A0BP,mali,inflation,2018,1.9
BCEAO/IMECO/DDDSR3072A0BP,mali,inflation,2019,-3.0
BCEAO/IMECO/DDDSR3072A0BP,mali,inflation,2020,0.5
BCEAO/IMECO/DDDSR3072A0BP,mali,inflation,2021,3.9
BCEAO/IMECO/DDDSR3072A0BP,mali,inflation,2022,9.7
BCEAO/IMECO/DDDSR3072A0BP,mali,inflation,2023,2.1
BCEAO/IMECO/DDDSR3072A0BP,mali,inflation,2024,3.2
BCEAO/IMECO/HHHSR3072A0BP,niger,inflation,1998,4.54
BCEAO/IMECO/HHHSR3072A0BP,niger,inflation,1999,-2.06
BCEAO/IMECO/HHHSR3072A0BP,niger,inflation,2000,2.69
BCEAO/IMECO/HHHSR3072A0BP,niger,inflation,2001,3.95
BCEAO/IMECO/HHHSR3072A0BP,niger,inflation,2002,2.49
BCEAO/IMECO/HHHSR3072A0BP,niger,inflation,2003,-1.47
BCEAO/IMECO/HHHSR3072A0BP,niger,inflation,2004,0.24
BCEAO/IMECO/HHHSR3072A0BP,niger,inflation,2005,7.82
BCEAO/IMECO/HHHSR3072A0BP,niger,inflation,2006,0.04
BCEAO/IMECO/HHHSR3072A0BP,niger,inflation,2007,0.06
BCEAO/IMECO/HHHSR3072A0BP,niger,inflation,2008,11.3
BCEAO/IMECO/HHHSR3072A0BP,niger,inflation,2009,0.45
BCEAO/IMECO/HHHSR3072A0BP,niger,inflation,2010,0.9
BCEAO/IMECO/HHHSR3072A0BP,niger,inflation,2011,2.9
BCEAO/IMECO/HHHSR3072A0BP,niger,inflation,2012,0.5
BCEAO/IMECO/HHHSR3072A0BP,niger,inflation,2013,2.3
BCEAO/IMECO/HHHSR3072A0BP,niger,inflation,2014,-0.9
BCEAO/IMECO/HHHSR3072A0BP,niger,inflation,2015,1.0
BCEAO/IMECO/HHHSR3072A0BP,niger,inflation,2016,0.2
BCEAO/IMECO/HHHSR3072A0BP,niger,inflation,2017,0.1
BCEAO/IMECO/HHHSR3072A0BP,niger,inflation,2018,2.8
BCEAO/IMECO/HHHSR3072A0BP,niger,inflation,2019,-2.5
BCEAO/IMECO/HHHSR3072A0BP,niger,inflation,2020,2.9
BCEAO/IMECO/HHHSR3072A0BP,niger,inflation,2021,3.8
BCEAO/IMECO/HHHSR3072A0BP,niger,inflation,2022,4.2
BCEAO/IMECO/HHHSR3072A0BP,niger,inflation,2023,3.7
BCEAO/IMECO/HHHSR3072A0BP,niger,inflation,2024,9.1
BCEAO/IMECO/KKKSR3072A0BP,senegal,inflation,1998,1.16
BCEAO/IMECO/KKKSR3072A0BP,senegal,inflation,1999,0.81
BCEAO/IMECO/KKKSR3072A0BP,senegal,inflation,2000,0.74
BCEAO/IMECO/KKKSR3072A0BP,senegal,inflation,2001,2.98
BCEAO/IMECO/KKKSR3072A0BP,senegal,inflation,2002,2.34
BCEAO/IMECO/KKKSR3072A0BP,senegal,inflation,2003,-0.03
BCEAO/IMECO/KKKSR3072A0BP,senegal,inflation,2004,0.5
BCEAO/IMECO/KKKSR3072A0BP,senegal,inflation,2005,1.71
BCEAO/IMECO/KKKSR3072A0BP,senegal,inflation,2006,2.12
BCEAO/IMECO/KKKSR3072A0BP,senegal,inflation,2007,5.86
BCEAO/IMECO/KKKSR3072A0BP,senegal,inflation,2008,5.76
BCEAO/IMECO/KKKSR3072A0BP,senegal,inflation,2009,-2.25
BCEAO/IMECO/KKKSR3072A0BP,senegal,inflation,2010,1.2
BCEAO/IMECO/KKKSR3072A0BP,senegal,inflation,2011,3.4
BCEAO/IMECO/KKKSR3072A0BP,senegal,inflation,2012,1.4
BCEAO/IMECO/KKKSR3072A0BP,senegal,inflation,2013,0.7
BCEAO/IMECO/KKKSR3072A0BP,senegal,inflation,2014,-1.1
BCEAO/IMECO/KKKSR3072A0BP,senegal,inflation,2015,0.2
BCEAO/IMECO/KKKSR3072A0BP,senegal,inflation,2016,0.8
BCEAO/IMECO/KKKSR3072A0BP,senegal,inflation,2017,2.2
BCEAO/IMECO/KKKSR3072A0BP,senegal,inflation,2018,0.5
BCEAO/IMECO/KKKSR3072A0BP,senegal,inflation,2019,1.0
BCEAO/IMECO/KKKSR3072A0BP,senegal,inflation,2020,2.5
BCEAO/IMECO/KKKSR3072A0BP,senegal,inflation,2021,2.2
BCEAO/IMECO/KKKSR3072A0BP,senegal,inflation,2022,9.7
BCEAO/IMECO/KKKSR3072A0BP,senegal,inflation,2023,5.9
BCEAO/IMECO/KKKSR3072A0BP,senegal,inflation,2024,0.8
BCEAO/IMECO/TTTSR3072A0BP,togo,inflation,1998,0.98
BCEAO/IMECO/TTTSR3072A0BP,togo,inflation,1999,-0.08
BCEAO/IMECO/TTTSR3072A0BP,togo,inflation,2000,1.89
BCEAO/IMECO/TTTSR3072A0BP,togo,inflation,2001,3.92
BCEAO/IMECO/TTTSR3072A0BP,togo,inflation,2002,3.06
BCEAO/IMECO/TTTSR3072A0BP,togo,inflation,2003,-0.93
BCEAO/IMECO/TTTSR3072A0BP,togo,inflation,2004,0.37
BCEAO/IMECO/TTTSR3072A0BP,togo,inflation,2005,6.8
BCEAO/IMECO/TTTSR3072A0BP,togo,inflation,2006,2.23
BCEAO/IMECO/TTTSR3072A0BP,togo,inflation,2007,0.95
BCEAO/IMECO/TTTSR3072A0BP,togo,inflation,2008,8.72
BCEAO/IMECO/TTTSR3072A0BP,togo,inflation,2009,3.71
BCEAO/IMECO/TTTSR3072A0BP,togo,inflation,2010,1.5
BCEAO/IMECO/TTTSR3072A0BP,togo,inflation,2011,3.6
BCEAO/IMECO/TTTSR3072A0BP,togo,inflation,2012,2.6
BCEAO/IMECO/TTTSR3072A0BP,togo,inflation,2013,1.8
BCEAO/IMECO/TTTSR3072A0BP,togo,inflation,2014,0.2
BCEAO/IMECO/TTTSR3072A0BP,togo,inflation,2015,1.8
BCEAO/IMECO/TTTSR3072A0BP,togo,inflation,2016,0.9
BCEAO/IMECO/TTTSR3072A0BP,togo,inflation,2017,-0.2
BCEAO/IMECO/TTTSR3072A0BP,togo,inflation,2018,0.9
BCEAO/IMECO/TTTSR3072A0BP,togo,inflation,2019,0.7
BCEAO/IMECO/TTTSR3072A0BP,togo,inflation,2020,1.8
BCEAO/IMECO/TTTSR3072A0BP,togo,inflation,2021,4.5
BCEAO/IMECO/TTTSR3072A0BP,togo,inflation,2022,7.6
BCEAO/IMECO/TTTSR3072A0BP,togo,inflation,2023,5.3
BCEAO/IMECO/TTTSR3072A0BP,togo,inflation,2024,2.9
BCEAO/IMECO/ZZZSR3072A0BP,uemoa,inflation,1998,3.63
BCEAO/IMECO/ZZZSR3072A0BP,uemoa,inflation,1999,0.18
BCEAO/IMECO/ZZZSR3072A0BP,uemoa,inflation,2000,1.79
BCEAO/IMECO/ZZZSR3072A0BP,uemoa,inflation,2001,4.05
BCEAO/IMECO/ZZZSR3072A0BP,uemoa,inflation,2002,2.92
BCEAO/IMECO/ZZZSR3072A0BP,uemoa,inflation,2003,1.34
BCEAO/IMECO/ZZZSR3072A0BP,uemoa,inflation,2004,1.27
BCEAO/IMECO/ZZZSR3072A0BP,uemoa,inflation,2005,4.34
BCEAO/IMECO/ZZZSR3072A0BP,uemoa,inflation,2006,2.26
BCEAO/IMECO/ZZZSR3072A0BP,uemoa,inflation,2007,2.36
BCEAO/IMECO/ZZZSR3072A0BP,uemoa,inflation,2008,7.4
BCEAO/IMECO/ZZZSR3072A0BP,uemoa,inflation,2009,0.39
BCEAO/IMECO/ZZZSR3072A0BP,uemoa,inflation,2010,1.4
BCEAO/IMECO/ZZZSR3072A0BP,uemoa,inflation,2011,3.9
BCEAO/IMECO/ZZZSR3072A0BP,uemoa,inflation,2012,2.4
BCEAO/IMECO/ZZZSR3072A0BP,uemoa,inflation,2013,1.5
BCEAO/IMECO/ZZZSR3072A0BP,uemoa,inflation,2014,-0.1
BCEAO/IMECO/ZZZSR3072A0BP,uemoa,inflation,2015,1.0
BCEAO/IMECO/ZZZSR3072A0BP,uemoa,inflation,2016,0.3
BCEAO/IMECO/ZZZSR3072A0BP,uemoa,inflation,2017,1.1
BCEAO/IMECO/ZZZSR3072A0BP,uemoa,inflation,2018,1.2
BCEAO/IMECO/ZZZSR3072A0BP,uemoa,inflation,2019,-0.7
BCEAO/IMECO/ZZZSR3072A0BP,uemoa,inflation,2020,2.1
BCEAO/IMECO/ZZZSR3072A0BP,uemoa,inflation,2021,3.6
BCEAO/IMECO/ZZZSR3072A0BP,uemoa,inflation,2022,7.4
BCEAO/IMECO/ZZZSR3072A0BP,uemoa,inflation,2023,3.7
BCEAO/IMECO/ZZZSR3072A0BP,uemoa,inflation,2024,3.5
BCEAO/IMECO/BBBFP3054A0FA,benin,dette_pib,2001,36.18
BCEAO/IMECO/BBBFP3054A0FA,benin,dette_pib,2002,32.36
BCEAO/IMECO/BBBFP3054A0FA,benin,dette_pib,2003,26.84
BCEAO/IMECO/BBBFP3054A0FA,benin,dette_pib,2004,25.31
BCEAO/IMECO/BBBFP3054A0FA,benin,dette_pib,2005,26.55
BCEAO/IMECO/BBBFP3054A0FA,benin,dette_pib,2006,14.14
BCEAO/IMECO/BBBFP3054A0FA,benin,dette_pib,2007,7.67
BCEAO/IMECO/BBBFP3054A0FA,benin,dette_pib,2008,10.32
BCEAO/IMECO/BBBFP3054A0FA,benin,dette_pib,2009,10.85
BCEAO/IMECO/BBBFP3054A0FA,benin,dette_pib,2010,12.6
BCEAO/IMECO/BBBFP3054A0FA,benin,dette_pib,2011,12.2
BCEAO/IMECO/BBBFP3054A0FA,benin,dette_pib,2012,11.2
BCEAO/IMECO/BBBFP3054A0FA,benin,dette_pib,2013,11.0
BCEAO/IMECO/BBBFP3054A0FA,benin,dette_pib,2014,13.1
BCEAO/IMECO/BBBFP3054A0FA,benin,dette_pib,2015,16.7
BCEAO/IMECO/BBBFP3054A0FA,benin,dette_pib,2016,18.3
BCEAO/IMECO/BBBFP3054A0FA,benin,dette_pib,2017,18.3
BCEAO/IMECO/BBBFP3054A0FA,benin,dette_pib,2018,20.7
BCEAO/IMECO/BBBFP3054A0FA,benin,dette_pib,2019,25.3
BCEAO/IMECO/BBBFP3054A0FA,benin,dette_pib,2020,28.4
BCEAO/IMECO/BBBFP3054A0FA,benin,dette_pib,2021,36.3
BCEAO/IMECO/BBBFP3054A0FA,benin,dette_pib,2022,54.1
BCEAO/IMECO/BBBFP3054A0FA,benin,dette_pib,2023,54.5
BCEAO/IMECO/BBBFP3054A0FA,benin,dette_pib,2024,53.7
BCEAO/IMECO/CCCFP3054A0FA,burkina,dette_pib,2001,43.32
BCEAO/IMECO/CCCFP3054A0FA,burkina,dette_pib,2002,38.63
BCEAO/IMECO/CCCFP3054A0FA,burkina,dette_pib,2003,33.61
BCEAO/IMECO/CCCFP3054A0FA,burkina,dette_pib,2004,34.72
BCEAO/IMECO/CCCFP3054A0FA,burkina,dette_pib,2005,36.11
BCEAO/IMECO/CCCFP3054A0FA,burkina,dette_pib,2006,17.28
BCEAO/IMECO/CCCFP3054A0FA,burkina,dette_pib,2007,18.2
BCEAO/IMECO/CCCFP3054A0FA,burkina,dette_pib,2008,18.75
BCEAO/IMECO/CCCFP3054A0FA,burkina,dette_pib,2009,20.67
BCEAO/IMECO/CCCFP3054A0FA,burkina,dette_pib,2010,22.4
BCEAO/IMECO/CCCFP3054A0FA,burkina,dette_pib,2011,20.6
BCEAO/IMECO/CCCFP3054A0FA,burkina,dette_pib,2012,20.1
BCEAO/IMECO/CCCFP3054A0FA,burkina,dette_pib,2013,19.5
BCEAO/IMECO/CCCFP3054A0FA,burkina,dette_pib,2014,20.5
BCEAO/IMECO/CCCFP3054A0FA,burkina,dette_pib,2015,23.1
BCEAO/IMECO/CCCFP3054A0FA,burkina,dette_pib,2016,23.2
BCEAO/IMECO/CCCFP3054A0FA,burkina,dette_pib,2017,21.3
BCEAO/IMECO/CCCFP3054A0FA,burkina,dette_pib,2018,21.6
BCEAO/IMECO/CCCFP3054A0FA,burkina,dette_pib,2019,23.3
BCEAO/IMECO/CCCFP3054A0FA,burkina,dette_pib,2020,24.2
BCEAO/IMECO/CCCFP3054A0FA,burkina,dette_pib,2021,26.2
BCEAO/IMECO/CCCFP3054A0FA,burkina,dette_pib,2022,58.5
BCEAO/IMECO/CCCFP3054A0FA,burkina,dette_pib,2023,57.1
BCEAO/IMECO/CCCFP3054A0FA,burkina,dette_pib,2024,58.7
BCEAO/IMECO/AAAFP3054A0FA,cote_ivoire,dette_pib,2001,54.3
BCEAO/IMECO/AAAFP3054A0FA,cote_ivoire,dette_pib,2002,51.75
BCEAO/IMECO/AAAFP3054A0FA,cote_ivoire,dette_pib,2003,44.62
BCEAO/IMECO/AAAFP3054A0FA,cote_ivoire,dette_pib,2004,41.16
BCEAO/IMECO/AAAFP3054A0FA,cote_ivoire,dette_pib,2005,37.47
BCEAO/IMECO/AAAFP3054A0FA,cote_ivoire,dette_pib,2006,34.76
BCEAO/IMECO/AAAFP3054A0FA,cote_ivoire,dette_pib,2007,30.42
BCEAO/IMECO/AAAFP3054A0FA,cote_ivoire,dette_pib,2008,26.52
BCEAO/IMECO/AAAFP3054A0FA,cote_ivoire,dette_pib,2009,33.69
BCEAO/IMECO/AAAFP3054A0FA,cote_ivoire,dette_pib,2010,32.9
BCEAO/IMECO/AAAFP3054A0FA,cote_ivoire,dette_pib,2011,37.4
BCEAO/IMECO/AAAFP3054A0FA,cote_ivoire,dette_pib,2012,20.6
BCEAO/IMECO/AAAFP3054A0FA,cote_ivoire,dette_pib,2013,12.2
BCEAO/IMECO/AAAFP3054A0FA,cote_ivoire,dette_pib,2014,13.7
BCEAO/IMECO/AAAFP3054A0FA,cote_ivoire,dette_pib,2015,16.6
BCEAO/IMECO/AAAFP3054A0FA,cote_ivoire,dette_pib,2016,17.3
BCEAO/IMECO/AAAFP3054A0FA,cote_ivoire,dette_pib,2017,18.9
BCEAO/IMECO/AAAFP3054A0FA,cote_ivoire,dette_pib,2018,23.4
BCEAO/IMECO/AAAFP3054A0FA,cote_ivoire,dette_pib,2019,25.1
BCEAO/IMECO/AAAFP3054A0FA,cote_ivoire,dette_pib,2020,29.7
BCEAO/IMECO/AAAFP3054A0FA,cote_ivoire,dette_pib,2021,30.5
BCEAO/IMECO/AAAFP3054A0FA,cote_ivoire,dette_pib,2022,56.6
BCEAO/IMECO/AAAFP3054A0FA,cote_ivoire,dette_pib,2023,58.1
BCEAO/IMECO/AAAFP3054A0FA,cote_ivoire,dette_pib,2024,58.0
BCEAO/IMECO/SSSFP3054A0FA,guinee_bissau,dette_pib,2001,184.88
BCEAO/IMECO/SSSFP3054A0FA,guinee_bissau,dette_pib,2002,150.92
BCEAO/IMECO/SSSFP3054A0FA,guinee_bissau,dette_pib,2003,160.51
BCEAO/IMECO/SSSFP3054A0FA,guinee_bissau,dette_pib,2004,165.08
BCEAO/IMECO/SSSFP3054A0FA,guinee_bissau,dette_pib,2005,141.91
BCEAO/IMECO/SSSFP3054A0FA,guinee_bissau,dette_pib,2006,145.59
BCEAO/IMECO/SSSFP3054A0FA,guinee_bissau,dette_pib,2007,156.51
BCEAO/IMECO/SSSFP3054A0FA,guinee_bissau,dette_pib,2008,126.25
BCEAO/IMECO/SSSFP3054A0FA,guinee_bissau,dette_pib,2009,118.22
BCEAO/IMECO/SSSFP3054A0FA,guinee_bissau,dette_pib,2010,29.8
BCEAO/IMECO/SSSFP3054A0FA,guinee_bissau,dette_pib,2011,27.0
BCEAO/IMECO/SSSFP3054A0FA,guinee_bissau,dette_pib,2012,30.2
BCEAO/IMECO/SSSFP3054A0FA,guinee_bissau,dette_pib,2013,29.4
BCEAO/IMECO/SSSFP3054A0FA,guinee_bissau,dette_pib,2014,32.6
BCEAO/IMECO/SSSFP3054A0FA,guinee_bissau,dette_pib,2015,27.7
BCEAO/IMECO/SSSFP3054A0FA,guinee_bissau,dette_pib,2016,27.1
BCEAO/IMECO/SSSFP3054A0FA,guinee_bissau,dette_pib,2017,29.1
BCEAO/IMECO/SSSFP3054A0FA,guinee_bissau,dette_pib,2018,28.8
BCEAO/IMECO/SSSFP3054A0FA,guinee_bissau,dette_pib,2019,34.8
BCEAO/IMECO/SSSFP3054A0FA,guinee_bissau,dette_pib,2020,38.5
BCEAO/IMECO/SSSFP3054A0FA,guinee_bissau,dette_pib,2021,36.2
BCEAO/IMECO/SSSFP3054A0FA,guinee_bissau,dette_pib,2022,77.1
BCEAO/IMECO/SSSFP3054A0FA,guinee_bissau,dette_pib,2023,80.8
BCEAO/IMECO/SSSFP3054A0FA,guinee_bissau,dette_pib,2024,81.4
BCEAO/IMECO/DDDFP3054A0FA,mali,dette_pib,2001,85.76
BCEAO/IMECO/DDDFP3054A0FA,mali,dette_pib,2002,69.95
BCEAO/IMECO/DDDFP3054A0FA,mali,dette_pib,2003,60.99
BCEAO/IMECO/DDDFP3054A0FA,mali,dette_pib,2004,59.09
BCEAO/IMECO/DDDFP3054A0FA,mali,dette_pib,2005,62.64
BCEAO/IMECO/DDDFP3054A0FA,mali,dette_pib,2006,19.1
BCEAO/IMECO/DDDFP3054A0FA,mali,dette_pib,2007,18.34
BCEAO/IMECO/DDDFP3054A0FA,mali,dette_pib,2008,20.53
BCEAO/IMECO/DDDFP3054A0FA,mali,dette_pib,2009,21.04
BCEAO/IMECO/DDDFP3054A0FA,mali,dette_pib,2010,24.6
BCEAO/IMECO/DDDFP3054A0FA,mali,dette_pib,2011,23.2
BCEAO/IMECO/DDDFP3054A0FA,mali,dette_pib,2012,21.7
BCEAO/IMECO/DDDFP3054A0FA,mali,dette_pib,2013,22.1
BCEAO/IMECO/DDDFP3054A0FA,mali,dette_pib,2014,20.9
BCEAO/IMECO/DDDFP3054A0FA,mali,dette_pib,2015,22.6
BCEAO/IMECO/DDDFP3054A0FA,mali,dette_pib,2016,20.9
BCEAO/IMECO/DDDFP3054A0FA,mali,dette_pib,2017,20.5
BCEAO/IMECO/DDDFP3054A0FA,mali,dette_pib,2018,20.2
BCEAO/IMECO/DDDFP3054A0FA,mali,dette_pib,2019,22.4
BCEAO/IMECO/DDDFP3054A0FA,mali,dette_pib,2020,25.1
BCEAO/IMECO/DDDFP3054A0FA,mali,dette_pib,2021,24.4
BCEAO/IMECO/DDDFP3054A0FA,mali,dette_pib,2022,42.4
BCEAO/IMECO/DDDFP3054A0FA,mali,dette_pib,2023,44.1
BCEAO/IMECO/DDDFP3054A0FA,mali,dette_pib,2024,41.7
BCEAO/IMECO/HHHFP3054A0FA,niger,dette_pib,2001,57.89
BCEAO/IMECO/HHHFP3054A0FA,niger,dette_pib,2002,55.47
BCEAO/IMECO/HHHFP3054A0FA,niger,dette_pib,2003,47.61
BCEAO/IMECO/HHHFP3054A0FA,niger,dette_pib,2004,43.63
BCEAO/IMECO/HHHFP3054A0FA,niger,dette_pib,2005,40.47
BCEAO/IMECO/HHHFP3054A0FA,niger,dette_pib,2006,11.07
BCEAO/IMECO/HHHFP3054A0FA,niger,dette_pib,2007,11.73
BCEAO/IMECO/HHHFP3054A0FA,niger,dette_pib,2008,12.18
BCEAO/IMECO/HHHFP3054A0FA,niger,dette_pib,2009,12.94
BCEAO/IMECO/HHHFP3054A0FA,niger,dette_pib,2010,12.7
BCEAO/IMECO/HHHFP3054A0FA,niger,dette_pib,2011,12.2
BCEAO/IMECO/HHHFP3054A0FA,niger,dette_pib,2012,11.8
BCEAO/IMECO/HHHFP3054A0FA,niger,dette_pib,2013,13.6
BCEAO/IMECO/HHHFP3054A0FA,niger,dette_pib,2014,14.1
BCEAO/IMECO/HHHFP3054A0FA,niger,dette_pib,2015,19.9
BCEAO/IMECO/HHHFP3054A0FA,niger,dette_pib,2016,22.2
BCEAO/IMECO/HHHFP3054A0FA,niger,dette_pib,2017,24.2
BCEAO/IMECO/HHHFP3054A0FA,niger,dette_pib,2018,24.4
BCEAO/IMECO/HHHFP3054A0FA,niger,dette_pib,2019,26.1
BCEAO/IMECO/HHHFP3054A0FA,niger,dette_pib,2020,31.0
BCEAO/IMECO/HHHFP3054A0FA,niger,dette_pib,2021,33.0
BCEAO/IMECO/HHHFP3054A0FA,niger,dette_pib,2022,50.7
BCEAO/IMECO/HHHFP3054A0FA,niger,dette_pib,2023,52.4
BCEAO/IMECO/HHHFP3054A0FA,niger,dette_pib,2024,48.0
BCEAO/IMECO/KKKFP3054A0FA,senegal,dette_pib,2001,53.83
BCEAO/IMECO/KKKFP3054A0FA,senegal,dette_pib,2002,48.3
BCEAO/IMECO/KKKFP3054A0FA,senegal,dette_pib,2003,39.25
BCEAO/IMECO/KKKFP3054A0FA,senegal,dette_pib,2004,33.92
BCEAO/IMECO/KKKFP3054A0FA,senegal,dette_pib,2005,32.52
BCEAO/IMECO/KKKFP3054A0FA,senegal,dette_pib,2006,13.64
BCEAO/IMECO/KKKFP3054A0FA,senegal,dette_pib,2007,13.71
BCEAO/IMECO/KKKFP3054A0FA,senegal,dette_pib,2008,14.82
BCEAO/IMECO/KKKFP3054A0FA,senegal,dette_pib,2009,18.0
BCEAO/IMECO/KKKFP3054A0FA,senegal,dette_pib,2010,18.2
BCEAO/IMECO/KKKFP3054A0FA,senegal,dette_pib,2011,19.9
BCEAO/IMECO/KKKFP3054A0FA,senegal,dette_pib,2012,22.7
BCEAO/IMECO/KKKFP3054A0FA,senegal,dette_pib,2013,23.2
BCEAO/IMECO/KKKFP3054A0FA,senegal,dette_pib,2014,29.4
BCEAO/IMECO/KKKFP3054A0FA,senegal,dette_pib,2015,31.6
BCEAO/IMECO/KKKFP3054A0FA,senegal,dette_pib,2016,33.9
BCEAO/IMECO/KKKFP3054A0FA,senegal,dette_pib,2017,37.3
BCEAO/IMECO/KKKFP3054A0FA,senegal,dette_pib,2018,48.6
BCEAO/IMECO/KKKFP3054A0FA,senegal,dette_pib,2019,50.3
BCEAO/IMECO/KKKFP3054A0FA,senegal,dette_pib,2020,52.7
BCEAO/IMECO/KKKFP3054A0FA,senegal,dette_pib,2021,53.6
BCEAO/IMECO/KKKFP3054A0FA,senegal,dette_pib,2022,87.1
BCEAO/IMECO/KKKFP3054A0FA,senegal,dette_pib,2023,99.2
BCEAO/IMECO/KKKFP3054A0FA,senegal,dette_pib,2024,103.0
BCEAO/IMECO/TTTFP3054A0FA,togo,dette_pib,2001,87.53
BCEAO/IMECO/TTTFP3054A0FA,togo,dette_pib,2002,75.47
BCEAO/IMECO/TTTFP3054A0FA,togo,dette_pib,2003,67.4
BCEAO/IMECO/TTTFP3054A0FA,togo,dette_pib,2004,65.57
BCEAO/IMECO/TTTFP3054A0FA,togo,dette_pib,2005,68.2
BCEAO/IMECO/TTTFP3054A0FA,togo,dette_pib,2006,68.37
BCEAO/IMECO/TTTFP3054A0FA,togo,dette_pib,2007,66.48
BCEAO/IMECO/TTTFP3054A0FA,togo,dette_pib,2008,45.87
BCEAO/IMECO/TTTFP3054A0FA,togo,dette_pib,2009,48.46
BCEAO/IMECO/TTTFP3054A0FA,togo,dette_pib,2010,15.3
BCEAO/IMECO/TTTFP3054A0FA,togo,dette_pib,2011,13.3
BCEAO/IMECO/TTTFP3054A0FA,togo,dette_pib,2012,10.1
BCEAO/IMECO/TTTFP3054A0FA,togo,dette_pib,2013,12.0
BCEAO/IMECO/TTTFP3054A0FA,togo,dette_pib,2014,12.1
BCEAO/IMECO/TTTFP3054A0FA,togo,dette_pib,2015,15.5
BCEAO/IMECO/TTTFP3054A0FA,togo,dette_pib,2016,15.7
BCEAO/IMECO/TTTFP3054A0FA,togo,dette_pib,2017,14.8
BCEAO/IMECO/TTTFP3054A0FA,togo,dette_pib,2018,15.4
BCEAO/IMECO/TTTFP3054A0FA,togo,dette_pib,2019,18.3
BCEAO/IMECO/TTTFP3054A0FA,togo,dette_pib,2020,23.0
BCEAO/IMECO/TTTFP3054A0FA,togo,dette_pib,2021,23.0
BCEAO/IMECO/TTTFP3054A0FA,togo,dette_pib,2022,65.4
BCEAO/IMECO/TTTFP3054A0FA,togo,dette_pib,2023,66.1
BCEAO/IMECO/TTTFP3054A0FA,togo,dette_pib,2024,68.2
BCEAO/IMECO/ZZZFP3054A0FA,uemoa,dette_pib,2001,53.03
BCEAO/IMECO/ZZZFP3054A0FA,uemoa,dette_pib,2002,50.35
BCEAO/IMECO/ZZZFP3054A0FA,uemoa,dette_pib,2003,43.8
BCEAO/IMECO/ZZZFP3054A0FA,uemoa,dette_pib,2004,39.85
BCEAO/IMECO/ZZZFP3054A0FA,uemoa,dette_pib,2005,37.82
BCEAO/IMECO/ZZZFP3054A0FA,uemoa,dette_pib,2006,23.8
BCEAO/IMECO/ZZZFP3054A0FA,uemoa,dette_pib,2007,21.65
BCEAO/IMECO/ZZZFP3054A0FA,uemoa,dette_pib,2008,21.35
BCEAO/IMECO/ZZZFP3054A0FA,uemoa,dette_pib,2009,24.9
BCEAO/IMECO/ZZZFP3054A0FA,uemoa,dette_pib,2010,23.4
BCEAO/IMECO/ZZZFP3054A0FA,uemoa,dette_pib,2011,24.2
BCEAO/IMECO/ZZZFP3054A0FA,uemoa,dette_pib,2012,18.8
BCEAO/IMECO/ZZZFP3054A0FA,uemoa,dette_pib,2013,16.0
BCEAO/IMECO/ZZZFP3054A0FA,uemoa,dette_pib,2014,17.7
BCEAO/IMECO/ZZZFP3054A0FA,uemoa,dette_pib,2015,20.6
BCEAO/IMECO/ZZZFP3054A0FA,uemoa,dette_pib,2016,21.4
BCEAO/IMECO/ZZZFP3054A0FA,uemoa,dette_pib,2017,22.5
BCEAO/IMECO/ZZZFP3054A0FA,uemoa,dette_pib,2018,26.1
BCEAO/IMECO/ZZZFP3054A0FA,uemoa,dette_pib,2019,28.2
BCEAO/IMECO/ZZZFP3054A0FA,uemoa,dette_pib,2020,31.7
BCEAO/IMECO/ZZZFP3054A0FA,uemoa,dette_pib,2021,33.2
BCEAO/IMECO/ZZZFP3054A0FA,uemoa,dette_pib,2022,59.6
BCEAO/IMECO/ZZZFP3054A0FA,uemoa,dette_pib,2023,62.3
BCEAO/IMECO/ZZZFP3054A0FA,uemoa,dette_pib,2024,62.4
BCEAO/IMECO/BBBFP1098A0AP,benin,solde_budgetaire_pib,2008,-1.18
BCEAO/IMECO/BBBFP1098A0AP,benin,solde_budgetaire_pib,2009,-2.83
BCEAO/IMECO/BBBFP1098A0AP,benin,solde_budgetaire_pib,2010,-1.1
BCEAO/IMECO/BBBFP1098A0AP,benin,solde_budgetaire_pib,2011,-1.0
BCEAO/IMECO/BBBFP1098A0AP,benin,solde_budgetaire_pib,2012,-0.3
BCEAO/IMECO/BBBFP1098A0AP,benin,solde_budgetaire_pib,2013,-1.9
BCEAO/IMECO/BBBFP1098A0AP,benin,solde_budgetaire_pib,2014,-1.4
BCEAO/IMECO/BBBFP1098A0AP,benin,solde_budgetaire_pib,2015,-5.9
BCEAO/IMECO/BBBFP1098A0AP,benin,solde_budgetaire_pib,2016,-4.4
BCEAO/IMECO/BBBFP1098A0AP,benin,solde_budgetaire_pib,2017,-4.3
BCEAO/IMECO/BBBFP1098A0AP,benin,solde_budgetaire_pib,2018,-2.9
BCEAO/IMECO/BBBFP1098A0AP,benin,solde_budgetaire_pib,2019,-0.5
BCEAO/IMECO/BBBFP1098A0AP,benin,solde_budgetaire_pib,2020,-4.7
BCEAO/IMECO/BBBFP1098A0AP,benin,solde_budgetaire_pib,2021,-5.7
BCEAO/IMECO/BBBFP1098A0AP,benin,solde_budgetaire_pib,2022,-5.5
BCEAO/IMECO/BBBFP1098A0AP,benin,solde_budgetaire_pib,2023,-4.1
BCEAO/IMECO/BBBFP1098A0AP,benin,solde_budgetaire_pib,2024,-3.7
BCEAO/IMECO/CCCFP1098A0AP,burkina,solde_budgetaire_pib,2009,-4.23
BCEAO/IMECO/CCCFP1098A0AP,burkina,solde_budgetaire_pib,2010,-3.9
BCEAO/IMECO/CCCFP1098A0AP,burkina,solde_budgetaire_pib,2011,-2.1
BCEAO/IMECO/CCCFP1098A0AP,burkina,solde_budgetaire_pib,2012,-2.8
BCEAO/IMECO/CCCFP1098A0AP,burkina,solde_budgetaire_pib,2013,-3.2
BCEAO/IMECO/CCCFP1098A0AP,burkina,solde_budgetaire_pib,2014,-1.7
BCEAO/IMECO/CCCFP1098A0AP,burkina,solde_budgetaire_pib,2015,-1.9
BCEAO/IMECO/CCCFP1098A0AP,burkina,solde_budgetaire_pib,2016,-3.0
BCEAO/IMECO/CCCFP1098A0AP,burkina,solde_budgetaire_pib,2017,-6.9
BCEAO/IMECO/CCCFP1098A0AP,burkina,solde_budgetaire_pib,2018,-4.3
BCEAO/IMECO/CCCFP1098A0AP,burkina,solde_budgetaire_pib,2019,-2.7
BCEAO/IMECO/CCCFP1098A0AP,burkina,solde_budgetaire_pib,2020,-5.5
BCEAO/IMECO/CCCFP1098A0AP,burkina,solde_budgetaire_pib,2021,-5.9
BCEAO/IMECO/CCCFP1098A0AP,burkina,solde_budgetaire_pib,2022,-10.7
BCEAO/IMECO/CCCFP1098A0AP,burkina,solde_budgetaire_pib,2023,-6.7
BCEAO/IMECO/CCCFP1098A0AP,burkina,solde_budgetaire_pib,2024,-5.2
BCEAO/IMECO/AAAFP1098A0AP,cote_ivoire,solde_budgetaire_pib,2008,-0.27
BCEAO/IMECO/AAAFP1098A0AP,cote_ivoire,solde_budgetaire_pib,2009,0.62
BCEAO/IMECO/AAAFP1098A0AP,cote_ivoire,solde_budgetaire_pib,2010,-1.3
BCEAO/IMECO/AAAFP1098A0AP,cote_ivoire,solde_budgetaire_pib,2011,-2.9
BCEAO/IMECO/AAAFP1098A0AP,cote_ivoire,solde_budgetaire_pib,2012,-2.3
BCEAO/IMECO/AAAFP1098A0AP,cote_ivoire,solde_budgetaire_pib,2013,-1.6
BCEAO/IMECO/AAAFP1098A0AP,cote_ivoire,solde_budgetaire_pib,2014,-1.6
BCEAO/IMECO/AAAFP1098A0AP,cote_ivoire,solde_budgetaire_pib,2015,-2.0
BCEAO/IMECO/AAAFP1098A0AP,cote_ivoire,solde_budgetaire_pib,2016,-2.9
BCEAO/IMECO/AAAFP1098A0AP,cote_ivoire,solde_budgetaire_pib,2017,-3.3
BCEAO/IMECO/AAAFP1098A0AP,cote_ivoire,solde_budgetaire_pib,2018,-2.9
BCEAO/IMECO/AAAFP1098A0AP,cote_ivoire,solde_budgetaire_pib,2019,-2.2
BCEAO/IMECO/AAAFP1098A0AP,cote_ivoire,solde_budgetaire_pib,2020,-6.0
BCEAO/IMECO/AAAFP1098A0AP,cote_ivoire,solde_budgetaire_pib,2021,-4.9
BCEAO/IMECO/AAAFP1098A0AP,cote_ivoire,solde_budgetaire_pib,2022,-6.8
BCEAO/IMECO/AAAFP1098A0AP,cote_ivoire,solde_budgetaire_pib,2023,-5.3
BCEAO/IMECO/AAAFP1098A0AP,cote_ivoire,solde_budgetaire_pib,2024,-4.1
BCEAO/IMECO/SSSFP1098A0AP,guinee_bissau,solde_budgetaire_pib,2001,-4.63
BCEAO/IMECO/SSSFP1098A0AP,guinee_bissau,solde_budgetaire_pib,2002,-4.94
BCEAO/IMECO/SSSFP1098A0AP,guinee_bissau,solde_budgetaire_pib,2003,-7.13
BCEAO/IMECO/SSSFP1098A0AP,guinee_bissau,solde_budgetaire_pib,2004,-8.53
BCEAO/IMECO/SSSFP1098A0AP,guinee_bissau,solde_budgetaire_pib,2005,-5.63
BCEAO/IMECO/SSSFP1098A0AP,guinee_bissau,solde_budgetaire_pib,2006,-2.44
BCEAO/IMECO/SSSFP1098A0AP,guinee_bissau,solde_budgetaire_pib,2007,-2.36
BCEAO/IMECO/SSSFP1098A0AP,guinee_bissau,solde_budgetaire_pib,2008,-3.62
BCEAO/IMECO/SSSFP1098A0AP,guinee_bissau,solde_budgetaire_pib,2009,2.82
BCEAO/IMECO/SSSFP1098A0AP,guinee_bissau,solde_budgetaire_pib,2010,0.1
BCEAO/IMECO/SSSFP1098A0AP,guinee_bissau,solde_budgetaire_pib,2011,1.8
BCEAO/IMECO/SSSFP1098A0AP,guinee_bissau,solde_budgetaire_pib,2012,-1.9
BCEAO/IMECO/SSSFP1098A0AP,guinee_bissau,solde_budgetaire_pib,2013,-2.8
BCEAO/IMECO/SSSFP1098A0AP,guinee_bissau,solde_budgetaire_pib,2014,-2.9
BCEAO/IMECO/SSSFP1098A0AP,guinee_bissau,solde_budgetaire_pib,2015,-7.5
BCEAO/IMECO/SSSFP1098A0AP,guinee_bissau,solde_budgetaire_pib,2016,-5.4
BCEAO/IMECO/SSSFP1098A0AP,guinee_bissau,solde_budgetaire_pib,2017,-1.4
BCEAO/IMECO/SSSFP1098A0AP,guinee_bissau,solde_budgetaire_pib,2018,-4.4
BCEAO/IMECO/SSSFP1098A0AP,guinee_bissau,solde_budgetaire_pib,2019,-3.4
BCEAO/IMECO/SSSFP1098A0AP,guinee_bissau,solde_budgetaire_pib,2020,-8.8
BCEAO/IMECO/SSSFP1098A0AP,guinee_bissau,solde_budgetaire_pib,2021,-7.2
BCEAO/IMECO/SSSFP1098A0AP,guinee_bissau,solde_budgetaire_pib,2022,-6.4
BCEAO/IMECO/SSSFP1098A0AP,guinee_bissau,solde_budgetaire_pib,2023,-8.6
BCEAO/IMECO/SSSFP1098A0AP,guinee_bissau,solde_budgetaire_pib,2024,-4.9
BCEAO/IMECO/DDDFP1098A0AP,mali,solde_budgetaire_pib,2001,-4.41
BCEAO/IMECO/DDDFP1098A0AP,mali,solde_budgetaire_pib,2002,-3.09
BCEAO/IMECO/DDDFP1098A0AP,mali,solde_budgetaire_pib,2003,-0.63
BCEAO/IMECO/DDDFP1098A0AP,mali,solde_budgetaire_pib,2004,-2.65
BCEAO/IMECO/DDDFP1098A0AP,mali,solde_budgetaire_pib,2005,-2.84
BCEAO/IMECO/DDDFP1098A0AP,mali,solde_budgetaire_pib,2006,27.78
BCEAO/IMECO/DDDFP1098A0AP,mali,solde_budgetaire_pib,2007,-2.79
BCEAO/IMECO/DDDFP1098A0AP,mali,solde_budgetaire_pib,2008,-1.99
BCEAO/IMECO/DDDFP1098A0AP,mali,solde_budgetaire_pib,2009,-3.72
BCEAO/IMECO/DDDFP1098A0AP,mali,solde_budgetaire_pib,2010,-2.4
BCEAO/IMECO/DDDFP1098A0AP,mali,solde_budgetaire_pib,2011,-3.5
BCEAO/IMECO/DDDFP1098A0AP,mali,solde_budgetaire_pib,2012,-1.1
BCEAO/IMECO/DDDFP1098A0AP,mali,solde_budgetaire_pib,2013,-2.4
BCEAO/IMECO/DDDFP1098A0AP,mali,solde_budgetaire_pib,2014,-2.9
BCEAO/IMECO/DDDFP1098A0AP,mali,solde_budgetaire_pib,2015,-2.4
BCEAO/IMECO/DDDFP1098A0AP,mali,solde_budgetaire_pib,2016,-3.3
BCEAO/IMECO/DDDFP1098A0AP,mali,solde_budgetaire_pib,2017,-2.4
BCEAO/IMECO/DDDFP1098A0AP,mali,solde_budgetaire_pib,2018,-4.0
BCEAO/IMECO/DDDFP1098A0AP,mali,solde_budgetaire_pib,2019,-1.4
BCEAO/IMECO/DDDFP1098A0AP,mali,solde_budgetaire_pib,2020,-4.6
BCEAO/IMECO/DDDFP1098A0AP,mali,solde_budgetaire_pib,2021,-4.1
BCEAO/IMECO/DDDFP1098A0AP,mali,solde_budgetaire_pib,2022,-4.1
BCEAO/IMECO/DDDFP1098A0AP,mali,solde_budgetaire_pib,2023,-3.4
BCEAO/IMECO/DDDFP1098A0AP,mali,solde_budgetaire_pib,2024,-2.3
BCEAO/IMECO/HHHFP1098A0AP,niger,solde_budgetaire_pib,2001,-6.19
BCEAO/IMECO/HHHFP1098A0AP,niger,solde_budgetaire_pib,2002,-5.94
BCEAO/IMECO/HHHFP1098A0AP,niger,solde_budgetaire_pib,2003,-1.54
BCEAO/IMECO/HHHFP1098A0AP,niger,solde_budgetaire_pib,2004,-1.81
BCEAO/IMECO/HHHFP1098A0AP,niger,solde_budgetaire_pib,2005,-0.7
BCEAO/IMECO/HHHFP1098A0AP,niger,solde_budgetaire_pib,2006,29.62
BCEAO/IMECO/HHHFP1098A0AP,niger,solde_budgetaire_pib,2007,-0.68
BCEAO/IMECO/HHHFP1098A0AP,niger,solde_budgetaire_pib,2008,1.18
BCEAO/IMECO/HHHFP1098A0AP,niger,solde_budgetaire_pib,2009,-4.2
BCEAO/IMECO/HHHFP1098A0AP,niger,solde_budgetaire_pib,2010,-1.8
BCEAO/IMECO/HHHFP1098A0AP,niger,solde_budgetaire_pib,2011,-1.5
BCEAO/IMECO/HHHFP1098A0AP,niger,solde_budgetaire_pib,2012,-0.9
BCEAO/IMECO/HHHFP1098A0AP,niger,solde_budgetaire_pib,2013,-1.9
BCEAO/IMECO/HHHFP1098A0AP,niger,solde_budgetaire_pib,2014,-6.1
BCEAO/IMECO/HHHFP1098A0AP,niger,solde_budgetaire_pib,2015,-6.8
BCEAO/IMECO/HHHFP1098A0AP,niger,solde_budgetaire_pib,2016,-4.4
BCEAO/IMECO/HHHFP1098A0AP,niger,solde_budgetaire_pib,2017,-4.1
BCEAO/IMECO/HHHFP1098A0AP,niger,solde_budgetaire_pib,2018,-3.0
BCEAO/IMECO/HHHFP1098A0AP,niger,solde_budgetaire_pib,2019,-3.6
BCEAO/IMECO/HHHFP1098A0AP,niger,solde_budgetaire_pib,2020,-5.3
BCEAO/IMECO/HHHFP1098A0AP,niger,solde_budgetaire_pib,2021,-6.1
BCEAO/IMECO/HHHFP1098A0AP,niger,solde_budgetaire_pib,2022,-6.8
BCEAO/IMECO/HHHFP1098A0AP,niger,solde_budgetaire_pib,2023,-5.4
BCEAO/IMECO/HHHFP1098A0AP,niger,solde_budgetaire_pib,2024,-4.1
BCEAO/IMECO/KKKFP1098A0AP,senegal,solde_budgetaire_pib,2001,-1.44
BCEAO/IMECO/KKKFP1098A0AP,senegal,solde_budgetaire_pib,2002,-0.07
BCEAO/IMECO/KKKFP1098A0AP,senegal,solde_budgetaire_pib,2003,-1.02
BCEAO/IMECO/KKKFP1098A0AP,senegal,solde_budgetaire_pib,2004,-2.69
BCEAO/IMECO/KKKFP1098A0AP,senegal,solde_budgetaire_pib,2005,-2.34
BCEAO/IMECO/KKKFP1098A0AP,senegal,solde_budgetaire_pib,2006,-4.56
BCEAO/IMECO/KKKFP1098A0AP,senegal,solde_budgetaire_pib,2007,-2.79
BCEAO/IMECO/KKKFP1098A0AP,senegal,solde_budgetaire_pib,2008,-3.64
BCEAO/IMECO/KKKFP1098A0AP,senegal,solde_budgetaire_pib,2009,-3.87
BCEAO/IMECO/KKKFP1098A0AP,senegal,solde_budgetaire_pib,2010,-4.2
BCEAO/IMECO/KKKFP1098A0AP,senegal,solde_budgetaire_pib,2011,-5.4
BCEAO/IMECO/KKKFP1098A0AP,senegal,solde_budgetaire_pib,2012,-4.7
BCEAO/IMECO/KKKFP1098A0AP,senegal,solde_budgetaire_pib,2013,-4.3
BCEAO/IMECO/KKKFP1098A0AP,senegal,solde_budgetaire_pib,2014,-4.0
BCEAO/IMECO/KKKFP1098A0AP,senegal,solde_budgetaire_pib,2015,-3.7
BCEAO/IMECO/KKKFP1098A0AP,senegal,solde_budgetaire_pib,2016,-3.3
BCEAO/IMECO/KKKFP1098A0AP,senegal,solde_budgetaire_pib,2017,-3.0
BCEAO/IMECO/KKKFP1098A0AP,senegal,solde_budgetaire_pib,2018,-3.7
BCEAO/IMECO/KKKFP1098A0AP,senegal,solde_budgetaire_pib,2019,-8.8
BCEAO/IMECO/KKKFP1098A0AP,senegal,solde_budgetaire_pib,2020,-10.5
BCEAO/IMECO/KKKFP1098A0AP,senegal,solde_budgetaire_pib,2021,-10.1
BCEAO/IMECO/KKKFP1098A0AP,senegal,solde_budgetaire_pib,2022,-12.7
BCEAO/IMECO/KKKFP1098A0AP,senegal,solde_budgetaire_pib,2023,-12.3
BCEAO/IMECO/KKKFP1098A0AP,senegal,solde_budgetaire_pib,2024,-11.1
BCEAO/IMECO/TTTFP1098A0AP,togo,solde_budgetaire_pib,2001,-1.3
BCEAO/IMECO/TTTFP1098A0AP,togo,solde_budgetaire_pib,2002,-0.42
BCEAO/IMECO/TTTFP1098A0AP,togo,solde_budgetaire_pib,2003,0.98
BCEAO/IMECO/TTTFP1098A0AP,togo,solde_budgetaire_pib,2004,0.81
BCEAO/IMECO/TTTFP1098A0AP,togo,solde_budgetaire_pib,2005,-1.88
BCEAO/IMECO/TTTFP1098A0AP,togo,solde_budgetaire_pib,2006,-1.86
BCEAO/IMECO/TTTFP1098A0AP,togo,solde_budgetaire_pib,2007,-0.44
BCEAO/IMECO/TTTFP1098A0AP,togo,solde_budgetaire_pib,2008,-0.17
BCEAO/IMECO/TTTFP1098A0AP,togo,solde_budgetaire_pib,2009,-0.41
BCEAO/IMECO/TTTFP1098A0AP,togo,solde_budgetaire_pib,2010,0.2
BCEAO/IMECO/TTTFP1098A0AP,togo,solde_budgetaire_pib,2011,-0.8
BCEAO/IMECO/TTTFP1098A0AP,togo,solde_budgetaire_pib,2012,-4.2
BCEAO/IMECO/TTTFP1098A0AP,togo,solde_budgetaire_pib,2013,-3.2
BCEAO/IMECO/TTTFP1098A0AP,togo,solde_budgetaire_pib,2014,-2.4
BCEAO/IMECO/TTTFP1098A0AP,togo,solde_budgetaire_pib,2015,-4.5
BCEAO/IMECO/TTTFP1098A0AP,togo,solde_budgetaire_pib,2016,-6.1
BCEAO/IMECO/TTTFP1098A0AP,togo,solde_budgetaire_pib,2017,-0.2
BCEAO/IMECO/TTTFP1098A0AP,togo,solde_budgetaire_pib,2018,-0.6
BCEAO/IMECO/TTTFP1098A0AP,togo,solde_budgetaire_pib,2019,1.7
BCEAO/IMECO/TTTFP1098A0AP,togo,solde_budgetaire_pib,2020,-7.2
BCEAO/IMECO/TTTFP1098A0AP,togo,solde_budgetaire_pib,2021,-4.7
BCEAO/IMECO/TTTFP1098A0AP,togo,solde_budgetaire_pib,2022,-8.3
BCEAO/IMECO/TTTFP1098A0AP,togo,solde_budgetaire_pib,2023,-6.6
BCEAO/IMECO/TTTFP1098A0AP,togo,solde_budgetaire_pib,2024,-6.0
BCEAO/IMECO/ZZZFP1098A0AP,uemoa,solde_budgetaire_pib,2001,-1.19
BCEAO/IMECO/ZZZFP1098A0AP,uemoa,solde_budgetaire_pib,2002,-1.74
BCEAO/IMECO/ZZZFP1098A0AP,uemoa,solde_budgetaire_pib,2003,-1.69
BCEAO/IMECO/ZZZFP1098A0AP,uemoa,solde_budgetaire_pib,2004,-2.1
BCEAO/IMECO/ZZZFP1098A0AP,uemoa,solde_budgetaire_pib,2005,-2.26
BCEAO/IMECO/ZZZFP1098A0AP,uemoa,solde_budgetaire_pib,2006,3.04
BCEAO/IMECO/ZZZFP1098A0AP,uemoa,solde_budgetaire_pib,2007,-1.63
BCEAO/IMECO/ZZZFP1098A0AP,uemoa,solde_budgetaire_pib,2008,-1.96
BCEAO/IMECO/ZZZFP1098A0AP,uemoa,solde_budgetaire_pib,2009,-2.83
BCEAO/IMECO/ZZZFP1098A0AP,uemoa,solde_budgetaire_pib,2010,-2.3
BCEAO/IMECO/ZZZFP1098A0AP,uemoa,solde_budgetaire_pib,2011,-3.0
BCEAO/IMECO/ZZZFP1098A0AP,uemoa,solde_budgetaire_pib,2012,-2.4
BCEAO/IMECO/ZZZFP1098A0AP,uemoa,solde_budgetaire_pib,2013,-2.6
BCEAO/IMECO/ZZZFP1098A0AP,uemoa,solde_budgetaire_pib,2014,-2.5
BCEAO/IMECO/ZZZFP1098A0AP,uemoa,solde_budgetaire_pib,2015,-3.3
BCEAO/IMECO/ZZZFP1098A0AP,uemoa,solde_budgetaire_pib,2016,-3.5
BCEAO/IMECO/ZZZFP1098A0AP,uemoa,solde_budgetaire_pib,2017,-3.5
BCEAO/IMECO/ZZZFP1098A0AP,uemoa,solde_budgetaire_pib,2018,-3.2
BCEAO/IMECO/ZZZFP1098A0AP,uemoa,solde_budgetaire_pib,2019,-2.9
BCEAO/IMECO/ZZZFP1098A0AP,uemoa,solde_budgetaire_pib,2020,-6.3
BCEAO/IMECO/ZZZFP1098A0AP,uemoa,solde_budgetaire_pib,2021,-5.8
BCEAO/IMECO/ZZZFP1098A0AP,uemoa,solde_budgetaire_pib,2022,-7.7
BCEAO/IMECO/ZZZFP1098A0AP,uemoa,solde_budgetaire_pib,2023,-6.2
BCEAO/IMECO/ZZZFP1098A0AP,uemoa,solde_budgetaire_pib,2024,-5.1
BCEAO/IMECO/BBBFP1092A0AP,benin,pression_fiscale,2001,9.21
BCEAO/IMECO/BBBFP1092A0AP,benin,pression_fiscale,2002,9.71
BCEAO/IMECO/BBBFP1092A0AP,benin,pression_fiscale,2003,9.9
BCEAO/IMECO/BBBFP1092A0AP,benin,pression_fiscale,2004,9.54
BCEAO/IMECO/BBBFP1092A0AP,benin,pression_fiscale,2005,9.65
BCEAO/IMECO/BBBFP1092A0AP,benin,pression_fiscale,2006,10.31
BCEAO/IMECO/BBBFP1092A0AP,benin,pression_fiscale,2007,11.42
BCEAO/IMECO/BBBFP1092A0AP,benin,pression_fiscale,2008,11.73
BCEAO/IMECO/BBBFP1092A0AP,benin,pression_fiscale,2009,10.93
BCEAO/IMECO/BBBFP1092A0AP,benin,pression_fiscale,2010,11.2
BCEAO/IMECO/BBBFP1092A0AP,benin,pression_fiscale,2011,10.6
BCEAO/IMECO/BBBFP1092A0AP,benin,pression_fiscale,2012,10.5
BCEAO/IMECO/BBBFP1092A0AP,benin,pression_fiscale,2013,10.8
BCEAO/IMECO/BBBFP1092A0AP,benin,pression_fiscale,2014,10.7
BCEAO/IMECO/BBBFP1092A0AP,benin,pression_fiscale,2015,10.6
BCEAO/IMECO/BBBFP1092A0AP,benin,pression_fiscale,2016,9.2
BCEAO/IMECO/BBBFP1092A0AP,benin,pression_fiscale,2017,9.7
BCEAO/IMECO/BBBFP1092A0AP,benin,pression_fiscale,2018,10.2
BCEAO/IMECO/BBBFP1092A0AP,benin,pression_fiscale,2019,10.6
BCEAO/IMECO/BBBFP1092A0AP,benin,pression_fiscale,2020,10.5
BCEAO/IMECO/BBBFP1092A0AP,benin,pression_fiscale,2021,11.0
BCEAO/IMECO/BBBFP1092A0AP,benin,pression_fiscale,2022,12.2
BCEAO/IMECO/BBBFP1092A0AP,benin,pression_fiscale,2023,12.9
BCEAO/IMECO/BBBFP1092A0AP,benin,pression_fiscale,2024,13.2
BCEAO/IMECO/CCCFP1092A0AP,burkina,pression_fiscale,2001,9.12
BCEAO/IMECO/CCCFP1092A0AP,burkina,pression_fiscale,2002,9.59
BCEAO/IMECO/CCCFP1092A0AP,burkina,pression_fiscale,2003,9.82
BCEAO/IMECO/CCCFP1092A0AP,burkina,pression_fiscale,2004,11.08
BCEAO/IMECO/CCCFP1092A0AP,burkina,pression_fiscale,2005,10.39
BCEAO/IMECO/CCCFP1092A0AP,burkina,pression_fiscale,2006,10.59
BCEAO/IMECO/CCCFP1092A0AP,burkina,pression_fiscale,2007,11.1
BCEAO/IMECO/CCCFP1092A0AP,burkina,pression_fiscale,2008,10.55
BCEAO/IMECO/CCCFP1092A0AP,burkina,pression_fiscale,2009,11.13
BCEAO/IMECO/CCCFP1092A0AP,burkina,pression_fiscale,2010,11.3
BCEAO/IMECO/CCCFP1092A0AP,burkina,pression_fiscale,2011,12.2
BCEAO/IMECO/CCCFP1092A0AP,burkina,pression_fiscale,2012,13.9
BCEAO/IMECO/CCCFP1092A0AP,burkina,pression_fiscale,2013,15.0
BCEAO/IMECO/CCCFP1092A0AP,burkina,pression_fiscale,2014,13.7
BCEAO/IMECO/CCCFP1092A0AP,burkina,pression_fiscale,2015,13.3
BCEAO/IMECO/CCCFP1092A0AP,burkina,pression_fiscale,2016,14.1
BCEAO/IMECO/CCCFP1092A0AP,burkina,pression_fiscale,2017,15.1
BCEAO/IMECO/CCCFP1092A0AP,burkina,pression_fiscale,2018,15.3
BCEAO/IMECO/CCCFP1092A0AP,burkina,pression_fiscale,2019,15.7
BCEAO/IMECO/CCCFP1092A0AP,burkina,pression_fiscale,2020,13.5
BCEAO/IMECO/CCCFP1092A0AP,burkina,pression_fiscale,2021,15.5
BCEAO/IMECO/CCCFP1092A0AP,burkina,pression_fiscale,2022,17.3
BCEAO/IMECO/CCCFP1092A0AP,burkina,pression_fiscale,2023,18.0
BCEAO/IMECO/CCCFP1092A0AP,burkina,pression_fiscale,2024,18.6
BCEAO/IMECO/AAAFP1092A0AP,cote_ivoire,pression_fiscale,2001,10.3
BCEAO/IMECO/AAAFP1092A0AP,cote_ivoire,pression_fiscale,2002,10.59
BCEAO/IMECO/AAAFP1092A0AP,cote_ivoire,pression_fiscale,2003,9.68
BCEAO/IMECO/AAAFP1092A0AP,cote_ivoire,pression_fiscale,2004,10.27
BCEAO/IMECO/AAAFP1092A0AP,cote_ivoire,pression_fiscale,2005,10.04
BCEAO/IMECO/AAAFP1092A0AP,cote_ivoire,pression_fiscale,2006,10.6
BCEAO/IMECO/AAAFP1092A0AP,cote_ivoire,pression_fiscale,2007,10.89
BCEAO/IMECO/AAAFP1092A0AP,cote_ivoire,pression_fiscale,2008,10.85
BCEAO/IMECO/AAAFP1092A0AP,cote_ivoire,pression_fiscale,2009,11.92
BCEAO/IMECO/AAAFP1092A0AP,cote_ivoire,pression_fiscale,2010,11.3
BCEAO/IMECO/AAAFP1092A0AP,cote_ivoire,pression_fiscale,2011,8.9
BCEAO/IMECO/AAAFP1092A0AP,cote_ivoire,pression_fiscale,2012,11.7
BCEAO/IMECO/AAAFP1092A0AP,cote_ivoire,pression_fiscale,2013,11.3
BCEAO/IMECO/AAAFP1092A0AP,cote_ivoire,pression_fiscale,2014,10.7
BCEAO/IMECO/AAAFP1092A0AP,cote_ivoire,pression_fiscale,2015,10.9
BCEAO/IMECO/AAAFP1092A0AP,cote_ivoire,pression_fiscale,2016,11.7
BCEAO/IMECO/AAAFP1092A0AP,cote_ivoire,pression_fiscale,2017,11.3
BCEAO/IMECO/AAAFP1092A0AP,cote_ivoire,pression_fiscale,2018,11.2
BCEAO/IMECO/AAAFP1092A0AP,cote_ivoire,pression_fiscale,2019,11.2
BCEAO/IMECO/AAAFP1092A0AP,cote_ivoire,pression_fiscale,2020,11.4
BCEAO/IMECO/AAAFP1092A0AP,cote_ivoire,pression_fiscale,2021,12.6
BCEAO/IMECO/AAAFP1092A0AP,cote_ivoire,pression_fiscale,2022,12.8
BCEAO/IMECO/AAAFP1092A0AP,cote_ivoire,pression_fiscale,2023,13.6
BCEAO/IMECO/AAAFP1092A0AP,cote_ivoire,pression_fiscale,2024,14.4
BCEAO/IMECO/SSSFP1092A0AP,guinee_bissau,pression_fiscale,2001,5.36
BCEAO/IMECO/SSSFP1092A0AP,guinee_bissau,pression_fiscale,2002,3.68
BCEAO/IMECO/SSSFP1092A0AP,guinee_bissau,pression_fiscale,2003,3.71
BCEAO/IMECO/SSSFP1092A0AP,guinee_bissau,pression_fiscale,2004,3.84
BCEAO/IMECO/SSSFP1092A0AP,guinee_bissau,pression_fiscale,2005,5.43
BCEAO/IMECO/SSSFP1092A0AP,guinee_bissau,pression_fiscale,2006,5.58
BCEAO/IMECO/SSSFP1092A0AP,guinee_bissau,pression_fiscale,2007,5.22
BCEAO/IMECO/SSSFP1092A0AP,guinee_bissau,pression_fiscale,2008,4.92
BCEAO/IMECO/SSSFP1092A0AP,guinee_bissau,pression_fiscale,2009,6.35
BCEAO/IMECO/SSSFP1092A0AP,guinee_bissau,pression_fiscale,2010,7.1
BCEAO/IMECO/SSSFP1092A0AP,guinee_bissau,pression_fiscale,2011,7.4
BCEAO/IMECO/SSSFP1092A0AP,guinee_bissau,pression_fiscale,2012,7.3
BCEAO/IMECO/SSSFP1092A0AP,guinee_bissau,pression_fiscale,2013,6.5
BCEAO/IMECO/SSSFP1092A0AP,guinee_bissau,pression_fiscale,2014,7.9
BCEAO/IMECO/SSSFP1092A0AP,guinee_bissau,pression_fiscale,2015,9.1
BCEAO/IMECO/SSSFP1092A0AP,guinee_bissau,pression_fiscale,2016,8.6
BCEAO/IMECO/SSSFP1092A0AP,guinee_bissau,pression_fiscale,2017,9.5
BCEAO/IMECO/SSSFP1092A0AP,guinee_bissau,pression_fiscale,2018,9.0
BCEAO/IMECO/SSSFP1092A0AP,guinee_bissau,pression_fiscale,2019,8.5
BCEAO/IMECO/SSSFP1092A0AP,guinee_bissau,pression_fiscale,2020,7.0
BCEAO/IMECO/SSSFP1092A0AP,guinee_bissau,pression_fiscale,2021,8.9
BCEAO/IMECO/SSSFP1092A0AP,guinee_bissau,pression_fiscale,2022,8.5
BCEAO/IMECO/SSSFP1092A0AP,guinee_bissau,pression_fiscale,2023,8.7
BCEAO/IMECO/SSSFP1092A0AP,guinee_bissau,pression_fiscale,2024,8.8
BCEAO/IMECO/DDDFP1092A0AP,mali,pression_fiscale,2001,11.09
BCEAO/IMECO/DDDFP1092A0AP,mali,pression_fiscale,2002,11.29
BCEAO/IMECO/DDDFP1092A0AP,mali,pression_fiscale,2003,13.23
BCEAO/IMECO/DDDFP1092A0AP,mali,pression_fiscale,2004,13.56
BCEAO/IMECO/DDDFP1092A0AP,mali,pression_fiscale,2005,13.51
BCEAO/IMECO/DDDFP1092A0AP,mali,pression_fiscale,2006,13.27
BCEAO/IMECO/DDDFP1092A0AP,mali,pression_fiscale,2007,12.48
BCEAO/IMECO/DDDFP1092A0AP,mali,pression_fiscale,2008,11.9
BCEAO/IMECO/DDDFP1092A0AP,mali,pression_fiscale,2009,12.99
BCEAO/IMECO/DDDFP1092A0AP,mali,pression_fiscale,2010,12.9
BCEAO/IMECO/DDDFP1092A0AP,mali,pression_fiscale,2011,11.9
BCEAO/IMECO/DDDFP1092A0AP,mali,pression_fiscale,2012,11.9
BCEAO/IMECO/DDDFP1092A0AP,mali,pression_fiscale,2013,12.3
BCEAO/IMECO/DDDFP1092A0AP,mali,pression_fiscale,2014,12.6
BCEAO/IMECO/DDDFP1092A0AP,mali,pression_fiscale,2015,14.0
BCEAO/IMECO/DDDFP1092A0AP,mali,pression_fiscale,2016,12.5
BCEAO/IMECO/DDDFP1092A0AP,mali,pression_fiscale,2017,12.7
BCEAO/IMECO/DDDFP1092A0AP,mali,pression_fiscale,2018,10.0
BCEAO/IMECO/DDDFP1092A0AP,mali,pression_fiscale,2019,12.5
BCEAO/IMECO/DDDFP1092A0AP,mali,pression_fiscale,2020,12.1
BCEAO/IMECO/DDDFP1092A0AP,mali,pression_fiscale,2021,12.9
BCEAO/IMECO/DDDFP1092A0AP,mali,pression_fiscale,2022,11.4
BCEAO/IMECO/DDDFP1092A0AP,mali,pression_fiscale,2023,12.7
BCEAO/IMECO/DDDFP1092A0AP,mali,pression_fiscale,2024,13.7
BCEAO/IMECO/HHHFP1092A0AP,niger,pression_fiscale,2001,6.95
BCEAO/IMECO/HHHFP1092A0AP,niger,pression_fiscale,2002,7.35
BCEAO/IMECO/HHHFP1092A0AP,niger,pression_fiscale,2003,7.36
BCEAO/IMECO/HHHFP1092A0AP,niger,pression_fiscale,2004,8.07
BCEAO/IMECO/HHHFP1092A0AP,niger,pression_fiscale,2005,7.5
BCEAO/IMECO/HHHFP1092A0AP,niger,pression_fiscale,2006,7.85
BCEAO/IMECO/HHHFP1092A0AP,niger,pression_fiscale,2007,8.44
BCEAO/IMECO/HHHFP1092A0AP,niger,pression_fiscale,2008,8.66
BCEAO/IMECO/HHHFP1092A0AP,niger,pression_fiscale,2009,10.08
BCEAO/IMECO/HHHFP1092A0AP,niger,pression_fiscale,2010,9.6
BCEAO/IMECO/HHHFP1092A0AP,niger,pression_fiscale,2011,10.0
BCEAO/IMECO/HHHFP1092A0AP,niger,pression_fiscale,2012,10.6
BCEAO/IMECO/HHHFP1092A0AP,niger,pression_fiscale,2013,11.5
BCEAO/IMECO/HHHFP1092A0AP,niger,pression_fiscale,2014,11.8
BCEAO/IMECO/HHHFP1092A0AP,niger,pression_fiscale,2015,12.0
BCEAO/IMECO/HHHFP1092A0AP,niger,pression_fiscale,2016,9.8
BCEAO/IMECO/HHHFP1092A0AP,niger,pression_fiscale,2017,9.5
BCEAO/IMECO/HHHFP1092A0AP,niger,pression_fiscale,2018,11.1
BCEAO/IMECO/HHHFP1092A0AP,niger,pression_fiscale,2019,10.4
BCEAO/IMECO/HHHFP1092A0AP,niger,pression_fiscale,2020,9.6
BCEAO/IMECO/HHHFP1092A0AP,niger,pression_fiscale,2021,10.1
BCEAO/IMECO/HHHFP1092A0AP,niger,pression_fiscale,2022,9.4
BCEAO/IMECO/HHHFP1092A0AP,niger,pression_fiscale,2023,8.1
BCEAO/IMECO/HHHFP1092A0AP,niger,pression_fiscale,2024,7.1
BCEAO/IMECO/KKKFP1092A0AP,senegal,pression_fiscale,2001,12.1
BCEAO/IMECO/KKKFP1092A0AP,senegal,pression_fiscale,2002,12.95
BCEAO/IMECO/KKKFP1092A0AP,senegal,pression_fiscale,2003,13.31
BCEAO/IMECO/KKKFP1092A0AP,senegal,pression_fiscale,2004,13.9
BCEAO/IMECO/KKKFP1092A0AP,senegal,pression_fiscale,2005,14.66
BCEAO/IMECO/KKKFP1092A0AP,senegal,pression_fiscale,2006,15.09
BCEAO/IMECO/KKKFP1092A0AP,senegal,pression_fiscale,2007,15.55
BCEAO/IMECO/KKKFP1092A0AP,senegal,pression_fiscale,2008,14.46
BCEAO/IMECO/KKKFP1092A0AP,senegal,pression_fiscale,2009,14.28
BCEAO/IMECO/KKKFP1092A0AP,senegal,pression_fiscale,2010,15.0
BCEAO/IMECO/KKKFP1092A0AP,senegal,pression_fiscale,2011,15.3
BCEAO/IMECO/KKKFP1092A0AP,senegal,pression_fiscale,2012,15.0
BCEAO/IMECO/KKKFP1092A0AP,senegal,pression_fiscale,2013,14.4
BCEAO/IMECO/KKKFP1092A0AP,senegal,pression_fiscale,2014,15.2
BCEAO/IMECO/KKKFP1092A0AP,senegal,pression_fiscale,2015,15.2
BCEAO/IMECO/KKKFP1092A0AP,senegal,pression_fiscale,2016,15.9
BCEAO/IMECO/KKKFP1092A0AP,senegal,pression_fiscale,2017,15.1
BCEAO/IMECO/KKKFP1092A0AP,senegal,pression_fiscale,2018,15.5
BCEAO/IMECO/KKKFP1092A0AP,senegal,pression_fiscale,2019,17.6
BCEAO/IMECO/KKKFP1092A0AP,senegal,pression_fiscale,2020,16.8
BCEAO/IMECO/KKKFP1092A0AP,senegal,pression_fiscale,2021,17.0
BCEAO/IMECO/KKKFP1092A0AP,senegal,pression_fiscale,2022,18.2
BCEAO/IMECO/KKKFP1092A0AP,senegal,pression_fiscale,2023,18.8
BCEAO/IMECO/KKKFP1092A0AP,senegal,pression_fiscale,2024,17.5
BCEAO/IMECO/TTTFP1092A0AP,togo,pression_fiscale,2001,7.06
BCEAO/IMECO/TTTFP1092A0AP,togo,pression_fiscale,2002,6.91
BCEAO/IMECO/TTTFP1092A0AP,togo,pression_fiscale,2003,8.59
BCEAO/IMECO/TTTFP1092A0AP,togo,pression_fiscale,2004,9.57
BCEAO/IMECO/TTTFP1092A0AP,togo,pression_fiscale,2005,9.54
BCEAO/IMECO/TTTFP1092A0AP,togo,pression_fiscale,2006,10.32
BCEAO/IMECO/TTTFP1092A0AP,togo,pression_fiscale,2007,10.89
BCEAO/IMECO/TTTFP1092A0AP,togo,pression_fiscale,2008,10.34
BCEAO/IMECO/TTTFP1092A0AP,togo,pression_fiscale,2009,10.32
BCEAO/IMECO/TTTFP1092A0AP,togo,pression_fiscale,2010,10.5
BCEAO/IMECO/TTTFP1092A0AP,togo,pression_fiscale,2011,11.4
BCEAO/IMECO/TTTFP1092A0AP,togo,pression_fiscale,2012,11.9
BCEAO/IMECO/TTTFP1092A0AP,togo,pression_fiscale,2013,13.5
BCEAO/IMECO/TTTFP1092A0AP,togo,pression_fiscale,2014,14.5
BCEAO/IMECO/TTTFP1092A0AP,togo,pression_fiscale,2015,15.2
BCEAO/IMECO/TTTFP1092A0AP,togo,pression_fiscale,2016,15.8
BCEAO/IMECO/TTTFP1092A0AP,togo,pression_fiscale,2017,15.2
BCEAO/IMECO/TTTFP1092A0AP,togo,pression_fiscale,2018,14.0
BCEAO/IMECO/TTTFP1092A0AP,togo,pression_fiscale,2019,15.3
BCEAO/IMECO/TTTFP1092A0AP,togo,pression_fiscale,2020,15.4
BCEAO/IMECO/TTTFP1092A0AP,togo,pression_fiscale,2021,16.9
BCEAO/IMECO/TTTFP1092A0AP,togo,pression_fiscale,2022,16.9
BCEAO/IMECO/TTTFP1092A0AP,togo,pression_fiscale,2023,17.7
BCEAO/IMECO/TTTFP1092A0AP,togo,pression_fiscale,2024,18.3
BCEAO/IMECO/ZZZFP1092A0AP,uemoa,pression_fiscale,2001,9.68
BCEAO/IMECO/ZZZFP1092A0AP,uemoa,pression_fiscale,2002,10.29
BCEAO/IMECO/ZZZFP1092A0AP,uemoa,pression_fiscale,2003,10.31
BCEAO/IMECO/ZZZFP1092A0AP,uemoa,pression_fiscale,2004,10.68
BCEAO/IMECO/ZZZFP1092A0AP,uemoa,pression_fiscale,2005,10.61
BCEAO/IMECO/ZZZFP1092A0AP,uemoa,pression_fiscale,2006,10.71
BCEAO/IMECO/ZZZFP1092A0AP,uemoa,pression_fiscale,2007,11.04
BCEAO/IMECO/ZZZFP1092A0AP,uemoa,pression_fiscale,2008,11.42
BCEAO/IMECO/ZZZFP1092A0AP,uemoa,pression_fiscale,2009,11.99
BCEAO/IMECO/ZZZFP1092A0AP,uemoa,pression_fiscale,2010,11.9
BCEAO/IMECO/ZZZFP1092A0AP,uemoa,pression_fiscale,2011,11.1
BCEAO/IMECO/ZZZFP1092A0AP,uemoa,pression_fiscale,2012,12.3
BCEAO/IMECO/ZZZFP1092A0AP,uemoa,pression_fiscale,2013,12.3
BCEAO/IMECO/ZZZFP1092A0AP,uemoa,pression_fiscale,2014,12.2
BCEAO/IMECO/ZZZFP1092A0AP,uemoa,pression_fiscale,2015,12.4
BCEAO/IMECO/ZZZFP1092A0AP,uemoa,pression_fiscale,2016,12.5
BCEAO/IMECO/ZZZFP1092A0AP,uemoa,pression_fiscale,2017,12.3
BCEAO/IMECO/ZZZFP1092A0AP,uemoa,pression_fiscale,2018,12.1
BCEAO/IMECO/ZZZFP1092A0AP,uemoa,pression_fiscale,2019,12.8
BCEAO/IMECO/ZZZFP1092A0AP,uemoa,pression_fiscale,2020,12.4
BCEAO/IMECO/ZZZFP1092A0AP,uemoa,pression_fiscale,2021,13.4
BCEAO/IMECO/ZZZFP1092A0AP,uemoa,pression_fiscale,2022,13.7
BCEAO/IMECO/ZZZFP1092A0AP,uemoa,pression_fiscale,2023,14.4
BCEAO/IMECO/ZZZFP1092A0AP,uemoa,pression_fiscale,2024,14.6
BCEAO/IMECO/BBBSE1488A0AP,benin,balance_courante_pib,2005,-4.706
BCEAO/IMECO/BBBSE1488A0AP,benin,balance_courante_pib,2006,-4.22
BCEAO/IMECO/BBBSE1488A0AP,benin,balance_courante_pib,2007,-8.946
BCEAO/IMECO/BBBSE1488A0AP,benin,balance_courante_pib,2008,-7.515
BCEAO/IMECO/BBBSE1488A0AP,benin,balance_courante_pib,2009,-9.144
BCEAO/IMECO/BBBSE1488A0AP,benin,balance_courante_pib,2010,-5.6
BCEAO/IMECO/BBBSE1488A0AP,benin,balance_courante_pib,2011,-4.8
BCEAO/IMECO/BBBSE1488A0AP,benin,balance_courante_pib,2012,-5.2
BCEAO/IMECO/BBBSE1488A0AP,benin,balance_courante_pib,2013,-5.4
BCEAO/IMECO/BBBSE1488A0AP,benin,balance_courante_pib,2014,-6.7
BCEAO/IMECO/BBBSE1488A0AP,benin,balance_courante_pib,2015,-6.5
BCEAO/IMECO/BBBSE1488A0AP,benin,balance_courante_pib,2016,-6.8
BCEAO/IMECO/BBBSE1488A0AP,benin,balance_courante_pib,2017,-7.3
BCEAO/IMECO/BBBSE1488A0AP,benin,balance_courante_pib,2018,-4.5
BCEAO/IMECO/BBBSE1488A0AP,benin,balance_courante_pib,2019,-4.0
BCEAO/IMECO/BBBSE1488A0AP,benin,balance_courante_pib,2020,-1.7
BCEAO/IMECO/BBBSE1488A0AP,benin,balance_courante_pib,2021,-4.2
BCEAO/IMECO/BBBSE1488A0AP,benin,balance_courante_pib,2022,-6.0
BCEAO/IMECO/BBBSE1488A0AP,benin,balance_courante_pib,2023,-8.2
BCEAO/IMECO/BBBSE1488A0AP,benin,balance_courante_pib,2024,-8.0
BCEAO/IMECO/CCCSE1488A0AP,burkina,balance_courante_pib,2005,-11.612
BCEAO/IMECO/CCCSE1488A0AP,burkina,balance_courante_pib,2006,-9.344
BCEAO/IMECO/CCCSE1488A0AP,burkina,balance_courante_pib,2007,-8.27
BCEAO/IMECO/CCCSE1488A0AP,burkina,balance_courante_pib,2008,-11.507
BCEAO/IMECO/CCCSE1488A0AP,burkina,balance_courante_pib,2009,-4.541
BCEAO/IMECO/CCCSE1488A0AP,burkina,balance_courante_pib,2010,-1.8
BCEAO/IMECO/CCCSE1488A0AP,burkina,balance_courante_pib,2011,-1.3
BCEAO/IMECO/CCCSE1488A0AP,burkina,balance_courante_pib,2012,-1.3
BCEAO/IMECO/CCCSE1488A0AP,burkina,balance_courante_pib,2013,-10.0
BCEAO/IMECO/CCCSE1488A0AP,burkina,balance_courante_pib,2014,-7.2
BCEAO/IMECO/CCCSE1488A0AP,burkina,balance_courante_pib,2015,-7.6
BCEAO/IMECO/CCCSE1488A0AP,burkina,balance_courante_pib,2016,-6.1
BCEAO/IMECO/CCCSE1488A0AP,burkina,balance_courante_pib,2017,-6.4
BCEAO/IMECO/CCCSE1488A0AP,burkina,balance_courante_pib,2018,-4.2
BCEAO/IMECO/CCCSE1488A0AP,burkina,balance_courante_pib,2019,-3.3
BCEAO/IMECO/CCCSE1488A0AP,burkina,balance_courante_pib,2020,2.6
BCEAO/IMECO/CCCSE1488A0AP,burkina,balance_courante_pib,2021,0.4
BCEAO/IMECO/CCCSE1488A0AP,burkina,balance_courante_pib,2022,-7.5
BCEAO/IMECO/CCCSE1488A0AP,burkina,balance_courante_pib,2023,-4.9
BCEAO/IMECO/CCCSE1488A0AP,burkina,balance_courante_pib,2024,-4.3
BCEAO/IMECO/AAASE1488A0AP,cote_ivoire,balance_courante_pib,2005,0.232
BCEAO/IMECO/AAASE1488A0AP,cote_ivoire,balance_courante_pib,2006,2.691
BCEAO/IMECO/AAASE1488A0AP,cote_ivoire,balance_courante_pib,2007,-0.683
BCEAO/IMECO/AAASE1488A0AP,cote_ivoire,balance_courante_pib,2008,1.864
BCEAO/IMECO/AAASE1488A0AP,cote_ivoire,balance_courante_pib,2009,6.663
BCEAO/IMECO/AAASE1488A0AP,cote_ivoire,balance_courante_pib,2010,1.4
BCEAO/IMECO/AAASE1488A0AP,cote_ivoire,balance_courante_pib,2011,7.5
BCEAO/IMECO/AAASE1488A0AP,cote_ivoire,balance_courante_pib,2012,-0.9
BCEAO/IMECO/AAASE1488A0AP,cote_ivoire,balance_courante_pib,2013,-1.0
BCEAO/IMECO/AAASE1488A0AP,cote_ivoire,balance_courante_pib,2014,1.0
BCEAO/IMECO/AAASE1488A0AP,cote_ivoire,balance_courante_pib,2015,-0.4
BCEAO/IMECO/AAASE1488A0AP,cote_ivoire,balance_courante_pib,2016,-0.9
BCEAO/IMECO/AAASE1488A0AP,cote_ivoire,balance_courante_pib,2017,-2.0
BCEAO/IMECO/AAASE1488A0AP,cote_ivoire,balance_courante_pib,2018,-3.5
BCEAO/IMECO/AAASE1488A0AP,cote_ivoire,balance_courante_pib,2019,-2.2
BCEAO/IMECO/AAASE1488A0AP,cote_ivoire,balance_courante_pib,2020,-3.1
BCEAO/IMECO/AAASE1488A0AP,cote_ivoire,balance_courante_pib,2021,-3.9
BCEAO/IMECO/AAASE1488A0AP,cote_ivoire,balance_courante_pib,2022,-7.7
BCEAO/IMECO/AAASE1488A0AP,cote_ivoire,balance_courante_pib,2023,-8.3
BCEAO/IMECO/AAASE1488A0AP,cote_ivoire,balance_courante_pib,2024,-4.5
BCEAO/IMECO/SSSSE1488A0AP,guinee_bissau,balance_courante_pib,2005,-3.389
BCEAO/IMECO/SSSSE1488A0AP,guinee_bissau,balance_courante_pib,2006,-12.951
BCEAO/IMECO/SSSSE1488A0AP,guinee_bissau,balance_courante_pib,2007,-9.188
BCEAO/IMECO/SSSSE1488A0AP,guinee_bissau,balance_courante_pib,2008,-7.435
BCEAO/IMECO/SSSSE1488A0AP,guinee_bissau,balance_courante_pib,2009,-12.204
BCEAO/IMECO/SSSSE1488A0AP,guinee_bissau,balance_courante_pib,2010,-15.2
BCEAO/IMECO/SSSSE1488A0AP,guinee_bissau,balance_courante_pib,2011,-1.2
BCEAO/IMECO/SSSSE1488A0AP,guinee_bissau,balance_courante_pib,2012,-7.9
BCEAO/IMECO/SSSSE1488A0AP,guinee_bissau,balance_courante_pib,2013,-4.7
BCEAO/IMECO/SSSSE1488A0AP,guinee_bissau,balance_courante_pib,2014,0.6
BCEAO/IMECO/SSSSE1488A0AP,guinee_bissau,balance_courante_pib,2015,1.8
BCEAO/IMECO/SSSSE1488A0AP,guinee_bissau,balance_courante_pib,2016,1.4
BCEAO/IMECO/SSSSE1488A0AP,guinee_bissau,balance_courante_pib,2017,0.3
BCEAO/IMECO/SSSSE1488A0AP,guinee_bissau,balance_courante_pib,2018,-2.9
BCEAO/IMECO/SSSSE1488A0AP,guinee_bissau,balance_courante_pib,2019,-8.0
BCEAO/IMECO/SSSSE1488A0AP,guinee_bissau,balance_courante_pib,2020,-3.3
BCEAO/IMECO/SSSSE1488A0AP,guinee_bissau,balance_courante_pib,2021,-0.8
BCEAO/IMECO/SSSSE1488A0AP,guinee_bissau,balance_courante_pib,2022,-8.0
BCEAO/IMECO/SSSSE1488A0AP,guinee_bissau,balance_courante_pib,2023,-7.7
BCEAO/IMECO/SSSSE1488A0AP,guinee_bissau,balance_courante_pib,2024,-6.3
BCEAO/IMECO/DDDSE1488A0AP,mali,balance_courante_pib,2005,-7.978
BCEAO/IMECO/DDDSE1488A0AP,mali,balance_courante_pib,2006,-3.57
BCEAO/IMECO/DDDSE1488A0AP,mali,balance_courante_pib,2007,-8.133
BCEAO/IMECO/DDDSE1488A0AP,mali,balance_courante_pib,2008,-12.17
BCEAO/IMECO/DDDSE1488A0AP,mali,balance_courante_pib,2009,-7.305
BCEAO/IMECO/DDDSE1488A0AP,mali,balance_courante_pib,2010,-11.1
BCEAO/IMECO/DDDSE1488A0AP,mali,balance_courante_pib,2011,-5.1
BCEAO/IMECO/DDDSE1488A0AP,mali,balance_courante_pib,2012,-2.2
BCEAO/IMECO/DDDSE1488A0AP,mali,balance_courante_pib,2013,-2.8
BCEAO/IMECO/DDDSE1488A0AP,mali,balance_courante_pib,2014,-4.7
BCEAO/IMECO/DDDSE1488A0AP,mali,balance_courante_pib,2015,-5.3
BCEAO/IMECO/DDDSE1488A0AP,mali,balance_courante_pib,2016,-6.1
BCEAO/IMECO/DDDSE1488A0AP,mali,balance_courante_pib,2017,-6.6
BCEAO/IMECO/DDDSE1488A0AP,mali,balance_courante_pib,2018,-4.1
BCEAO/IMECO/DDDSE1488A0AP,mali,balance_courante_pib,2019,-6.3
BCEAO/IMECO/DDDSE1488A0AP,mali,balance_courante_pib,2020,-1.8
BCEAO/IMECO/DDDSE1488A0AP,mali,balance_courante_pib,2021,-6.4
BCEAO/IMECO/DDDSE1488A0AP,mali,balance_courante_pib,2022,-7.9
BCEAO/IMECO/DDDSE1488A0AP,mali,balance_courante_pib,2023,-6.5
BCEAO/IMECO/DDDSE1488A0AP,mali,balance_courante_pib,2024,-5.2
BCEAO/IMECO/HHHSE1488A0AP,niger,balance_courante_pib,2005,-9.246
BCEAO/IMECO/HHHSE1488A0AP,niger,balance_courante_pib,2006,-8.603
BCEAO/IMECO/HHHSE1488A0AP,niger,balance_courante_pib,2007,-8.2
BCEAO/IMECO/HHHSE1488A0AP,niger,balance_courante_pib,2008,-12.056
BCEAO/IMECO/HHHSE1488A0AP,niger,balance_courante_pib,2009,-24.459
BCEAO/IMECO/HHHSE1488A0AP,niger,balance_courante_pib,2010,-14.8
BCEAO/IMECO/HHHSE1488A0AP,niger,balance_courante_pib,2011,-16.6
BCEAO/IMECO/HHHSE1488A0AP,niger,balance_courante_pib,2012,-11.2
BCEAO/IMECO/HHHSE1488A0AP,niger,balance_courante_pib,2013,-11.3
BCEAO/IMECO/HHHSE1488A0AP,niger,balance_courante_pib,2014,-12.0
BCEAO/IMECO/HHHSE1488A0AP,niger,balance_courante_pib,2015,-15.4
BCEAO/IMECO/HHHSE1488A0AP,niger,balance_courante_pib,2016,-11.4
BCEAO/IMECO/HHHSE1488A0AP,niger,balance_courante_pib,2017,-11.4
BCEAO/IMECO/HHHSE1488A0AP,niger,balance_courante_pib,2018,-12.7
BCEAO/IMECO/HHHSE1488A0AP,niger,balance_courante_pib,2019,-12.2
BCEAO/IMECO/HHHSE1488A0AP,niger,balance_courante_pib,2020,-13.2
BCEAO/IMECO/HHHSE1488A0AP,niger,balance_courante_pib,2021,-14.1
BCEAO/IMECO/HHHSE1488A0AP,niger,balance_courante_pib,2022,-16.2
BCEAO/IMECO/HHHSE1488A0AP,niger,balance_courante_pib,2023,-14.0
BCEAO/IMECO/HHHSE1488A0AP,niger,balance_courante_pib,2024,-6.6
BCEAO/IMECO/KKKSE1488A0AP,senegal,balance_courante_pib,2005,-7.762
BCEAO/IMECO/KKKSE1488A0AP,senegal,balance_courante_pib,2006,-9.202
BCEAO/IMECO/KKKSE1488A0AP,senegal,balance_courante_pib,2007,-11.615
BCEAO/IMECO/KKKSE1488A0AP,senegal,balance_courante_pib,2008,-14.072
BCEAO/IMECO/KKKSE1488A0AP,senegal,balance_courante_pib,2009,-6.663
BCEAO/IMECO/KKKSE1488A0AP,senegal,balance_courante_pib,2010,-3.7
BCEAO/IMECO/KKKSE1488A0AP,senegal,balance_courante_pib,2011,-6.4
BCEAO/IMECO/KKKSE1488A0AP,senegal,balance_courante_pib,2012,-8.7
BCEAO/IMECO/KKKSE1488A0AP,senegal,balance_courante_pib,2013,-8.2
BCEAO/IMECO/KKKSE1488A0AP,senegal,balance_courante_pib,2014,-6.8
BCEAO/IMECO/KKKSE1488A0AP,senegal,balance_courante_pib,2015,-5.3
BCEAO/IMECO/KKKSE1488A0AP,senegal,balance_courante_pib,2016,-4.2
BCEAO/IMECO/KKKSE1488A0AP,senegal,balance_courante_pib,2017,-7.3
BCEAO/IMECO/KKKSE1488A0AP,senegal,balance_courante_pib,2018,-9.6
BCEAO/IMECO/KKKSE1488A0AP,senegal,balance_courante_pib,2019,-8.1
BCEAO/IMECO/KKKSE1488A0AP,senegal,balance_courante_pib,2020,-10.9
BCEAO/IMECO/KKKSE1488A0AP,senegal,balance_courante_pib,2021,-12.1
BCEAO/IMECO/KKKSE1488A0AP,senegal,balance_courante_pib,2022,-20.1
BCEAO/IMECO/KKKSE1488A0AP,senegal,balance_courante_pib,2023,-19.7
BCEAO/IMECO/KKKSE1488A0AP,senegal,balance_courante_pib,2024,-13.3
BCEAO/IMECO/TTTSE1488A0AP,togo,balance_courante_pib,2005,-8.94
BCEAO/IMECO/TTTSE1488A0AP,togo,balance_courante_pib,2006,-7.503
BCEAO/IMECO/TTTSE1488A0AP,togo,balance_courante_pib,2007,-8.114
BCEAO/IMECO/TTTSE1488A0AP,togo,balance_courante_pib,2008,-6.705
BCEAO/IMECO/TTTSE1488A0AP,togo,balance_courante_pib,2009,-5.249
BCEAO/IMECO/TTTSE1488A0AP,togo,balance_courante_pib,2010,-4.2
BCEAO/IMECO/TTTSE1488A0AP,togo,balance_courante_pib,2011,-5.6
BCEAO/IMECO/TTTSE1488A0AP,togo,balance_courante_pib,2012,-5.4
BCEAO/IMECO/TTTSE1488A0AP,togo,balance_courante_pib,2013,-9.4
BCEAO/IMECO/TTTSE1488A0AP,togo,balance_courante_pib,2014,-7.2
BCEAO/IMECO/TTTSE1488A0AP,togo,balance_courante_pib,2015,-8.2
BCEAO/IMECO/TTTSE1488A0AP,togo,balance_courante_pib,2016,-7.2
BCEAO/IMECO/TTTSE1488A0AP,togo,balance_courante_pib,2017,-1.5
BCEAO/IMECO/TTTSE1488A0AP,togo,balance_courante_pib,2018,-2.6
BCEAO/IMECO/TTTSE1488A0AP,togo,balance_courante_pib,2019,-0.8
BCEAO/IMECO/TTTSE1488A0AP,togo,balance_courante_pib,2020,-0.3
BCEAO/IMECO/TTTSE1488A0AP,togo,balance_courante_pib,2021,-2.2
BCEAO/IMECO/TTTSE1488A0AP,togo,balance_courante_pib,2022,-3.5
BCEAO/IMECO/TTTSE1488A0AP,togo,balance_courante_pib,2023,-4.0
BCEAO/IMECO/TTTSE1488A0AP,togo,balance_courante_pib,2024,-3.9
BCEAO/IMECO/ZZZSE1488A0AP,uemoa,balance_courante_pib,2005,-5.168
BCEAO/IMECO/ZZZSE1488A0AP,uemoa,balance_courante_pib,2006,-3.793
BCEAO/IMECO/ZZZSE1488A0AP,uemoa,balance_courante_pib,2007,-6.35
BCEAO/IMECO/ZZZSE1488A0AP,uemoa,balance_courante_pib,2008,-6.905
BCEAO/IMECO/ZZZSE1488A0AP,uemoa,balance_courante_pib,2009,-3.54
BCEAO/IMECO/ZZZSE1488A0AP,uemoa,balance_courante_pib,2010,-3.7
BCEAO/IMECO/ZZZSE1488A0AP,uemoa,balance_courante_pib,2011,-1.5
BCEAO/IMECO/ZZZSE1488A0AP,uemoa,balance_courante_pib,2012,-4.0
BCEAO/IMECO/ZZZSE1488A0AP,uemoa,balance_courante_pib,2013,-5.2
BCEAO/IMECO/ZZZSE1488A0AP,uemoa,balance_courante_pib,2014,-4.0
BCEAO/IMECO/ZZZSE1488A0AP,uemoa,balance_courante_pib,2015,-4.7
BCEAO/IMECO/ZZZSE1488A0AP,uemoa,balance_courante_pib,2016,-4.3
BCEAO/IMECO/ZZZSE1488A0AP,uemoa,balance_courante_pib,2017,-5.1
BCEAO/IMECO/ZZZSE1488A0AP,uemoa,balance_courante_pib,2018,-5.4
BCEAO/IMECO/ZZZSE1488A0AP,uemoa,balance_courante_pib,2019,-4.8
BCEAO/IMECO/ZZZSE1488A0AP,uemoa,balance_courante_pib,2020,-4.2
BCEAO/IMECO/ZZZSE1488A0AP,uemoa,balance_courante_pib,2021,-5.8
BCEAO/IMECO/ZZZSE1488A0AP,uemoa,balance_courante_pib,2022,-9.9
BCEAO/IMECO/ZZZSE1488A0AP,uemoa,balance_courante_pib,2023,-9.4
BCEAO/IMECO/ZZZSE1488A0AP,uemoa,balance_courante_pib,2024,-6.4
BCEAO/IMECO/BBBSF1412A0AP,benin,masse_monetaire,2004,458.116
BCEAO/IMECO/BBBSF1412A0AP,benin,masse_monetaire,2005,535.356
BCEAO/IMECO/BBBSF1412A0AP,benin,masse_monetaire,2006,681.118
BCEAO/IMECO/BBBSF1412A0AP,benin,masse_monetaire,2007,809.796
BCEAO/IMECO/BBBSF1412A0AP,benin,masse_monetaire,2008,1015.664
BCEAO/IMECO/BBBSF1412A0AP,benin,masse_monetaire,2009,1097.024
BCEAO/IMECO/BBBSF1412A0AP,benin,masse_monetaire,2010,1204.2
BCEAO/IMECO/BBBSF1412A0AP,benin,masse_monetaire,2011,1317.2
BCEAO/IMECO/BBBSF1412A0AP,benin,masse_monetaire,2012,1415.4
BCEAO/IMECO/BBBSF1412A0AP,benin,masse_monetaire,2013,1660.8
BCEAO/IMECO/BBBSF1412A0AP,benin,masse_monetaire,2014,1965.5
BCEAO/IMECO/BBBSF1412A0AP,benin,masse_monetaire,2015,2086.2
BCEAO/IMECO/BBBSF1412A0AP,benin,masse_monetaire,2016,2089.8
BCEAO/IMECO/BBBSF1412A0AP,benin,masse_monetaire,2017,2111.6
BCEAO/IMECO/BBBSF1412A0AP,benin,masse_monetaire,2018,2213.0
BCEAO/IMECO/BBBSF1412A0AP,benin,masse_monetaire,2019,2346.0
BCEAO/IMECO/BBBSF1412A0AP,benin,masse_monetaire,2020,2751.9
BCEAO/IMECO/BBBSF1412A0AP,benin,masse_monetaire,2021,3210.5
BCEAO/IMECO/BBBSF1412A0AP,benin,masse_monetaire,2022,3628.3
BCEAO/IMECO/BBBSF1412A0AP,benin,masse_monetaire,2023,3613.9
BCEAO/IMECO/BBBSF1412A0AP,benin,masse_monetaire,2024,3663.6
BCEAO/IMECO/CCCSF1412A0AP,burkina,masse_monetaire,2004,596.827
BCEAO/IMECO/CCCSF1412A0AP,burkina,masse_monetaire,2005,582.167
BCEAO/IMECO/CCCSF1412A0AP,burkina,masse_monetaire,2006,642.199
BCEAO/IMECO/CCCSF1412A0AP,burkina,masse_monetaire,2007,693.315
BCEAO/IMECO/CCCSF1412A0AP,burkina,masse_monetaire,2008,880.275
BCEAO/IMECO/CCCSF1412A0AP,burkina,masse_monetaire,2009,1086.731
BCEAO/IMECO/CCCSF1412A0AP,burkina,masse_monetaire,2010,1281.9
BCEAO/IMECO/CCCSF1412A0AP,burkina,masse_monetaire,2011,1466.3
BCEAO/IMECO/CCCSF1412A0AP,burkina,masse_monetaire,2012,1694.4
BCEAO/IMECO/CCCSF1412A0AP,burkina,masse_monetaire,2013,1878.3
BCEAO/IMECO/CCCSF1412A0AP,burkina,masse_monetaire,2014,2085.3
BCEAO/IMECO/CCCSF1412A0AP,burkina,masse_monetaire,2015,2490.1
BCEAO/IMECO/CCCSF1412A0AP,burkina,masse_monetaire,2016,2780.6
BCEAO/IMECO/CCCSF1412A0AP,burkina,masse_monetaire,2017,3366.7
BCEAO/IMECO/CCCSF1412A0AP,burkina,masse_monetaire,2018,3718.3
BCEAO/IMECO/CCCSF1412A0AP,burkina,masse_monetaire,2019,4056.4
BCEAO/IMECO/CCCSF1412A0AP,burkina,masse_monetaire,2020,4779.2
BCEAO/IMECO/CCCSF1412A0AP,burkina,masse_monetaire,2021,5585.1
BCEAO/IMECO/CCCSF1412A0AP,burkina,masse_monetaire,2022,5716.9
BCEAO/IMECO/CCCSF1412A0AP,burkina,masse_monetaire,2023,5552.0
BCEAO/IMECO/CCCSF1412A0AP,burkina,masse_monetaire,2024,5932.2
BCEAO/IMECO/AAASF1412A0AP,cote_ivoire,masse_monetaire,2004,1737.81
BCEAO/IMECO/AAASF1412A0AP,cote_ivoire,masse_monetaire,2005,1734.738
BCEAO/IMECO/AAASF1412A0AP,cote_ivoire,masse_monetaire,2006,1963.129
BCEAO/IMECO/AAASF1412A0AP,cote_ivoire,masse_monetaire,2007,2594.328
BCEAO/IMECO/AAASF1412A0AP,cote_ivoire,masse_monetaire,2008,2802.313
BCEAO/IMECO/AAASF1412A0AP,cote_ivoire,masse_monetaire,2009,3395.556
BCEAO/IMECO/AAASF1412A0AP,cote_ivoire,masse_monetaire,2010,4044.8
BCEAO/IMECO/AAASF1412A0AP,cote_ivoire,masse_monetaire,2011,4490.4
BCEAO/IMECO/AAASF1412A0AP,cote_ivoire,masse_monetaire,2012,4708.4
BCEAO/IMECO/AAASF1412A0AP,cote_ivoire,masse_monetaire,2013,5242.4
BCEAO/IMECO/AAASF1412A0AP,cote_ivoire,masse_monetaire,2014,5985.6
BCEAO/IMECO/AAASF1412A0AP,cote_ivoire,masse_monetaire,2015,7072.3
BCEAO/IMECO/AAASF1412A0AP,cote_ivoire,masse_monetaire,2016,7852.9
BCEAO/IMECO/AAASF1412A0AP,cote_ivoire,masse_monetaire,2017,8574.9
BCEAO/IMECO/AAASF1412A0AP,cote_ivoire,masse_monetaire,2018,9723.7
BCEAO/IMECO/AAASF1412A0AP,cote_ivoire,masse_monetaire,2019,10770.1
BCEAO/IMECO/AAASF1412A0AP,cote_ivoire,masse_monetaire,2020,13042.6
BCEAO/IMECO/AAASF1412A0AP,cote_ivoire,masse_monetaire,2021,15487.4
BCEAO/IMECO/AAASF1412A0AP,cote_ivoire,masse_monetaire,2022,16878.6
BCEAO/IMECO/AAASF1412A0AP,cote_ivoire,masse_monetaire,2023,17440.1
BCEAO/IMECO/AAASF1412A0AP,cote_ivoire,masse_monetaire,2024,19814.3
BCEAO/IMECO/SSSSF1412A0AP,guinee_bissau,masse_monetaire,2004,42.985
BCEAO/IMECO/SSSSF1412A0AP,guinee_bissau,masse_monetaire,2005,50.959
BCEAO/IMECO/SSSSF1412A0AP,guinee_bissau,masse_monetaire,2006,53.159
BCEAO/IMECO/SSSSF1412A0AP,guinee_bissau,masse_monetaire,2007,67.302
BCEAO/IMECO/SSSSF1412A0AP,guinee_bissau,masse_monetaire,2008,87.31
BCEAO/IMECO/SSSSF1412A0AP,guinee_bissau,masse_monetaire,2009,93.624
BCEAO/IMECO/SSSSF1412A0AP,guinee_bissau,masse_monetaire,2010,111.9
BCEAO/IMECO/SSSSF1412A0AP,guinee_bissau,masse_monetaire,2011,162.9
BCEAO/IMECO/SSSSF1412A0AP,guinee_bissau,masse_monetaire,2012,154.1
BCEAO/IMECO/SSSSF1412A0AP,guinee_bissau,masse_monetaire,2013,161.8
BCEAO/IMECO/SSSSF1412A0AP,guinee_bissau,masse_monetaire,2014,240.7
BCEAO/IMECO/SSSSF1412A0AP,guinee_bissau,masse_monetaire,2015,306.2
BCEAO/IMECO/SSSSF1412A0AP,guinee_bissau,masse_monetaire,2016,334.8
BCEAO/IMECO/SSSSF1412A0AP,guinee_bissau,masse_monetaire,2017,344.2
BCEAO/IMECO/SSSSF1412A0AP,guinee_bissau,masse_monetaire,2018,365.0
BCEAO/IMECO/SSSSF1412A0AP,guinee_bissau,masse_monetaire,2019,366.0
BCEAO/IMECO/SSSSF1412A0AP,guinee_bissau,masse_monetaire,2020,399.2
BCEAO/IMECO/SSSSF1412A0AP,guinee_bissau,masse_monetaire,2021,482.6
BCEAO/IMECO/SSSSF1412A0AP,guinee_bissau,masse_monetaire,2022,499.6
BCEAO/IMECO/SSSSF1412A0AP,guinee_bissau,masse_monetaire,2023,494.1
BCEAO/IMECO/SSSSF1412A0AP,guinee_bissau,masse_monetaire,2024,524.9
BCEAO/IMECO/DDDSF1412A0AP,mali,masse_monetaire,2004,724.169
BCEAO/IMECO/DDDSF1412A0AP,mali,masse_monetaire,2005,809.291
BCEAO/IMECO/DDDSF1412A0AP,mali,masse_monetaire,2006,888.883
BCEAO/IMECO/DDDSF1412A0AP,mali,masse_monetaire,2007,877.771
BCEAO/IMECO/DDDSF1412A0AP,mali,masse_monetaire,2008,763.225
BCEAO/IMECO/DDDSF1412A0AP,mali,masse_monetaire,2009,1084.773
BCEAO/IMECO/DDDSF1412A0AP,mali,masse_monetaire,2010,1261.9
BCEAO/IMECO/DDDSF1412A0AP,mali,masse_monetaire,2011,1425.0
BCEAO/IMECO/DDDSF1412A0AP,mali,masse_monetaire,2012,1645.6
BCEAO/IMECO/DDDSF1412A0AP,mali,masse_monetaire,2013,1780.5
BCEAO/IMECO/DDDSF1412A0AP,mali,masse_monetaire,2014,1883.7
BCEAO/IMECO/DDDSF1412A0AP,mali,masse_monetaire,2015,2079.4
BCEAO/IMECO/DDDSF1412A0AP,mali,masse_monetaire,2016,2302.9
BCEAO/IMECO/DDDSF1412A0AP,mali,masse_monetaire,2017,2386.5
BCEAO/IMECO/DDDSF1412A0AP,mali,masse_monetaire,2018,2744.4
BCEAO/IMECO/DDDSF1412A0AP,mali,masse_monetaire,2019,2991.8
BCEAO/IMECO/DDDSF1412A0AP,mali,masse_monetaire,2020,3657.1
BCEAO/IMECO/DDDSF1412A0AP,mali,masse_monetaire,2021,4320.0
BCEAO/IMECO/DDDSF1412A0AP,mali,masse_monetaire,2022,4783.1
BCEAO/IMECO/DDDSF1412A0AP,mali,masse_monetaire,2023,4729.1
BCEAO/IMECO/DDDSF1412A0AP,mali,masse_monetaire,2024,4812.0
BCEAO/IMECO/HHHSF1412A0AP,niger,masse_monetaire,2004,199.294
BCEAO/IMECO/HHHSF1412A0AP,niger,masse_monetaire,2005,208.796
BCEAO/IMECO/HHHSF1412A0AP,niger,masse_monetaire,2006,233.19
BCEAO/IMECO/HHHSF1412A0AP,niger,masse_monetaire,2007,340.924
BCEAO/IMECO/HHHSF1412A0AP,niger,masse_monetaire,2008,372.911
BCEAO/IMECO/HHHSF1412A0AP,niger,masse_monetaire,2009,450.079
BCEAO/IMECO/HHHSF1412A0AP,niger,masse_monetaire,2010,551.9
BCEAO/IMECO/HHHSF1412A0AP,niger,masse_monetaire,2011,589.6
BCEAO/IMECO/HHHSF1412A0AP,niger,masse_monetaire,2012,776.6
BCEAO/IMECO/HHHSF1412A0AP,niger,masse_monetaire,2013,852.3
BCEAO/IMECO/HHHSF1412A0AP,niger,masse_monetaire,2014,1064.6
BCEAO/IMECO/HHHSF1412A0AP,niger,masse_monetaire,2015,1113.4
BCEAO/IMECO/HHHSF1412A0AP,niger,masse_monetaire,2016,1210.0
BCEAO/IMECO/HHHSF1412A0AP,niger,masse_monetaire,2017,1150.4
BCEAO/IMECO/HHHSF1412A0AP,niger,masse_monetaire,2018,1126.2
BCEAO/IMECO/HHHSF1412A0AP,niger,masse_monetaire,2019,1295.8
BCEAO/IMECO/HHHSF1412A0AP,niger,masse_monetaire,2020,1516.2
BCEAO/IMECO/HHHSF1412A0AP,niger,masse_monetaire,2021,1663.8
BCEAO/IMECO/HHHSF1412A0AP,niger,masse_monetaire,2022,1862.1
BCEAO/IMECO/HHHSF1412A0AP,niger,masse_monetaire,2023,1844.9
BCEAO/IMECO/HHHSF1412A0AP,niger,masse_monetaire,2024,1972.5
BCEAO/IMECO/KKKSF1412A0AP,senegal,masse_monetaire,2004,1182.997
BCEAO/IMECO/KKKSF1412A0AP,senegal,masse_monetaire,2005,1293.286
BCEAO/IMECO/KKKSF1412A0AP,senegal,masse_monetaire,2006,1450.27
BCEAO/IMECO/KKKSF1412A0AP,senegal,masse_monetaire,2007,1637.981
BCEAO/IMECO/KKKSF1412A0AP,senegal,masse_monetaire,2008,1792.581
BCEAO/IMECO/KKKSF1412A0AP,senegal,masse_monetaire,2009,2029.592
BCEAO/IMECO/KKKSF1412A0AP,senegal,masse_monetaire,2010,2263.1
BCEAO/IMECO/KKKSF1412A0AP,senegal,masse_monetaire,2011,2432.7
BCEAO/IMECO/KKKSF1412A0AP,senegal,masse_monetaire,2012,2583.5
BCEAO/IMECO/KKKSF1412A0AP,senegal,masse_monetaire,2013,2795.2
BCEAO/IMECO/KKKSF1412A0AP,senegal,masse_monetaire,2014,3108.8
BCEAO/IMECO/KKKSF1412A0AP,senegal,masse_monetaire,2015,3708.5
BCEAO/IMECO/KKKSF1412A0AP,senegal,masse_monetaire,2016,4217.4
BCEAO/IMECO/KKKSF1412A0AP,senegal,masse_monetaire,2017,4607.7
BCEAO/IMECO/KKKSF1412A0AP,senegal,masse_monetaire,2018,5259.7
BCEAO/IMECO/KKKSF1412A0AP,senegal,masse_monetaire,2019,5692.0
BCEAO/IMECO/KKKSF1412A0AP,senegal,masse_monetaire,2020,6394.3
BCEAO/IMECO/KKKSF1412A0AP,senegal,masse_monetaire,2021,7375.2
BCEAO/IMECO/KKKSF1412A0AP,senegal,masse_monetaire,2022,8966.0
BCEAO/IMECO/KKKSF1412A0AP,senegal,masse_monetaire,2023,9827.6
BCEAO/IMECO/KKKSF1412A0AP,senegal,masse_monetaire,2024,10206.5
BCEAO/IMECO/TTTSF1412A0AP,togo,masse_monetaire,2004,293.265
BCEAO/IMECO/TTTSF1412A0AP,togo,masse_monetaire,2005,300.899
BCEAO/IMECO/TTTSF1412A0AP,togo,masse_monetaire,2006,372.756
BCEAO/IMECO/TTTSF1412A0AP,togo,masse_monetaire,2007,412.284
BCEAO/IMECO/TTTSF1412A0AP,togo,masse_monetaire,2008,514.869
BCEAO/IMECO/TTTSF1412A0AP,togo,masse_monetaire,2009,589.023
BCEAO/IMECO/TTTSF1412A0AP,togo,masse_monetaire,2010,675.8
BCEAO/IMECO/TTTSF1412A0AP,togo,masse_monetaire,2011,792.6
BCEAO/IMECO/TTTSF1412A0AP,togo,masse_monetaire,2012,872.8
BCEAO/IMECO/TTTSF1412A0AP,togo,masse_monetaire,2013,1020.7
BCEAO/IMECO/TTTSF1412A0AP,togo,masse_monetaire,2014,1057.7
BCEAO/IMECO/TTTSF1412A0AP,togo,masse_monetaire,2015,1277.5
BCEAO/IMECO/TTTSF1412A0AP,togo,masse_monetaire,2016,1435.7
BCEAO/IMECO/TTTSF1412A0AP,togo,masse_monetaire,2017,1578.7
BCEAO/IMECO/TTTSF1412A0AP,togo,masse_monetaire,2018,1726.0
BCEAO/IMECO/TTTSF1412A0AP,togo,masse_monetaire,2019,1804.3
BCEAO/IMECO/TTTSF1412A0AP,togo,masse_monetaire,2020,2013.3
BCEAO/IMECO/TTTSF1412A0AP,togo,masse_monetaire,2021,2260.5
BCEAO/IMECO/TTTSF1412A0AP,togo,masse_monetaire,2022,2607.8
BCEAO/IMECO/TTTSF1412A0AP,togo,masse_monetaire,2023,2781.9
BCEAO/IMECO/TTTSF1412A0AP,togo,masse_monetaire,2024,3022.7
BCEAO/IMECO/ZZZSF1412A0AP,uemoa,masse_monetaire,2004,5352.912
BCEAO/IMECO/ZZZSF1412A0AP,uemoa,masse_monetaire,2005,5611.004
BCEAO/IMECO/ZZZSF1412A0AP,uemoa,masse_monetaire,2006,6419.975
BCEAO/IMECO/ZZZSF1412A0AP,uemoa,masse_monetaire,2007,7616.544
BCEAO/IMECO/ZZZSF1412A0AP,uemoa,masse_monetaire,2008,8487.332
BCEAO/IMECO/ZZZSF1412A0AP,uemoa,masse_monetaire,2009,10078.994
BCEAO/IMECO/ZZZSF1412A0AP,uemoa,masse_monetaire,2010,11727.74
BCEAO/IMECO/ZZZSF1412A0AP,uemoa,masse_monetaire,2011,13072.75
BCEAO/IMECO/ZZZSF1412A0AP,uemoa,masse_monetaire,2012,14270.93
BCEAO/IMECO/ZZZSF1412A0AP,uemoa,masse_monetaire,2013,15845.21
BCEAO/IMECO/ZZZSF1412A0AP,uemoa,masse_monetaire,2014,17870.18
BCEAO/IMECO/ZZZSF1412A0AP,uemoa,masse_monetaire,2015,20531.2
BCEAO/IMECO/ZZZSF1412A0AP,uemoa,masse_monetaire,2016,22717.3
BCEAO/IMECO/ZZZSF1412A0AP,uemoa,masse_monetaire,2017,24649.8
BCEAO/IMECO/ZZZSF1412A0AP,uemoa,masse_monetaire,2018,27726.8
BCEAO/IMECO/ZZZSF1412A0AP,uemoa,masse_monetaire,2019,30600.5
BCEAO/IMECO/ZZZSF1412A0AP,uemoa,masse_monetaire,2020,35656.9
BCEAO/IMECO/ZZZSF1412A0AP,uemoa,masse_monetaire,2021,41458.8
BCEAO/IMECO/ZZZSF1412A0AP,uemoa,masse_monetaire,2022,46167.4
BCEAO/IMECO/ZZZSF1412A0AP,uemoa,masse_monetaire,2023,47790.8
BCEAO/IMECO/ZZZSF1412A0AP,uemoa,masse_monetaire,2024,52014.3
BCEAO/IMECO/BBBSF1582A0AP,benin,credit_economie_pib,2001,7.18
BCEAO/IMECO/BBBSF1582A0AP,benin,credit_economie_pib,2002,7.64
BCEAO/IMECO/BBBSF1582A0AP,benin,credit_economie_pib,2003,9.47
BCEAO/IMECO/BBBSF1582A0AP,benin,credit_economie_pib,2004,9.56
BCEAO/IMECO/BBBSF1582A0AP,benin,credit_economie_pib,2005,10.83
BCEAO/IMECO/BBBSF1582A0AP,benin,credit_economie_pib,2006,11.32
BCEAO/IMECO/BBBSF1582A0AP,benin,credit_economie_pib,2007,13.3
BCEAO/IMECO/BBBSF1582A0AP,benin,credit_economie_pib,2008,14.55
BCEAO/IMECO/BBBSF1582A0AP,benin,credit_economie_pib,2009,16.46
BCEAO/IMECO/BBBSF1582A0AP,benin,credit_economie_pib,2010,17.1
BCEAO/IMECO/BBBSF1582A0AP,benin,credit_economie_pib,2011,18.1
BCEAO/IMECO/BBBSF1582A0AP,benin,credit_economie_pib,2012,17.5
BCEAO/IMECO/BBBSF1582A0AP,benin,credit_economie_pib,2013,17.9
BCEAO/IMECO/BBBSF1582A0AP,benin,credit_economie_pib,2014,18.5
BCEAO/IMECO/BBBSF1582A0AP,benin,credit_economie_pib,2015,18.6
BCEAO/IMECO/BBBSF1582A0AP,benin,credit_economie_pib,2016,18.6
BCEAO/IMECO/BBBSF1582A0AP,benin,credit_economie_pib,2017,18.0
BCEAO/IMECO/BBBSF1582A0AP,benin,credit_economie_pib,2018,18.1
BCEAO/IMECO/BBBSF1582A0AP,benin,credit_economie_pib,2019,19.6
BCEAO/IMECO/BBBSF1582A0AP,benin,credit_economie_pib,2020,18.4
BCEAO/IMECO/BBBSF1582A0AP,benin,credit_economie_pib,2021,18.1
BCEAO/IMECO/BBBSF1582A0AP,benin,credit_economie_pib,2022,19.5
BCEAO/IMECO/BBBSF1582A0AP,benin,credit_economie_pib,2023,21.4
BCEAO/IMECO/BBBSF1582A0AP,benin,credit_economie_pib,2024,21.4
BCEAO/IMECO/CCCSF1582A0AP,burkina,credit_economie_pib,2001,10.68
BCEAO/IMECO/CCCSF1582A0AP,burkina,credit_economie_pib,2002,11.94
BCEAO/IMECO/CCCSF1582A0AP,burkina,credit_economie_pib,2003,12.4
BCEAO/IMECO/CCCSF1582A0AP,burkina,credit_economie_pib,2004,13.29
BCEAO/IMECO/CCCSF1582A0AP,burkina,credit_economie_pib,2005,14.67
BCEAO/IMECO/CCCSF1582A0AP,burkina,credit_economie_pib,2006,15.86
BCEAO/IMECO/CCCSF1582A0AP,burkina,credit_economie_pib,2007,14.98
BCEAO/IMECO/CCCSF1582A0AP,burkina,credit_economie_pib,2008,17.3
BCEAO/IMECO/CCCSF1582A0AP,burkina,credit_economie_pib,2009,16.54
BCEAO/IMECO/CCCSF1582A0AP,burkina,credit_economie_pib,2010,17.3
BCEAO/IMECO/CCCSF1582A0AP,burkina,credit_economie_pib,2011,18.1
BCEAO/IMECO/CCCSF1582A0AP,burkina,credit_economie_pib,2012,19.7
BCEAO/IMECO/CCCSF1582A0AP,burkina,credit_economie_pib,2013,23.5
BCEAO/IMECO/CCCSF1582A0AP,burkina,credit_economie_pib,2014,26.6
BCEAO/IMECO/CCCSF1582A0AP,burkina,credit_economie_pib,2015,28.9
BCEAO/IMECO/CCCSF1582A0AP,burkina,credit_economie_pib,2016,28.2
BCEAO/IMECO/CCCSF1582A0AP,burkina,credit_economie_pib,2017,28.9
BCEAO/IMECO/CCCSF1582A0AP,burkina,credit_economie_pib,2018,30.2
BCEAO/IMECO/CCCSF1582A0AP,burkina,credit_economie_pib,2019,31.0
BCEAO/IMECO/CCCSF1582A0AP,burkina,credit_economie_pib,2020,31.3
BCEAO/IMECO/CCCSF1582A0AP,burkina,credit_economie_pib,2021,32.6
BCEAO/IMECO/CCCSF1582A0AP,burkina,credit_economie_pib,2022,34.6
BCEAO/IMECO/CCCSF1582A0AP,burkina,credit_economie_pib,2023,34.6
BCEAO/IMECO/CCCSF1582A0AP,burkina,credit_economie_pib,2024,31.5
BCEAO/IMECO/AAASF1582A0AP,cote_ivoire,credit_economie_pib,2001,10.78
BCEAO/IMECO/AAASF1582A0AP,cote_ivoire,credit_economie_pib,2002,10.23
BCEAO/IMECO/AAASF1582A0AP,cote_ivoire,credit_economie_pib,2003,8.89
BCEAO/IMECO/AAASF1582A0AP,cote_ivoire,credit_economie_pib,2004,9.71
BCEAO/IMECO/AAASF1582A0AP,cote_ivoire,credit_economie_pib,2005,9.55
BCEAO/IMECO/AAASF1582A0AP,cote_ivoire,credit_economie_pib,2006,10.03
BCEAO/IMECO/AAASF1582A0AP,cote_ivoire,credit_economie_pib,2007,11.37
BCEAO/IMECO/AAASF1582A0AP,cote_ivoire,credit_economie_pib,2008,12.75
BCEAO/IMECO/AAASF1582A0AP,cote_ivoire,credit_economie_pib,2009,13.57
BCEAO/IMECO/AAASF1582A0AP,cote_ivoire,credit_economie_pib,2010,14.3
BCEAO/IMECO/AAASF1582A0AP,cote_ivoire,credit_economie_pib,2011,14.5
BCEAO/IMECO/AAASF1582A0AP,cote_ivoire,credit_economie_pib,2012,14.2
BCEAO/IMECO/AAASF1582A0AP,cote_ivoire,credit_economie_pib,2013,14.8
BCEAO/IMECO/AAASF1582A0AP,cote_ivoire,credit_economie_pib,2014,15.6
BCEAO/IMECO/AAASF1582A0AP,cote_ivoire,credit_economie_pib,2015,17.9
BCEAO/IMECO/AAASF1582A0AP,cote_ivoire,credit_economie_pib,2016,19.2
BCEAO/IMECO/AAASF1582A0AP,cote_ivoire,credit_economie_pib,2017,20.7
BCEAO/IMECO/AAASF1582A0AP,cote_ivoire,credit_economie_pib,2018,21.6
BCEAO/IMECO/AAASF1582A0AP,cote_ivoire,credit_economie_pib,2019,21.0
BCEAO/IMECO/AAASF1582A0AP,cote_ivoire,credit_economie_pib,2020,22.4
BCEAO/IMECO/AAASF1582A0AP,cote_ivoire,credit_economie_pib,2021,22.7
BCEAO/IMECO/AAASF1582A0AP,cote_ivoire,credit_economie_pib,2022,22.4
BCEAO/IMECO/AAASF1582A0AP,cote_ivoire,credit_economie_pib,2023,23.9
BCEAO/IMECO/AAASF1582A0AP,cote_ivoire,credit_economie_pib,2024,24.3
BCEAO/IMECO/SSSSF1582A0AP,guinee_bissau,credit_economie_pib,2001,1.47
BCEAO/IMECO/SSSSF1582A0AP,guinee_bissau,credit_economie_pib,2002,1.3
BCEAO/IMECO/SSSSF1582A0AP,guinee_bissau,credit_economie_pib,2003,0.83
BCEAO/IMECO/SSSSF1582A0AP,guinee_bissau,credit_economie_pib,2004,0.73
BCEAO/IMECO/SSSSF1582A0AP,guinee_bissau,credit_economie_pib,2005,1.0
BCEAO/IMECO/SSSSF1582A0AP,guinee_bissau,credit_economie_pib,2006,1.91
BCEAO/IMECO/SSSSF1582A0AP,guinee_bissau,credit_economie_pib,2007,2.9
BCEAO/IMECO/SSSSF1582A0AP,guinee_bissau,credit_economie_pib,2008,5.14
BCEAO/IMECO/SSSSF1582A0AP,guinee_bissau,credit_economie_pib,2009,5.58
BCEAO/IMECO/SSSSF1582A0AP,guinee_bissau,credit_economie_pib,2010,6.6
BCEAO/IMECO/SSSSF1582A0AP,guinee_bissau,credit_economie_pib,2011,10.2
BCEAO/IMECO/SSSSF1582A0AP,guinee_bissau,credit_economie_pib,2012,14.0
BCEAO/IMECO/SSSSF1582A0AP,guinee_bissau,credit_economie_pib,2013,13.3
BCEAO/IMECO/SSSSF1582A0AP,guinee_bissau,credit_economie_pib,2014,14.4
BCEAO/IMECO/SSSSF1582A0AP,guinee_bissau,credit_economie_pib,2015,8.3
BCEAO/IMECO/SSSSF1582A0AP,guinee_bissau,credit_economie_pib,2016,7.6
BCEAO/IMECO/SSSSF1582A0AP,guinee_bissau,credit_economie_pib,2017,11.8
BCEAO/IMECO/SSSSF1582A0AP,guinee_bissau,credit_economie_pib,2018,14.1
BCEAO/IMECO/SSSSF1582A0AP,guinee_bissau,credit_economie_pib,2019,14.9
BCEAO/IMECO/SSSSF1582A0AP,guinee_bissau,credit_economie_pib,2020,15.2
BCEAO/IMECO/SSSSF1582A0AP,guinee_bissau,credit_economie_pib,2021,14.8
BCEAO/IMECO/SSSSF1582A0AP,guinee_bissau,credit_economie_pib,2022,16.6
BCEAO/IMECO/SSSSF1582A0AP,guinee_bissau,credit_economie_pib,2023,15.1
BCEAO/IMECO/SSSSF1582A0AP,guinee_bissau,credit_economie_pib,2024,11.4
BCEAO/IMECO/DDDSF1582A0AP,mali,credit_economie_pib,2001,13.52
BCEAO/IMECO/DDDSF1582A0AP,mali,credit_economie_pib,2002,15.18
BCEAO/IMECO/DDDSF1582A0AP,mali,credit_economie_pib,2003,17.66
BCEAO/IMECO/DDDSF1582A0AP,mali,credit_economie_pib,2004,17.92
BCEAO/IMECO/DDDSF1582A0AP,mali,credit_economie_pib,2005,14.64
BCEAO/IMECO/DDDSF1582A0AP,mali,credit_economie_pib,2006,15.94
BCEAO/IMECO/DDDSF1582A0AP,mali,credit_economie_pib,2007,15.84
BCEAO/IMECO/DDDSF1582A0AP,mali,credit_economie_pib,2008,14.42
BCEAO/IMECO/DDDSF1582A0AP,mali,credit_economie_pib,2009,18.76
BCEAO/IMECO/DDDSF1582A0AP,mali,credit_economie_pib,2010,19.9
BCEAO/IMECO/DDDSF1582A0AP,mali,credit_economie_pib,2011,20.1
BCEAO/IMECO/DDDSF1582A0AP,mali,credit_economie_pib,2012,21.3
BCEAO/IMECO/DDDSF1582A0AP,mali,credit_economie_pib,2013,23.1
BCEAO/IMECO/DDDSF1582A0AP,mali,credit_economie_pib,2014,24.9
BCEAO/IMECO/DDDSF1582A0AP,mali,credit_economie_pib,2015,27.4
BCEAO/IMECO/DDDSF1582A0AP,mali,credit_economie_pib,2016,24.1
BCEAO/IMECO/DDDSF1582A0AP,mali,credit_economie_pib,2017,24.1
BCEAO/IMECO/DDDSF1582A0AP,mali,credit_economie_pib,2018,22.6
BCEAO/IMECO/DDDSF1582A0AP,mali,credit_economie_pib,2019,22.2
BCEAO/IMECO/DDDSF1582A0AP,mali,credit_economie_pib,2020,23.6
BCEAO/IMECO/DDDSF1582A0AP,mali,credit_economie_pib,2021,25.3
BCEAO/IMECO/DDDSF1582A0AP,mali,credit_economie_pib,2022,26.8
BCEAO/IMECO/DDDSF1582A0AP,mali,credit_economie_pib,2023,25.4
BCEAO/IMECO/DDDSF1582A0AP,mali,credit_economie_pib,2024,24.2
BCEAO/IMECO/HHHSF1582A0AP,niger,credit_economie_pib,2001,3.65
BCEAO/IMECO/HHHSF1582A0AP,niger,credit_economie_pib,2002,3.85
BCEAO/IMECO/HHHSF1582A0AP,niger,credit_economie_pib,2003,4.02
BCEAO/IMECO/HHHSF1582A0AP,niger,credit_economie_pib,2004,4.87
BCEAO/IMECO/HHHSF1582A0AP,niger,credit_economie_pib,2005,5.01
BCEAO/IMECO/HHHSF1582A0AP,niger,credit_economie_pib,2006,6.15
BCEAO/IMECO/HHHSF1582A0AP,niger,credit_economie_pib,2007,6.95
BCEAO/IMECO/HHHSF1582A0AP,niger,credit_economie_pib,2008,9.05
BCEAO/IMECO/HHHSF1582A0AP,niger,credit_economie_pib,2009,10.27
BCEAO/IMECO/HHHSF1582A0AP,niger,credit_economie_pib,2010,10.5
BCEAO/IMECO/HHHSF1582A0AP,niger,credit_economie_pib,2011,11.4
BCEAO/IMECO/HHHSF1582A0AP,niger,credit_economie_pib,2012,12.0
BCEAO/IMECO/HHHSF1582A0AP,niger,credit_economie_pib,2013,12.1
BCEAO/IMECO/HHHSF1582A0AP,niger,credit_economie_pib,2014,12.7
BCEAO/IMECO/HHHSF1582A0AP,niger,credit_economie_pib,2015,13.7
BCEAO/IMECO/HHHSF1582A0AP,niger,credit_economie_pib,2016,13.4
BCEAO/IMECO/HHHSF1582A0AP,niger,credit_economie_pib,2017,13.7
BCEAO/IMECO/HHHSF1582A0AP,niger,credit_economie_pib,2018,12.0
BCEAO/IMECO/HHHSF1582A0AP,niger,credit_economie_pib,2019,12.7
BCEAO/IMECO/HHHSF1582A0AP,niger,credit_economie_pib,2020,13.2
BCEAO/IMECO/HHHSF1582A0AP,niger,credit_economie_pib,2021,14.6
BCEAO/IMECO/HHHSF1582A0AP,niger,credit_economie_pib,2022,14.1
BCEAO/IMECO/HHHSF1582A0AP,niger,credit_economie_pib,2023,12.4
BCEAO/IMECO/HHHSF1582A0AP,niger,credit_economie_pib,2024,11.5
BCEAO/IMECO/KKKSF1582A0AP,senegal,credit_economie_pib,2001,13.75
BCEAO/IMECO/KKKSF1582A0AP,senegal,credit_economie_pib,2002,14.12
BCEAO/IMECO/KKKSF1582A0AP,senegal,credit_economie_pib,2003,15.43
BCEAO/IMECO/KKKSF1582A0AP,senegal,credit_economie_pib,2004,16.13
BCEAO/IMECO/KKKSF1582A0AP,senegal,credit_economie_pib,2005,18.38
BCEAO/IMECO/KKKSF1582A0AP,senegal,credit_economie_pib,2006,18.18
BCEAO/IMECO/KKKSF1582A0AP,senegal,credit_economie_pib,2007,18.33
BCEAO/IMECO/KKKSF1582A0AP,senegal,credit_economie_pib,2008,22.67
BCEAO/IMECO/KKKSF1582A0AP,senegal,credit_economie_pib,2009,23.57
BCEAO/IMECO/KKKSF1582A0AP,senegal,credit_economie_pib,2010,23.9
BCEAO/IMECO/KKKSF1582A0AP,senegal,credit_economie_pib,2011,26.4
BCEAO/IMECO/KKKSF1582A0AP,senegal,credit_economie_pib,2012,27.6
BCEAO/IMECO/KKKSF1582A0AP,senegal,credit_economie_pib,2013,29.9
BCEAO/IMECO/KKKSF1582A0AP,senegal,credit_economie_pib,2014,31.5
BCEAO/IMECO/KKKSF1582A0AP,senegal,credit_economie_pib,2015,31.7
BCEAO/IMECO/KKKSF1582A0AP,senegal,credit_economie_pib,2016,32.5
BCEAO/IMECO/KKKSF1582A0AP,senegal,credit_economie_pib,2017,34.5
BCEAO/IMECO/KKKSF1582A0AP,senegal,credit_economie_pib,2018,33.3
BCEAO/IMECO/KKKSF1582A0AP,senegal,credit_economie_pib,2019,33.5
BCEAO/IMECO/KKKSF1582A0AP,senegal,credit_economie_pib,2020,33.1
BCEAO/IMECO/KKKSF1582A0AP,senegal,credit_economie_pib,2021,33.5
BCEAO/IMECO/KKKSF1582A0AP,senegal,credit_economie_pib,2022,35.6
BCEAO/IMECO/KKKSF1582A0AP,senegal,credit_economie_pib,2023,34.7
BCEAO/IMECO/KKKSF1582A0AP,senegal,credit_economie_pib,2024,33.0
BCEAO/IMECO/TTTSF1582A0AP,togo,credit_economie_pib,2001,8.99
BCEAO/IMECO/TTTSF1582A0AP,togo,credit_economie_pib,2002,7.67
BCEAO/IMECO/TTTSF1582A0AP,togo,credit_economie_pib,2003,9.64
BCEAO/IMECO/TTTSF1582A0AP,togo,credit_economie_pib,2004,10.36
BCEAO/IMECO/TTTSF1582A0AP,togo,credit_economie_pib,2005,11.5
BCEAO/IMECO/TTTSF1582A0AP,togo,credit_economie_pib,2006,11.32
BCEAO/IMECO/TTTSF1582A0AP,togo,credit_economie_pib,2007,14.16
BCEAO/IMECO/TTTSF1582A0AP,togo,credit_economie_pib,2008,16.99
BCEAO/IMECO/TTTSF1582A0AP,togo,credit_economie_pib,2009,18.82
BCEAO/IMECO/TTTSF1582A0AP,togo,credit_economie_pib,2010,19.3
BCEAO/IMECO/TTTSF1582A0AP,togo,credit_economie_pib,2011,21.3
BCEAO/IMECO/TTTSF1582A0AP,togo,credit_economie_pib,2012,23.5
BCEAO/IMECO/TTTSF1582A0AP,togo,credit_economie_pib,2013,28.7
BCEAO/IMECO/TTTSF1582A0AP,togo,credit_economie_pib,2014,27.3
BCEAO/IMECO/TTTSF1582A0AP,togo,credit_economie_pib,2015,31.1
BCEAO/IMECO/TTTSF1582A0AP,togo,credit_economie_pib,2016,32.0
BCEAO/IMECO/TTTSF1582A0AP,togo,credit_economie_pib,2017,31.7
BCEAO/IMECO/TTTSF1582A0AP,togo,credit_economie_pib,2018,31.4
BCEAO/IMECO/TTTSF1582A0AP,togo,credit_economie_pib,2019,31.8
BCEAO/IMECO/TTTSF1582A0AP,togo,credit_economie_pib,2020,30.7
BCEAO/IMECO/TTTSF1582A0AP,togo,credit_economie_pib,2021,30.8
BCEAO/IMECO/TTTSF1582A0AP,togo,credit_economie_pib,2022,32.6
BCEAO/IMECO/TTTSF1582A0AP,togo,credit_economie_pib,2023,34.9
BCEAO/IMECO/TTTSF1582A0AP,togo,credit_economie_pib,2024,30.1
BCEAO/IMECO/ZZZSF1582A0AP,uemoa,credit_economie_pib,2001,10.16
BCEAO/IMECO/ZZZSF1582A0AP,uemoa,credit_economie_pib,2002,10.48
BCEAO/IMECO/ZZZSF1582A0AP,uemoa,credit_economie_pib,2003,10.74
BCEAO/IMECO/ZZZSF1582A0AP,uemoa,credit_economie_pib,2004,11.25
BCEAO/IMECO/ZZZSF1582A0AP,uemoa,credit_economie_pib,2005,11.59
BCEAO/IMECO/ZZZSF1582A0AP,uemoa,credit_economie_pib,2006,11.78
BCEAO/IMECO/ZZZSF1582A0AP,uemoa,credit_economie_pib,2007,12.6
BCEAO/IMECO/ZZZSF1582A0AP,uemoa,credit_economie_pib,2008,16.16
BCEAO/IMECO/ZZZSF1582A0AP,uemoa,credit_economie_pib,2009,17.31
BCEAO/IMECO/ZZZSF1582A0AP,uemoa,credit_economie_pib,2010,18.1
BCEAO/IMECO/ZZZSF1582A0AP,uemoa,credit_economie_pib,2011,19.2
BCEAO/IMECO/ZZZSF1582A0AP,uemoa,credit_economie_pib,2012,19.8
BCEAO/IMECO/ZZZSF1582A0AP,uemoa,credit_economie_pib,2013,21.1
BCEAO/IMECO/ZZZSF1582A0AP,uemoa,credit_economie_pib,2014,22.4
BCEAO/IMECO/ZZZSF1582A0AP,uemoa,credit_economie_pib,2015,24.3
BCEAO/IMECO/ZZZSF1582A0AP,uemoa,credit_economie_pib,2016,24.4
BCEAO/IMECO/ZZZSF1582A0AP,uemoa,credit_economie_pib,2017,25.2
BCEAO/IMECO/ZZZSF1582A0AP,uemoa,credit_economie_pib,2018,25.7
BCEAO/IMECO/ZZZSF1582A0AP,uemoa,credit_economie_pib,2019,25.7
BCEAO/IMECO/ZZZSF1582A0AP,uemoa,credit_economie_pib,2020,26.0
BCEAO/IMECO/ZZZSF1582A0AP,uemoa,credit_economie_pib,2021,26.6
BCEAO/IMECO/ZZZSF1582A0AP,uemoa,credit_economie_pib,2022,27.6
BCEAO/IMECO/ZZZSF1582A0AP,uemoa,credit_economie_pib,2023,27.9
BCEAO/IMECO/ZZZSF1582A0AP,uemoa,credit_economie_pib,2024,26.7
BCEAO/TC_A/ZZZSF3100A0GP,uemoa,taux_change_usd,1960,245.184
BCEAO/TC_A/ZZZSF3100A0GP,uemoa,taux_change_usd,1961,245.275
BCEAO/TC_A/ZZZSF3100A0GP,uemoa,taux_change_usd,1962,245.016
BCEAO/TC_A/ZZZSF3100A0GP,uemoa,taux_change_usd,1963,245.013
BCEAO/TC_A/ZZZSF3100A0GP,uemoa,taux_change_usd,1964,245.025
BCEAO/TC_A/ZZZSF3100A0GP,uemoa,taux_change_usd,1965,245.071
BCEAO/TC_A/ZZZSF3100A0GP,uemoa,taux_change_usd,1966,245.811
BCEAO/TC_A/ZZZSF3100A0GP,uemoa,taux_change_usd,1967,245.961
BCEAO/TC_A/ZZZSF3100A0GP,uemoa,taux_change_usd,1968,247.675
BCEAO/TC_A/ZZZSF3100A0GP,uemoa,taux_change_usd,1969,260.748
BCEAO/TC_A/ZZZSF3100A0GP,uemoa,taux_change_usd,1970,276.281
BCEAO/TC_A/ZZZSF3100A0GP,uemoa,taux_change_usd,1971,274.994
BCEAO/TC_A/ZZZSF3100A0GP,uemoa,taux_change_usd,1972,251.963
BCEAO/TC_A/ZZZSF3100A0GP,uemoa,taux_change_usd,1973,222.284
BCEAO/TC_A/ZZZSF3100A0GP,uemoa,taux_change_usd,1974,239.286
BCEAO/TC_A/ZZZSF3100A0GP,uemoa,taux_change_usd,1975,214.767
BCEAO/TC_A/ZZZSF3100A0GP,uemoa,taux_change_usd,1976,239.541
BCEAO/TC_A/ZZZSF3100A0GP,uemoa,taux_change_usd,1977,245.248
BCEAO/TC_A/ZZZSF3100A0GP,uemoa,taux_change_usd,1978,222.626
BCEAO/TC_A/ZZZSF3100A0GP,uemoa,taux_change_usd,1979,211.998
BCEAO/TC_A/ZZZSF3100A0GP,uemoa,taux_change_usd,1980,212.488
BCEAO/TC_A/ZZZSF3100A0GP,uemoa,taux_change_usd,1981,273.191
BCEAO/TC_A/ZZZSF3100A0GP,uemoa,taux_change_usd,1982,330.055
BCEAO/TC_A/ZZZSF3100A0GP,uemoa,taux_change_usd,1983,384.492
BCEAO/TC_A/ZZZSF3100A0GP,uemoa,taux_change_usd,1984,439.295
BCEAO/TC_A/ZZZSF3100A0GP,uemoa,taux_change_usd,1985,441.27
BCEAO/TC_A/ZZZSF3100A0GP,uemoa,taux_change_usd,1986,342.897
BCEAO/TC_A/ZZZSF3100A0GP,uemoa,taux_change_usd,1987,297.639
BCEAO/TC_A/ZZZSF3100A0GP,uemoa,taux_change_usd,1988,299.1
BCEAO/TC_A/ZZZSF3100A0GP,uemoa,taux_change_usd,1989,316.933
BCEAO/TC_A/ZZZSF3100A0GP,uemoa,taux_change_usd,1990,271.671
BCEAO/TC_A/ZZZSF3100A0GP,uemoa,taux_change_usd,1991,282.791
BCEAO/TC_A/ZZZSF3100A0GP,uemoa,taux_change_usd,1992,264.592
BCEAO/TC_A/ZZZSF3100A0GP,uemoa,taux_change_usd,1993,283.393
BCEAO/TC_A/ZZZSF3100A0GP,uemoa,taux_change_usd,1994,555.492
BCEAO/TC_A/ZZZSF3100A0GP,uemoa,taux_change_usd,1995,499.333
BCEAO/TC_A/ZZZSF3100A0GP,uemoa,taux_change_usd,1996,511.53
BCEAO/TC_A/ZZZSF3100A0GP,uemoa,taux_change_usd,1997,583.503
BCEAO/TC_A/ZZZSF3100A0GP,uemoa,taux_change_usd,1998,590.158
BCEAO/TC_A/ZZZSF3100A0GP,uemoa,taux_change_usd,1999,615.358
BCEAO/TC_A/ZZZSF3100A0GP,uemoa,taux_change_usd,2000,711.637
BCEAO/TC_A/ZZZSF3100A0GP,uemoa,taux_change_usd,2001,732.892
BCEAO/TC_A/ZZZSF3100A0GP,uemoa,taux_change_usd,2002,696.867
BCEAO/TC_A/ZZZSF3100A0GP,uemoa,taux_change_usd,2003,581.538
BCEAO/TC_A/ZZZSF3100A0GP,uemoa,taux_change_usd,2004,528.278
BCEAO/TC_A/ZZZSF3100A0GP,uemoa,taux_change_usd,2005,527.569
BCEAO/TC_A/ZZZSF3100A0GP,uemoa,taux_change_usd,2006,523.132
BCEAO/TC_A/ZZZSF3100A0GP,uemoa,taux_change_usd,2007,479.502
BCEAO/TC_A/ZZZSF3100A0GP,uemoa,taux_change_usd,2008,446.05
BCEAO/TC_A/ZZZSF3100A0GP,uemoa,taux_change_usd,2009,470.81
BCEAO/TC_A/ZZZSF3100A0GP,uemoa,taux_change_usd,2010,494.39
BCEAO/TC_A/ZZZSF3100A0GP,uemoa,taux_change_usd,2011,471.33
BCEAO/TC_A/ZZZSF3100A0GP,uemoa,taux_change_usd,2012,510.23
BCEAO/TC_A/ZZZSF3100A0GP,uemoa,taux_change_usd,2013,493.888
BCEAO/TC_A/ZZZSF3100A0GP,uemoa,taux_change_usd,2014,493.631
BCEAO/TC_A/ZZZSF3100A0GP,uemoa,taux_change_usd,2015,591.45
BCEAO/TC_A/ZZZSF3100A0GP,uemoa,taux_change_usd,2016,593.008
BCEAO/TC_A/ZZZSF3100A0GP,uemoa,taux_change_usd,2017,582.025
BCEAO/TC_A/ZZZSF3100A0GP,uemoa,taux_change_usd,2018,555.581
BCEAO/TC_A/ZZZSF3100A0GP,uemoa,taux_change_usd,2019,585.67
BCEAO/TC_A/ZZZSF3100A0GP,uemoa,taux_change_usd,2020,575.59
BCEAO/TC_A/ZZZSF3100A0GP,uemoa,taux_change_usd,2021,554.53
BCEAO/TC_A/ZZZSF3100A0GP,uemoa,taux_change_usd,2022,623.76
BCEAO/TC_A/ZZZSF3100A0GP,uemoa,taux_change_usd,2023,606.56
BCEAO/TC_A/ZZZSF3100A0GP,uemoa,taux_change_usd,2024,606.35
